collected_at_utc,ticker,label,asset_class,currency,source,price,prev_close,chg_1d_pct,chg_5d_pct,chg_1m_pct,chg_3m_pct,vol20_ann_pct,market_date,stale
2026-08-28T09:25:49+00:00,^GSPC,S&P 500,equity,USD,carry,7671.13,7691.76,,,,,,,1
2026-08-28T09:25:49+00:00,^DJI,Dow Jones,equity,USD,carry,53454.63,53343.4,,,,,,,1
2026-08-28T09:25:49+00:00,^IXIC,Nasdaq Composite,equity,USD,carry,26131.762,26289.71,,,,,,,1
2026-08-28T09:25:49+00:00,^RUT,Russell 2000,equity,USD,carry,3007.096,3017.89,,,,,,,1
2026-08-28T09:25:49+00:00,FTSEMIB.MI,FTSE MIB,equity,EUR,carry,52732.33,53018.0,,,,,,,1
2026-08-28T09:25:49+00:00,^FTSE,FTSE 100 UK,equity,GBP,carry,10886.34,10728.0,,,,,,,1
2026-08-28T09:25:49+00:00,^GDAXI,DAX Germania,equity,EUR,carry,26293.18,26128.36,,,,,,,1
2026-08-28T09:25:49+00:00,^FCHI,CAC 40 Francia,equity,EUR,carry,8452.28,8501.91,,,,,,,1
2026-08-28T09:25:49+00:00,^STOXX50E,Euro Stoxx 50,equity,,carry,6461.45,6444.46,,,,,,,1
2026-08-28T09:25:49+00:00,^N225,Nikkei 225,equity,JPY,carry,65856.43,65326.42,,,,,,,1
2026-08-28T09:25:49+00:00,^HSI,Hang Seng,equity,HKD,carry,25511.1,25471.15,,,,,,,1
2026-08-28T09:25:49+00:00,000001.SS,Shanghai Composite,equity,CNY,carry,3889.445,3894.422,,,,,,,1
2026-08-28T09:25:49+00:00,^BVSP,Bovespa Brasile,equity,BRL,carry,172458.62,166335.0,,,,,,,1
2026-08-28T09:25:49+00:00,^VIX,VIX (volatilita),vol,USD,carry,15.64,14.89,,,,,,,1
2026-08-28T09:25:49+00:00,BTC-USD,Bitcoin,crypto,USD,coingecko,79395.14697081245,79018.034058,0.477,2.165,22.373,32.428,41.65,2026-08-28,0
2026-08-28T09:25:49+00:00,ETH-USD,Ethereum,crypto,USD,coingecko,2491.6983691551804,2506.343106,-0.584,1.19,30.252,58.511,70.84,2026-08-28,0
2026-08-28T09:25:49+00:00,SOL-USD,Solana,crypto,USD,coingecko,106.30660650736418,102.048904,4.172,11.424,44.404,50.993,55.15,2026-08-28,0
2026-08-28T09:25:49+00:00,GC=F,Oro (futures),commodity,USD,carry,4693.0,4516.3,,,,,,,1
2026-08-28T09:25:49+00:00,SI=F,Argento (futures),commodity,USD,carry,68.29,68.026,,,,,,,1
2026-08-28T09:25:49+00:00,CL=F,Petrolio WTI (futures),commodity,USD,carry,82.33,87.83,,,,,,,1
2026-08-28T09:25:49+00:00,BZ=F,Petrolio Brent (futures),commodity,USD,carry,87.74,93.78,,,,,,,1
2026-08-28T09:25:49+00:00,NG=F,Gas naturale (futures),commodity,USD,carry,2.793,2.733,,,,,,,1
2026-08-28T09:25:49+00:00,HG=F,Rame (futures),commodity,USD,carry,6.668,6.46,,,,,,,1
2026-08-28T09:25:49+00:00,EURUSD=X,EUR/USD,fx,USD,carry,1.1678,1.1579,,,,,,,1
2026-08-28T09:25:49+00:00,GBPUSD=X,GBP/USD,fx,USD,carry,1.3639,1.3537,,,,,,,1
2026-08-28T09:25:49+00:00,JPY=X,USD/JPY,fx,JPY,carry,159.214,159.55,,,,,,,1
2026-08-28T09:25:49+00:00,DX-Y.NYB,Indice dollaro DXY,fx,USD,carry,98.962,98.9,,,,,,,1
2026-08-28T09:25:49+00:00,^TNX,US 10Y Treasury Yield,rate,USD,carry,4.647,4.653,,,,,,,1
2026-08-28T09:50:17+00:00,^GSPC,S&P 500,equity,PCT,fred,7730.99,7675.7,0.72,1.176,5.67,1.991,10.69,2026-08-27,1
2026-08-28T09:50:17+00:00,^DJI,Dow Jones,equity,PCT,fred,53569.44,53463.88,0.197,1.536,3.829,4.971,11.0,2026-08-27,1
2026-08-28T09:50:17+00:00,^IXIC,Nasdaq Composite,equity,PCT,fred,26541.35,26130.2,1.573,1.819,8.585,-1.599,16.74,2026-08-27,1
2026-08-28T09:50:17+00:00,^RUT,Russell 2000,equity,USD,carry,3007.096,3017.89,,,,,,,1
2026-08-28T09:50:17+00:00,^VIX,VIX (volatilita),vol,PCT,fred,15.21,15.45,-1.553,2.149,-16.474,-5.234,90.62,2026-08-26,1
2026-08-28T09:50:17+00:00,FTSEMIB.MI,FTSE MIB,equity,EUR,carry,52732.33,53018.0,,,,,,,1
2026-08-28T09:50:17+00:00,^FTSE,FTSE 100 UK,equity,GBP,carry,10886.34,10728.0,,,,,,,1
2026-08-28T09:50:17+00:00,^GDAXI,DAX Germania,equity,EUR,carry,26293.18,26128.36,,,,,,,1
2026-08-28T09:50:17+00:00,^FCHI,CAC 40 Francia,equity,EUR,carry,8452.28,8501.91,,,,,,,1
2026-08-28T09:50:17+00:00,^STOXX50E,Euro Stoxx 50,equity,,carry,6461.45,6444.46,,,,,,,1
2026-08-28T09:50:17+00:00,^N225,Nikkei 225,equity,JPY,carry,65856.43,65326.42,,,,,,,1
2026-08-28T09:50:17+00:00,^HSI,Hang Seng,equity,HKD,carry,25511.1,25471.15,,,,,,,1
2026-08-28T09:50:17+00:00,000001.SS,Shanghai Composite,equity,CNY,carry,3889.445,3894.422,,,,,,,1
2026-08-28T09:50:17+00:00,^BVSP,Bovespa Brasile,equity,BRL,carry,172458.62,166335.0,,,,,,,1
2026-08-28T09:50:17+00:00,BTC-USD,Bitcoin,crypto,USD,coingecko,79293.54525360905,79018.034058,0.349,2.035,22.216,32.259,41.74,2026-08-28,0
2026-08-28T09:50:17+00:00,ETH-USD,Ethereum,crypto,USD,coingecko,2489.088495875753,2506.343106,-0.688,1.084,30.115,58.345,70.88,2026-08-28,0
2026-08-28T09:50:17+00:00,SOL-USD,Solana,crypto,USD,coingecko,105.81635131030592,102.048904,3.692,10.91,43.738,50.297,55.64,2026-08-28,0
2026-08-28T09:50:17+00:00,GC=F,Oro (spot),commodity,USD,carry,4693.0,4516.3,,,,,,,1
2026-08-28T09:50:17+00:00,SI=F,Argento (spot),commodity,USD,carry,68.29,68.026,,,,,,,1
2026-08-28T09:50:17+00:00,CL=F,Petrolio WTI,commodity,PCT,fred,83.9,86.34,-2.826,-2.983,-0.415,-9.15,48.15,2026-08-25,1
2026-08-28T09:50:17+00:00,BZ=F,Petrolio Brent,commodity,PCT,fred,88.24,92.71,-4.821,-7.398,-3.899,-4.996,61.88,2026-08-25,1
2026-08-28T09:50:17+00:00,NG=F,Gas naturale,commodity,PCT,fred,2.7,2.83,-4.594,-4.255,2.662,-13.738,55.66,2026-08-25,1
2026-08-28T09:50:17+00:00,HG=F,Rame,commodity,USD,carry,6.668,6.46,,,,,,,1
2026-08-28T09:50:17+00:00,EURUSD=X,EUR/USD,fx,USD,ecb,1.1645,1.1669,-0.206,-0.308,2.329,-0.034,3.84,2026-08-27,1
2026-08-28T09:50:17+00:00,GBPUSD=X,GBP/USD,fx,PCT,fred,1.3644,1.3639,0.037,0.649,2.486,1.525,5.61,2026-08-21,1
2026-08-28T09:50:17+00:00,JPY=X,USD/JPY,fx,PCT,fred,158.91,158.85,0.038,-0.188,-2.985,-0.182,11.98,2026-08-21,1
2026-08-28T09:50:17+00:00,DX-Y.NYB,Indice dollaro DXY,fx,USD,carry,98.962,98.9,,,,,,,1
2026-08-28T09:50:17+00:00,DTWEXBGS,Indice dollaro Fed (broad),fx,PCT,fred,118.0628,118.2548,-0.162,-0.706,-2.353,-1.026,4.08,2026-08-21,1
2026-08-28T09:50:17+00:00,^FVX,US 5Y Treasury Yield,rate,PCT,fred,4.37,4.35,0.46,0.46,0.46,5.301,16.13,2026-08-26,1
2026-08-28T09:50:17+00:00,^TNX,US 10Y Treasury Yield,rate,PCT,fred,4.66,4.64,0.431,0.215,1.085,4.719,16.19,2026-08-26,1
2026-08-28T09:50:17+00:00,^TYX,US 30Y Treasury Yield,rate,PCT,fred,5.18,5.17,0.193,-0.193,1.768,4.016,13.67,2026-08-26,1
2026-08-28T18:17:45+00:00,^GSPC,S&P 500,equity,PCT,fred,7730.99,7675.7,0.72,1.176,5.67,1.991,10.69,2026-08-27,1
2026-08-28T18:17:45+00:00,^DJI,Dow Jones,equity,PCT,fred,53569.44,53463.88,0.197,1.536,3.829,4.971,11.0,2026-08-27,1
2026-08-28T18:17:45+00:00,^IXIC,Nasdaq Composite,equity,PCT,fred,26541.35,26130.2,1.573,1.819,8.585,-1.599,16.74,2026-08-27,1
2026-08-28T18:17:45+00:00,^RUT,Russell 2000,equity,USD,carry,3007.096,3017.89,,,,,,,1
2026-08-28T18:17:45+00:00,^VIX,VIX (volatilita),vol,PCT,fred,14.51,15.21,-4.602,-9.369,-29.768,-7.99,69.87,2026-08-27,1
2026-08-28T18:17:45+00:00,FTSEMIB.MI,FTSE MIB,equity,EUR,carry,52732.33,53018.0,,,,,,,1
2026-08-28T18:17:45+00:00,^FTSE,FTSE 100 UK,equity,GBP,carry,10886.34,10728.0,,,,,,,1
2026-08-28T18:17:45+00:00,^GDAXI,DAX Germania,equity,EUR,carry,26293.18,26128.36,,,,,,,1
2026-08-28T18:17:45+00:00,^FCHI,CAC 40 Francia,equity,EUR,carry,8452.28,8501.91,,,,,,,1
2026-08-28T18:17:45+00:00,^STOXX50E,Euro Stoxx 50,equity,,carry,6461.45,6444.46,,,,,,,1
2026-08-28T18:17:45+00:00,^N225,Nikkei 225,equity,JPY,carry,65856.43,65326.42,,,,,,,1
2026-08-28T18:17:45+00:00,^HSI,Hang Seng,equity,HKD,carry,25511.1,25471.15,,,,,,,1
2026-08-28T18:17:45+00:00,000001.SS,Shanghai Composite,equity,CNY,carry,3889.445,3894.422,,,,,,,1
2026-08-28T18:17:45+00:00,^BVSP,Bovespa Brasile,equity,BRL,carry,172458.62,166335.0,,,,,,,1
2026-08-28T18:17:45+00:00,BTC-USD,Bitcoin,crypto,USD,coingecko,77740.80048112763,79018.034058,-1.616,0.037,19.823,29.669,43.64,2026-08-28,0
2026-08-28T18:17:45+00:00,ETH-USD,Ethereum,crypto,USD,coingecko,2438.352944879322,2506.343106,-2.713,-0.977,27.463,55.118,72.1,2026-08-28,0
2026-08-28T18:17:45+00:00,SOL-USD,Solana,crypto,USD,coingecko,103.94866333529566,102.048904,1.862,8.952,41.201,47.644,57.89,2026-08-28,0
2026-08-28T18:17:45+00:00,GC=F,Oro (spot),commodity,USD,carry,4693.0,4516.3,,,,,,,1
2026-08-28T18:17:45+00:00,SI=F,Argento (spot),commodity,USD,carry,68.29,68.026,,,,,,,1
2026-08-28T18:17:45+00:00,CL=F,Petrolio WTI,commodity,PCT,fred,83.9,86.34,-2.826,-2.983,-0.415,-9.15,48.15,2026-08-25,1
2026-08-28T18:17:45+00:00,BZ=F,Petrolio Brent,commodity,PCT,fred,88.24,92.71,-4.821,-7.398,-3.899,-4.996,61.88,2026-08-25,1
2026-08-28T18:17:45+00:00,NG=F,Gas naturale,commodity,PCT,fred,2.7,2.83,-4.594,-4.255,2.662,-13.738,55.66,2026-08-25,1
2026-08-28T18:17:45+00:00,HG=F,Rame,commodity,USD,carry,6.668,6.46,,,,,,,1
2026-08-28T18:17:45+00:00,EURUSD=X,EUR/USD,fx,USD,ecb,1.1643,1.1645,-0.017,-0.479,1.455,0.25,3.85,2026-08-28,0
2026-08-28T18:17:45+00:00,GBPUSD=X,GBP/USD,fx,PCT,fred,1.3644,1.3639,0.037,0.649,2.486,1.525,5.61,2026-08-21,1
2026-08-28T18:17:45+00:00,JPY=X,USD/JPY,fx,PCT,fred,158.91,158.85,0.038,-0.188,-2.985,-0.182,11.98,2026-08-21,1
2026-08-28T18:17:45+00:00,DX-Y.NYB,Indice dollaro DXY,fx,USD,carry,98.962,98.9,,,,,,,1
2026-08-28T18:17:45+00:00,DTWEXBGS,Indice dollaro Fed (broad),fx,PCT,fred,118.0628,118.2548,-0.162,-0.706,-2.353,-1.026,4.08,2026-08-21,1
2026-08-28T18:17:45+00:00,^FVX,US 5Y Treasury Yield,rate,PCT,fred,4.37,4.35,0.46,0.46,0.46,5.301,16.13,2026-08-26,1
2026-08-28T18:17:45+00:00,^TNX,US 10Y Treasury Yield,rate,PCT,fred,4.66,4.64,0.431,0.215,1.085,4.719,16.19,2026-08-26,1
2026-08-28T18:17:45+00:00,^TYX,US 30Y Treasury Yield,rate,PCT,fred,5.18,5.17,0.193,-0.193,1.768,4.016,13.67,2026-08-26,1
2026-08-29T03:14:50+00:00,^GSPC,S&P 500,equity,PCT,fred,7711.76,7730.99,-0.249,0.487,3.686,1.471,10.63,2026-08-28,1
2026-08-29T03:14:50+00:00,^DJI,Dow Jones,equity,PCT,fred,53559.99,53569.44,-0.018,0.531,2.59,4.857,10.91,2026-08-28,1
2026-08-29T03:14:50+00:00,^IXIC,Nasdaq Composite,equity,PCT,fred,26541.35,26130.2,1.573,1.819,8.585,-1.599,16.74,2026-08-27,1
2026-08-29T03:14:50+00:00,^RUT,Russell 2000,equity,USD,carry,3007.096,3017.89,,,,,,,1
2026-08-29T03:14:50+00:00,^VIX,VIX (volatilita),vol,PCT,fred,14.51,15.21,-4.602,-9.369,-29.768,-7.99,69.87,2026-08-27,1
2026-08-29T03:14:50+00:00,FTSEMIB.MI,FTSE MIB,equity,EUR,carry,52732.33,53018.0,,,,,,,1
2026-08-29T03:14:50+00:00,^FTSE,FTSE 100 UK,equity,GBP,carry,10886.34,10728.0,,,,,,,1
2026-08-29T03:14:50+00:00,^GDAXI,DAX Germania,equity,EUR,carry,26293.18,26128.36,,,,,,,1
2026-08-29T03:14:50+00:00,^FCHI,CAC 40 Francia,equity,EUR,carry,8452.28,8501.91,,,,,,,1
2026-08-29T03:14:50+00:00,^STOXX50E,Euro Stoxx 50,equity,,carry,6461.45,6444.46,,,,,,,1
2026-08-29T03:14:50+00:00,^N225,Nikkei 225,equity,JPY,carry,65856.43,65326.42,,,,,,,1
2026-08-29T03:14:50+00:00,^HSI,Hang Seng,equity,HKD,carry,25511.1,25471.15,,,,,,,1
2026-08-29T03:14:50+00:00,000001.SS,Shanghai Composite,equity,CNY,carry,3889.445,3894.422,,,,,,,1
2026-08-29T03:14:50+00:00,^BVSP,Bovespa Brasile,equity,BRL,carry,172458.62,166335.0,,,,,,,1
2026-08-29T03:14:50+00:00,BTC-USD,Bitcoin,crypto,USD,coingecko,77691.7825974948,80268.374747,-3.21,-1.623,19.678,30.586,43.55,2026-08-29,0
2026-08-29T03:14:50+00:00,ETH-USD,Ethereum,crypto,USD,coingecko,2439.081812527116,2511.461241,-2.882,-1.724,27.337,55.348,71.92,2026-08-29,0
2026-08-29T03:14:50+00:00,SOL-USD,Solana,crypto,USD,coingecko,104.00834782336898,109.177306,-4.734,5.2,36.926,45.931,57.82,2026-08-29,0
2026-08-29T03:14:50+00:00,GC=F,Oro (spot),commodity,USD,carry,4693.0,4516.3,,,,,,,1
2026-08-29T03:14:50+00:00,SI=F,Argento (spot),commodity,USD,carry,68.29,68.026,,,,,,,1
2026-08-29T03:14:50+00:00,CL=F,Petrolio WTI,commodity,PCT,fred,83.9,86.34,-2.826,-2.983,-0.415,-9.15,48.15,2026-08-25,1
2026-08-29T03:14:50+00:00,BZ=F,Petrolio Brent,commodity,PCT,fred,88.24,92.71,-4.821,-7.398,-3.899,-4.996,61.88,2026-08-25,1
2026-08-29T03:14:50+00:00,NG=F,Gas naturale,commodity,PCT,fred,2.7,2.83,-4.594,-4.255,2.662,-13.738,55.66,2026-08-25,1
2026-08-29T03:14:50+00:00,HG=F,Rame,commodity,USD,carry,6.668,6.46,,,,,,,1
2026-08-29T03:14:50+00:00,EURUSD=X,EUR/USD,fx,USD,ecb,1.1643,1.1645,-0.017,-0.479,1.455,0.25,3.85,2026-08-28,1
2026-08-29T03:14:50+00:00,GBPUSD=X,GBP/USD,fx,PCT,fred,1.3644,1.3639,0.037,0.649,2.486,1.525,5.61,2026-08-21,1
2026-08-29T03:14:50+00:00,JPY=X,USD/JPY,fx,PCT,fred,158.91,158.85,0.038,-0.188,-2.985,-0.182,11.98,2026-08-21,1
2026-08-29T03:14:50+00:00,DX-Y.NYB,Indice dollaro DXY,fx,USD,carry,98.962,98.9,,,,,,,1
2026-08-29T03:14:50+00:00,DTWEXBGS,Indice dollaro Fed (broad),fx,PCT,fred,118.0628,118.2548,-0.162,-0.706,-2.353,-1.026,4.08,2026-08-21,1
2026-08-29T03:14:50+00:00,^FVX,US 5Y Treasury Yield,rate,PCT,fred,4.38,4.37,0.229,-0.228,0.229,6.053,16.13,2026-08-27,1
2026-08-29T03:14:50+00:00,^TNX,US 10Y Treasury Yield,rate,PCT,fred,4.67,4.66,0.215,-0.426,0.0,4.944,16.19,2026-08-27,1
2026-08-29T03:14:50+00:00,^TYX,US 30Y Treasury Yield,rate,PCT,fred,5.19,5.18,0.193,-0.765,-0.192,4.008,13.67,2026-08-27,1
2026-08-29T12:26:31+00:00,^GSPC,S&P 500,equity,PCT,fred,7711.76,7730.99,-0.249,0.487,3.686,1.471,10.63,2026-08-28,1
2026-08-29T12:26:31+00:00,^DJI,Dow Jones,equity,PCT,fred,53559.99,53569.44,-0.018,0.531,2.59,4.857,10.91,2026-08-28,1
2026-08-29T12:26:31+00:00,^IXIC,Nasdaq Composite,equity,PCT,fred,26402.42,26541.35,-0.523,0.848,5.096,-2.527,16.75,2026-08-28,1
2026-08-29T12:26:31+00:00,^RUT,Russell 2000,equity,USD,carry,3007.096,3017.89,,,,,,,1
2026-08-29T12:26:31+00:00,^VIX,VIX (volatilita),vol,PCT,fred,14.51,15.21,-4.602,-9.369,-29.768,-7.99,69.87,2026-08-27,1
2026-08-29T12:26:31+00:00,FTSEMIB.MI,FTSE MIB,equity,EUR,carry,52732.33,53018.0,,,,,,,1
2026-08-29T12:26:31+00:00,^FTSE,FTSE 100 UK,equity,GBP,carry,10886.34,10728.0,,,,,,,1
2026-08-29T12:26:31+00:00,^GDAXI,DAX Germania,equity,EUR,carry,26293.18,26128.36,,,,,,,1
2026-08-29T12:26:31+00:00,^FCHI,CAC 40 Francia,equity,EUR,carry,8452.28,8501.91,,,,,,,1
2026-08-29T12:26:31+00:00,^STOXX50E,Euro Stoxx 50,equity,,carry,6461.45,6444.46,,,,,,,1
2026-08-29T12:26:31+00:00,^N225,Nikkei 225,equity,JPY,carry,65856.43,65326.42,,,,,,,1
2026-08-29T12:26:31+00:00,^HSI,Hang Seng,equity,HKD,carry,25511.1,25471.15,,,,,,,1
2026-08-29T12:26:31+00:00,000001.SS,Shanghai Composite,equity,CNY,carry,3889.445,3894.422,,,,,,,1
2026-08-29T12:26:31+00:00,^BVSP,Bovespa Brasile,equity,BRL,carry,172458.62,166335.0,,,,,,,1
2026-08-29T12:26:31+00:00,BTC-USD,Bitcoin,crypto,USD,coingecko,77556.93272317004,80268.374747,-3.378,-1.794,19.47,30.36,43.61,2026-08-29,0
2026-08-29T12:26:31+00:00,ETH-USD,Ethereum,crypto,USD,coingecko,2434.5789663408345,2511.461241,-3.061,-1.906,27.102,55.061,71.97,2026-08-29,0
2026-08-29T12:26:31+00:00,SOL-USD,Solana,crypto,USD,coingecko,103.58971312206893,109.177306,-5.118,4.777,36.374,45.343,58.0,2026-08-29,0
2026-08-29T12:26:31+00:00,GC=F,Oro (spot),commodity,USD,carry,4693.0,4516.3,,,,,,,1
2026-08-29T12:26:31+00:00,SI=F,Argento (spot),commodity,USD,carry,68.29,68.026,,,,,,,1
2026-08-29T12:26:31+00:00,CL=F,Petrolio WTI,commodity,PCT,fred,83.9,86.34,-2.826,-2.983,-0.415,-9.15,48.15,2026-08-25,1
2026-08-29T12:26:31+00:00,BZ=F,Petrolio Brent,commodity,PCT,fred,88.24,92.71,-4.821,-7.398,-3.899,-4.996,61.88,2026-08-25,1
2026-08-29T12:26:31+00:00,NG=F,Gas naturale,commodity,PCT,fred,2.7,2.83,-4.594,-4.255,2.662,-13.738,55.66,2026-08-25,1
2026-08-29T12:26:31+00:00,HG=F,Rame,commodity,USD,carry,6.668,6.46,,,,,,,1
2026-08-29T12:26:31+00:00,EURUSD=X,EUR/USD,fx,USD,ecb,1.1643,1.1645,-0.017,-0.479,1.455,0.25,3.85,2026-08-28,1
2026-08-29T12:26:31+00:00,GBPUSD=X,GBP/USD,fx,PCT,fred,1.3644,1.3639,0.037,0.649,2.486,1.525,5.61,2026-08-21,1
2026-08-29T12:26:31+00:00,JPY=X,USD/JPY,fx,PCT,fred,158.91,158.85,0.038,-0.188,-2.985,-0.182,11.98,2026-08-21,1
2026-08-29T12:26:31+00:00,DX-Y.NYB,Indice dollaro DXY,fx,USD,carry,98.962,98.9,,,,,,,1
2026-08-29T12:26:31+00:00,DTWEXBGS,Indice dollaro Fed (broad),fx,PCT,fred,118.0628,118.2548,-0.162,-0.706,-2.353,-1.026,4.08,2026-08-21,1
2026-08-29T12:26:31+00:00,^FVX,US 5Y Treasury Yield,rate,PCT,fred,4.38,4.37,0.229,-0.228,0.229,6.053,16.13,2026-08-27,1
2026-08-29T12:26:31+00:00,^TNX,US 10Y Treasury Yield,rate,PCT,fred,4.67,4.66,0.215,-0.426,0.0,4.944,16.19,2026-08-27,1
2026-08-29T12:26:31+00:00,^TYX,US 30Y Treasury Yield,rate,PCT,fred,5.19,5.18,0.193,-0.765,-0.192,4.008,13.67,2026-08-27,1
2026-08-29T19:15:16+00:00,^GSPC,S&P 500,equity,PCT,fred,7711.76,7730.99,-0.249,0.487,3.686,1.471,10.63,2026-08-28,1
2026-08-29T19:15:16+00:00,^DJI,Dow Jones,equity,PCT,fred,53559.99,53569.44,-0.018,0.531,2.59,4.857,10.91,2026-08-28,1
2026-08-29T19:15:16+00:00,^IXIC,Nasdaq Composite,equity,PCT,fred,26402.42,26541.35,-0.523,0.848,5.096,-2.527,16.75,2026-08-28,1
2026-08-29T19:15:16+00:00,^RUT,Russell 2000,equity,USD,carry,3007.096,3017.89,,,,,,,1
2026-08-29T19:15:16+00:00,^VIX,VIX (volatilita),vol,PCT,fred,14.51,15.21,-4.602,-9.369,-29.768,-7.99,69.87,2026-08-27,1
2026-08-29T19:15:16+00:00,FTSEMIB.MI,FTSE MIB,equity,EUR,carry,52732.33,53018.0,,,,,,,1
2026-08-29T19:15:16+00:00,^FTSE,FTSE 100 UK,equity,GBP,carry,10886.34,10728.0,,,,,,,1
2026-08-29T19:15:16+00:00,^GDAXI,DAX Germania,equity,EUR,carry,26293.18,26128.36,,,,,,,1
2026-08-29T19:15:16+00:00,^FCHI,CAC 40 Francia,equity,EUR,carry,8452.28,8501.91,,,,,,,1
2026-08-29T19:15:16+00:00,^STOXX50E,Euro Stoxx 50,equity,,carry,6461.45,6444.46,,,,,,,1
2026-08-29T19:15:16+00:00,^N225,Nikkei 225,equity,JPY,carry,65856.43,65326.42,,,,,,,1
2026-08-29T19:15:16+00:00,^HSI,Hang Seng,equity,HKD,carry,25511.1,25471.15,,,,,,,1
2026-08-29T19:15:16+00:00,000001.SS,Shanghai Composite,equity,CNY,carry,3889.445,3894.422,,,,,,,1
2026-08-29T19:15:16+00:00,^BVSP,Bovespa Brasile,equity,BRL,carry,172458.62,166335.0,,,,,,,1
2026-08-29T19:15:16+00:00,BTC-USD,Bitcoin,crypto,USD,coingecko,78285.74556625231,80268.374747,-2.47,-0.871,20.593,31.585,43.37,2026-08-29,0
2026-08-29T19:15:16+00:00,ETH-USD,Ethereum,crypto,USD,coingecko,2455.8986817109403,2511.461241,-2.212,-1.047,28.215,56.419,71.77,2026-08-29,0
2026-08-29T19:15:16+00:00,SOL-USD,Solana,crypto,USD,coingecko,105.36595724389838,109.177306,-3.491,6.573,38.713,47.835,57.49,2026-08-29,0
2026-08-29T19:15:16+00:00,GC=F,Oro (spot),commodity,USD,carry,4693.0,4516.3,,,,,,,1
2026-08-29T19:15:16+00:00,SI=F,Argento (spot),commodity,USD,carry,68.29,68.026,,,,,,,1
2026-08-29T19:15:16+00:00,CL=F,Petrolio WTI,commodity,PCT,fred,83.9,86.34,-2.826,-2.983,-0.415,-9.15,48.15,2026-08-25,1
2026-08-29T19:15:16+00:00,BZ=F,Petrolio Brent,commodity,PCT,fred,88.24,92.71,-4.821,-7.398,-3.899,-4.996,61.88,2026-08-25,1
2026-08-29T19:15:16+00:00,NG=F,Gas naturale,commodity,PCT,fred,2.7,2.83,-4.594,-4.255,2.662,-13.738,55.66,2026-08-25,1
2026-08-29T19:15:16+00:00,HG=F,Rame,commodity,USD,carry,6.668,6.46,,,,,,,1
2026-08-29T19:15:16+00:00,EURUSD=X,EUR/USD,fx,USD,ecb,1.1643,1.1645,-0.017,-0.479,1.455,0.25,3.85,2026-08-28,1
2026-08-29T19:15:16+00:00,GBPUSD=X,GBP/USD,fx,PCT,fred,1.3644,1.3639,0.037,0.649,2.486,1.525,5.61,2026-08-21,1
2026-08-29T19:15:16+00:00,JPY=X,USD/JPY,fx,PCT,fred,158.91,158.85,0.038,-0.188,-2.985,-0.182,11.98,2026-08-21,1
2026-08-29T19:15:16+00:00,DX-Y.NYB,Indice dollaro DXY,fx,USD,carry,98.962,98.9,,,,,,,1
2026-08-29T19:15:16+00:00,DTWEXBGS,Indice dollaro Fed (broad),fx,PCT,fred,118.0628,118.2548,-0.162,-0.706,-2.353,-1.026,4.08,2026-08-21,1
2026-08-29T19:15:16+00:00,^FVX,US 5Y Treasury Yield,rate,PCT,fred,4.38,4.37,0.229,-0.228,0.229,6.053,16.13,2026-08-27,1
2026-08-29T19:15:16+00:00,^TNX,US 10Y Treasury Yield,rate,PCT,fred,4.67,4.66,0.215,-0.426,0.0,4.944,16.19,2026-08-27,1
2026-08-29T19:15:16+00:00,^TYX,US 30Y Treasury Yield,rate,PCT,fred,5.19,5.18,0.193,-0.765,-0.192,4.008,13.67,2026-08-27,1
2026-08-29T23:30:03+00:00,^GSPC,S&P 500,equity,PCT,fred,7711.76,7730.99,-0.249,0.487,3.686,1.471,10.63,2026-08-28,1
2026-08-29T23:30:03+00:00,^DJI,Dow Jones,equity,PCT,fred,53559.99,53569.44,-0.018,0.531,2.59,4.857,10.91,2026-08-28,1
2026-08-29T23:30:03+00:00,^IXIC,Nasdaq Composite,equity,PCT,fred,26402.42,26541.35,-0.523,0.848,5.096,-2.527,16.75,2026-08-28,1
2026-08-29T23:30:03+00:00,^RUT,Russell 2000,equity,USD,carry,3007.096,3017.89,,,,,,,1
2026-08-29T23:30:03+00:00,^VIX,VIX (volatilita),vol,PCT,fred,14.51,15.21,-4.602,-9.369,-29.768,-7.99,69.87,2026-08-27,1
2026-08-29T23:30:03+00:00,FTSEMIB.MI,FTSE MIB,equity,EUR,carry,52732.33,53018.0,,,,,,,1
2026-08-29T23:30:03+00:00,^FTSE,FTSE 100 UK,equity,GBP,carry,10886.34,10728.0,,,,,,,1
2026-08-29T23:30:03+00:00,^GDAXI,DAX Germania,equity,EUR,carry,26293.18,26128.36,,,,,,,1
2026-08-29T23:30:03+00:00,^FCHI,CAC 40 Francia,equity,EUR,carry,8452.28,8501.91,,,,,,,1
2026-08-29T23:30:03+00:00,^STOXX50E,Euro Stoxx 50,equity,,carry,6461.45,6444.46,,,,,,,1
2026-08-29T23:30:03+00:00,^N225,Nikkei 225,equity,JPY,carry,65856.43,65326.42,,,,,,,1
2026-08-29T23:30:03+00:00,^HSI,Hang Seng,equity,HKD,carry,25511.1,25471.15,,,,,,,1
2026-08-29T23:30:03+00:00,000001.SS,Shanghai Composite,equity,CNY,carry,3889.445,3894.422,,,,,,,1
2026-08-29T23:30:03+00:00,^BVSP,Bovespa Brasile,equity,BRL,carry,172458.62,166335.0,,,,,,,1
2026-08-29T23:30:03+00:00,BTC-USD,Bitcoin,crypto,USD,coingecko,78225.42953991123,80268.374747,-2.545,-0.948,20.5,31.483,43.38,2026-08-29,0
2026-08-29T23:30:03+00:00,ETH-USD,Ethereum,crypto,USD,coingecko,2454.1777946489783,2511.461241,-2.281,-1.116,28.126,56.309,71.79,2026-08-29,0
2026-08-29T23:30:03+00:00,SOL-USD,Solana,crypto,USD,coingecko,105.59052547642798,109.177306,-3.285,6.8,39.008,48.151,57.47,2026-08-29,0
2026-08-29T23:30:03+00:00,GC=F,Oro (spot),commodity,USD,carry,4693.0,4516.3,,,,,,,1
2026-08-29T23:30:03+00:00,SI=F,Argento (spot),commodity,USD,carry,68.29,68.026,,,,,,,1
2026-08-29T23:30:03+00:00,CL=F,Petrolio WTI,commodity,PCT,fred,83.9,86.34,-2.826,-2.983,-0.415,-9.15,48.15,2026-08-25,1
2026-08-29T23:30:03+00:00,BZ=F,Petrolio Brent,commodity,PCT,fred,88.24,92.71,-4.821,-7.398,-3.899,-4.996,61.88,2026-08-25,1
2026-08-29T23:30:03+00:00,NG=F,Gas naturale,commodity,PCT,fred,2.7,2.83,-4.594,-4.255,2.662,-13.738,55.66,2026-08-25,1
2026-08-29T23:30:03+00:00,HG=F,Rame,commodity,USD,carry,6.668,6.46,,,,,,,1
2026-08-29T23:30:03+00:00,EURUSD=X,EUR/USD,fx,USD,ecb,1.1643,1.1645,-0.017,-0.479,1.455,0.25,3.85,2026-08-28,1
2026-08-29T23:30:03+00:00,GBPUSD=X,GBP/USD,fx,PCT,fred,1.3644,1.3639,0.037,0.649,2.486,1.525,5.61,2026-08-21,1
2026-08-29T23:30:03+00:00,JPY=X,USD/JPY,fx,PCT,fred,158.91,158.85,0.038,-0.188,-2.985,-0.182,11.98,2026-08-21,1
2026-08-29T23:30:03+00:00,DX-Y.NYB,Indice dollaro DXY,fx,USD,carry,98.962,98.9,,,,,,,1
2026-08-29T23:30:03+00:00,DTWEXBGS,Indice dollaro Fed (broad),fx,PCT,fred,118.0628,118.2548,-0.162,-0.706,-2.353,-1.026,4.08,2026-08-21,1
2026-08-29T23:30:03+00:00,^FVX,US 5Y Treasury Yield,rate,PCT,fred,4.38,4.37,0.229,-0.228,0.229,6.053,16.13,2026-08-27,1
2026-08-29T23:30:03+00:00,^TNX,US 10Y Treasury Yield,rate,PCT,fred,4.67,4.66,0.215,-0.426,0.0,4.944,16.19,2026-08-27,1
2026-08-29T23:30:03+00:00,^TYX,US 30Y Treasury Yield,rate,PCT,fred,5.19,5.18,0.193,-0.765,-0.192,4.008,13.67,2026-08-27,1
2026-08-30T11:26:14+00:00,^GSPC,S&P 500,equity,PCT,fred,7711.76,7730.99,-0.249,0.487,3.686,1.471,10.63,2026-08-28,1
2026-08-30T11:26:14+00:00,^DJI,Dow Jones,equity,PCT,fred,53559.99,53569.44,-0.018,0.531,2.59,4.857,10.91,2026-08-28,1
2026-08-30T11:26:14+00:00,^IXIC,Nasdaq Composite,equity,PCT,fred,26402.42,26541.35,-0.523,0.848,5.096,-2.527,16.75,2026-08-28,1
2026-08-30T11:26:14+00:00,^RUT,Russell 2000,equity,USD,carry,3007.096,3017.89,,,,,,,1
2026-08-30T11:26:14+00:00,^VIX,VIX (volatilita),vol,PCT,fred,14.51,15.21,-4.602,-9.369,-29.768,-7.99,69.87,2026-08-27,1
2026-08-30T11:26:14+00:00,FTSEMIB.MI,FTSE MIB,equity,EUR,carry,52732.33,53018.0,,,,,,,1
2026-08-30T11:26:14+00:00,^FTSE,FTSE 100 UK,equity,GBP,carry,10886.34,10728.0,,,,,,,1
2026-08-30T11:26:14+00:00,^GDAXI,DAX Germania,equity,EUR,carry,26293.18,26128.36,,,,,,,1
2026-08-30T11:26:14+00:00,^FCHI,CAC 40 Francia,equity,EUR,carry,8452.28,8501.91,,,,,,,1
2026-08-30T11:26:14+00:00,^STOXX50E,Euro Stoxx 50,equity,,carry,6461.45,6444.46,,,,,,,1
2026-08-30T11:26:14+00:00,^N225,Nikkei 225,equity,JPY,carry,65856.43,65326.42,,,,,,,1
2026-08-30T11:26:14+00:00,^HSI,Hang Seng,equity,HKD,carry,25511.1,25471.15,,,,,,,1
2026-08-30T11:26:14+00:00,000001.SS,Shanghai Composite,equity,CNY,carry,3889.445,3894.422,,,,,,,1
2026-08-30T11:26:14+00:00,^BVSP,Bovespa Brasile,equity,BRL,carry,172458.62,166335.0,,,,,,,1
2026-08-30T11:26:14+00:00,BTC-USD,Bitcoin,crypto,USD,coingecko,78162.87466620105,77820.764287,0.44,-0.444,20.517,29.941,42.63,2026-08-30,0
2026-08-30T11:26:14+00:00,ETH-USD,Ethereum,crypto,USD,coingecko,2459.1836669008526,2442.407615,0.687,0.703,28.825,52.768,70.87,2026-08-30,0
2026-08-30T11:26:14+00:00,SOL-USD,Solana,crypto,USD,coingecko,105.09630545505057,104.11408,0.943,8.822,37.897,40.1,57.51,2026-08-30,0
2026-08-30T11:26:14+00:00,GC=F,Oro (spot),commodity,USD,carry,4693.0,4516.3,,,,,,,1
2026-08-30T11:26:14+00:00,SI=F,Argento (spot),commodity,USD,carry,68.29,68.026,,,,,,,1
2026-08-30T11:26:14+00:00,CL=F,Petrolio WTI,commodity,PCT,fred,83.9,86.34,-2.826,-2.983,-0.415,-9.15,48.15,2026-08-25,1
2026-08-30T11:26:14+00:00,BZ=F,Petrolio Brent,commodity,PCT,fred,88.24,92.71,-4.821,-7.398,-3.899,-4.996,61.88,2026-08-25,1
2026-08-30T11:26:14+00:00,NG=F,Gas naturale,commodity,PCT,fred,2.7,2.83,-4.594,-4.255,2.662,-13.738,55.66,2026-08-25,1
2026-08-30T11:26:14+00:00,HG=F,Rame,commodity,USD,carry,6.668,6.46,,,,,,,1
2026-08-30T11:26:14+00:00,EURUSD=X,EUR/USD,fx,USD,ecb,1.1643,1.1645,-0.017,-0.479,1.455,0.25,3.85,2026-08-28,1
2026-08-30T11:26:14+00:00,GBPUSD=X,GBP/USD,fx,PCT,fred,1.3644,1.3639,0.037,0.649,2.486,1.525,5.61,2026-08-21,1
2026-08-30T11:26:14+00:00,JPY=X,USD/JPY,fx,PCT,fred,158.91,158.85,0.038,-0.188,-2.985,-0.182,11.98,2026-08-21,1
2026-08-30T11:26:14+00:00,DX-Y.NYB,Indice dollaro DXY,fx,USD,carry,98.962,98.9,,,,,,,1
2026-08-30T11:26:14+00:00,DTWEXBGS,Indice dollaro Fed (broad),fx,PCT,fred,118.0628,118.2548,-0.162,-0.706,-2.353,-1.026,4.08,2026-08-21,1
2026-08-30T11:26:14+00:00,^FVX,US 5Y Treasury Yield,rate,PCT,fred,4.38,4.37,0.229,-0.228,0.229,6.053,16.13,2026-08-27,1
2026-08-30T11:26:14+00:00,^TNX,US 10Y Treasury Yield,rate,PCT,fred,4.67,4.66,0.215,-0.426,0.0,4.944,16.19,2026-08-27,1
2026-08-30T11:26:14+00:00,^TYX,US 30Y Treasury Yield,rate,PCT,fred,5.19,5.18,0.193,-0.765,-0.192,4.008,13.67,2026-08-27,1
2026-08-30T16:12:59+00:00,^GSPC,S&P 500,equity,PCT,fred,7711.76,7730.99,-0.249,0.487,3.686,1.471,10.63,2026-08-28,1
2026-08-30T16:12:59+00:00,^DJI,Dow Jones,equity,PCT,fred,53559.99,53569.44,-0.018,0.531,2.59,4.857,10.91,2026-08-28,1
2026-08-30T16:12:59+00:00,^IXIC,Nasdaq Composite,equity,PCT,fred,26402.42,26541.35,-0.523,0.848,5.096,-2.527,16.75,2026-08-28,1
2026-08-30T16:12:59+00:00,^RUT,Russell 2000,equity,USD,carry,3007.096,3017.89,,,,,,,1
2026-08-30T16:12:59+00:00,^VIX,VIX (volatilita),vol,PCT,fred,14.51,15.21,-4.602,-9.369,-29.768,-7.99,69.87,2026-08-27,1
2026-08-30T16:12:59+00:00,FTSEMIB.MI,FTSE MIB,equity,EUR,carry,52732.33,53018.0,,,,,,,1
2026-08-30T16:12:59+00:00,^FTSE,FTSE 100 UK,equity,GBP,carry,10886.34,10728.0,,,,,,,1
2026-08-30T16:12:59+00:00,^GDAXI,DAX Germania,equity,EUR,carry,26293.18,26128.36,,,,,,,1
2026-08-30T16:12:59+00:00,^FCHI,CAC 40 Francia,equity,EUR,carry,8452.28,8501.91,,,,,,,1
2026-08-30T16:12:59+00:00,^STOXX50E,Euro Stoxx 50,equity,,carry,6461.45,6444.46,,,,,,,1
2026-08-30T16:12:59+00:00,^N225,Nikkei 225,equity,JPY,carry,65856.43,65326.42,,,,,,,1
2026-08-30T16:12:59+00:00,^HSI,Hang Seng,equity,HKD,carry,25511.1,25471.15,,,,,,,1
2026-08-30T16:12:59+00:00,000001.SS,Shanghai Composite,equity,CNY,carry,3889.445,3894.422,,,,,,,1
2026-08-30T16:12:59+00:00,^BVSP,Bovespa Brasile,equity,BRL,carry,172458.62,166335.0,,,,,,,1
2026-08-30T16:12:59+00:00,BTC-USD,Bitcoin,crypto,USD,coingecko,78774.02554267741,77820.764287,1.225,0.335,21.46,30.958,42.45,2026-08-30,0
2026-08-30T16:12:59+00:00,ETH-USD,Ethereum,crypto,USD,coingecko,2484.918375639575,2442.407615,1.741,1.757,30.173,54.367,70.7,2026-08-30,0
2026-08-30T16:12:59+00:00,SOL-USD,Solana,crypto,USD,coingecko,106.38958254159616,104.11408,2.186,10.161,39.594,41.824,57.06,2026-08-30,0
2026-08-30T16:12:59+00:00,GC=F,Oro (spot),commodity,USD,carry,4693.0,4516.3,,,,,,,1
2026-08-30T16:12:59+00:00,SI=F,Argento (spot),commodity,USD,carry,68.29,68.026,,,,,,,1
2026-08-30T16:12:59+00:00,CL=F,Petrolio WTI,commodity,PCT,fred,83.9,86.34,-2.826,-2.983,-0.415,-9.15,48.15,2026-08-25,1
2026-08-30T16:12:59+00:00,BZ=F,Petrolio Brent,commodity,PCT,fred,88.24,92.71,-4.821,-7.398,-3.899,-4.996,61.88,2026-08-25,1
2026-08-30T16:12:59+00:00,NG=F,Gas naturale,commodity,PCT,fred,2.7,2.83,-4.594,-4.255,2.662,-13.738,55.66,2026-08-25,1
2026-08-30T16:12:59+00:00,HG=F,Rame,commodity,USD,carry,6.668,6.46,,,,,,,1
2026-08-30T16:12:59+00:00,EURUSD=X,EUR/USD,fx,USD,ecb,1.1643,1.1645,-0.017,-0.479,1.455,0.25,3.85,2026-08-28,1
2026-08-30T16:12:59+00:00,GBPUSD=X,GBP/USD,fx,PCT,fred,1.3644,1.3639,0.037,0.649,2.486,1.525,5.61,2026-08-21,1
2026-08-30T16:12:59+00:00,JPY=X,USD/JPY,fx,PCT,fred,158.91,158.85,0.038,-0.188,-2.985,-0.182,11.98,2026-08-21,1
2026-08-30T16:12:59+00:00,DX-Y.NYB,Indice dollaro DXY,fx,USD,carry,98.962,98.9,,,,,,,1
2026-08-30T16:12:59+00:00,DTWEXBGS,Indice dollaro Fed (broad),fx,PCT,fred,118.0628,118.2548,-0.162,-0.706,-2.353,-1.026,4.08,2026-08-21,1
2026-08-30T16:12:59+00:00,^FVX,US 5Y Treasury Yield,rate,PCT,fred,4.38,4.37,0.229,-0.228,0.229,6.053,16.13,2026-08-27,1
2026-08-30T16:12:59+00:00,^TNX,US 10Y Treasury Yield,rate,PCT,fred,4.67,4.66,0.215,-0.426,0.0,4.944,16.19,2026-08-27,1
2026-08-30T16:12:59+00:00,^TYX,US 30Y Treasury Yield,rate,PCT,fred,5.19,5.18,0.193,-0.765,-0.192,4.008,13.67,2026-08-27,1
2026-08-30T23:42:18+00:00,^GSPC,S&P 500,equity,PCT,fred,7711.76,7730.99,-0.249,0.487,3.686,1.471,10.63,2026-08-28,1
2026-08-30T23:42:18+00:00,^DJI,Dow Jones,equity,PCT,fred,53559.99,53569.44,-0.018,0.531,2.59,4.857,10.91,2026-08-28,1
2026-08-30T23:42:18+00:00,^IXIC,Nasdaq Composite,equity,PCT,fred,26402.42,26541.35,-0.523,0.848,5.096,-2.527,16.75,2026-08-28,1
2026-08-30T23:42:18+00:00,^RUT,Russell 2000,equity,USD,carry,3007.096,3017.89,,,,,,,1
2026-08-30T23:42:18+00:00,^VIX,VIX (volatilita),vol,PCT,fred,14.51,15.21,-4.602,-9.369,-29.768,-7.99,69.87,2026-08-27,1
2026-08-30T23:42:18+00:00,FTSEMIB.MI,FTSE MIB,equity,EUR,carry,52732.33,53018.0,,,,,,,1
2026-08-30T23:42:18+00:00,^FTSE,FTSE 100 UK,equity,GBP,carry,10886.34,10728.0,,,,,,,1
2026-08-30T23:42:18+00:00,^GDAXI,DAX Germania,equity,EUR,carry,26293.18,26128.36,,,,,,,1
2026-08-30T23:42:18+00:00,^FCHI,CAC 40 Francia,equity,EUR,carry,8452.28,8501.91,,,,,,,1
2026-08-30T23:42:18+00:00,^STOXX50E,Euro Stoxx 50,equity,,carry,6461.45,6444.46,,,,,,,1
2026-08-30T23:42:18+00:00,^N225,Nikkei 225,equity,JPY,carry,65856.43,65326.42,,,,,,,1
2026-08-30T23:42:18+00:00,^HSI,Hang Seng,equity,HKD,carry,25511.1,25471.15,,,,,,,1
2026-08-30T23:42:18+00:00,000001.SS,Shanghai Composite,equity,CNY,carry,3889.445,3894.422,,,,,,,1
2026-08-30T23:42:18+00:00,^BVSP,Bovespa Brasile,equity,BRL,carry,172458.62,166335.0,,,,,,,1
2026-08-30T23:42:18+00:00,BTC-USD,Bitcoin,crypto,USD,coingecko,77507.78203006678,77820.764287,-0.402,-1.278,19.507,28.852,43.03,2026-08-30,0
2026-08-30T23:42:18+00:00,ETH-USD,Ethereum,crypto,USD,coingecko,2413.24442535439,2442.407615,-1.194,-1.178,26.418,49.914,71.66,2026-08-30,0
2026-08-30T23:42:18+00:00,SOL-USD,Solana,crypto,USD,coingecko,101.60741425206596,104.11408,-2.408,5.209,33.319,35.449,60.3,2026-08-30,0
2026-08-30T23:42:18+00:00,GC=F,Oro (spot),commodity,USD,carry,4693.0,4516.3,,,,,,,1
2026-08-30T23:42:18+00:00,SI=F,Argento (spot),commodity,USD,carry,68.29,68.026,,,,,,,1
2026-08-30T23:42:18+00:00,CL=F,Petrolio WTI,commodity,PCT,fred,83.9,86.34,-2.826,-2.983,-0.415,-9.15,48.15,2026-08-25,1
2026-08-30T23:42:18+00:00,BZ=F,Petrolio Brent,commodity,PCT,fred,88.24,92.71,-4.821,-7.398,-3.899,-4.996,61.88,2026-08-25,1
2026-08-30T23:42:18+00:00,NG=F,Gas naturale,commodity,PCT,fred,2.7,2.83,-4.594,-4.255,2.662,-13.738,55.66,2026-08-25,1
2026-08-30T23:42:18+00:00,HG=F,Rame,commodity,USD,carry,6.668,6.46,,,,,,,1
2026-08-30T23:42:18+00:00,EURUSD=X,EUR/USD,fx,USD,ecb,1.1643,1.1645,-0.017,-0.479,1.455,0.25,3.85,2026-08-28,1
2026-08-30T23:42:18+00:00,GBPUSD=X,GBP/USD,fx,PCT,fred,1.3644,1.3639,0.037,0.649,2.486,1.525,5.61,2026-08-21,1
2026-08-30T23:42:18+00:00,JPY=X,USD/JPY,fx,PCT,fred,158.91,158.85,0.038,-0.188,-2.985,-0.182,11.98,2026-08-21,1
2026-08-30T23:42:18+00:00,DX-Y.NYB,Indice dollaro DXY,fx,USD,carry,98.962,98.9,,,,,,,1
2026-08-30T23:42:18+00:00,DTWEXBGS,Indice dollaro Fed (broad),fx,PCT,fred,118.0628,118.2548,-0.162,-0.706,-2.353,-1.026,4.08,2026-08-21,1
2026-08-30T23:42:18+00:00,^FVX,US 5Y Treasury Yield,rate,PCT,fred,4.38,4.37,0.229,-0.228,0.229,6.053,16.13,2026-08-27,1
2026-08-30T23:42:18+00:00,^TNX,US 10Y Treasury Yield,rate,PCT,fred,4.67,4.66,0.215,-0.426,0.0,4.944,16.19,2026-08-27,1
2026-08-30T23:42:18+00:00,^TYX,US 30Y Treasury Yield,rate,PCT,fred,5.19,5.18,0.193,-0.765,-0.192,4.008,13.67,2026-08-27,1
2026-08-31T12:57:07+00:00,^GSPC,S&P 500,equity,PCT,fred,7711.76,7730.99,-0.249,0.487,3.686,1.471,10.63,2026-08-28,1
2026-08-31T12:57:07+00:00,^DJI,Dow Jones,equity,PCT,fred,53559.99,53569.44,-0.018,0.531,2.59,4.857,10.91,2026-08-28,1
2026-08-31T12:57:07+00:00,^IXIC,Nasdaq Composite,equity,PCT,fred,26402.42,26541.35,-0.523,0.848,5.096,-2.527,16.75,2026-08-28,1
2026-08-31T12:57:07+00:00,^RUT,Russell 2000,equity,USD,carry,3007.096,3017.89,,,,,,,1
2026-08-31T12:57:07+00:00,^VIX,VIX (volatilita),vol,PCT,fred,14.51,15.21,-4.602,-9.369,-29.768,-7.99,69.87,2026-08-27,1
2026-08-31T12:57:07+00:00,FTSEMIB.MI,FTSE MIB,equity,EUR,carry,52732.33,53018.0,,,,,,,1
2026-08-31T12:57:07+00:00,^FTSE,FTSE 100 UK,equity,GBP,carry,10886.34,10728.0,,,,,,,1
2026-08-31T12:57:07+00:00,^GDAXI,DAX Germania,equity,EUR,carry,26293.18,26128.36,,,,,,,1
2026-08-31T12:57:07+00:00,^FCHI,CAC 40 Francia,equity,EUR,carry,8452.28,8501.91,,,,,,,1
2026-08-31T12:57:07+00:00,^STOXX50E,Euro Stoxx 50,equity,,carry,6461.45,6444.46,,,,,,,1
2026-08-31T12:57:07+00:00,^N225,Nikkei 225,equity,JPY,carry,65856.43,65326.42,,,,,,,1
2026-08-31T12:57:07+00:00,^HSI,Hang Seng,equity,HKD,carry,25511.1,25471.15,,,,,,,1
2026-08-31T12:57:07+00:00,000001.SS,Shanghai Composite,equity,CNY,carry,3889.445,3894.422,,,,,,,1
2026-08-31T12:57:07+00:00,^BVSP,Bovespa Brasile,equity,BRL,carry,172458.62,166335.0,,,,,,,1
2026-08-31T12:57:07+00:00,BTC-USD,Bitcoin,crypto,USD,coingecko,77782.48660640059,78225.139508,-0.566,-1.564,21.695,32.811,42.63,2026-08-31,0
2026-08-31T12:57:07+00:00,ETH-USD,Ethereum,crypto,USD,coingecko,2446.759861269317,2457.089335,-0.42,-2.377,30.745,55.862,71.51,2026-08-31,0
2026-08-31T12:57:07+00:00,SOL-USD,Solana,crypto,USD,coingecko,102.56537749939028,105.593887,-2.868,0.506,35.088,39.422,60.12,2026-08-31,0
2026-08-31T12:57:07+00:00,GC=F,Oro (spot),commodity,USD,carry,4693.0,4516.3,,,,,,,1
2026-08-31T12:57:07+00:00,SI=F,Argento (spot),commodity,USD,carry,68.29,68.026,,,,,,,1
2026-08-31T12:57:07+00:00,CL=F,Petrolio WTI,commodity,PCT,fred,83.9,86.34,-2.826,-2.983,-0.415,-9.15,48.15,2026-08-25,1
2026-08-31T12:57:07+00:00,BZ=F,Petrolio Brent,commodity,PCT,fred,88.24,92.71,-4.821,-7.398,-3.899,-4.996,61.88,2026-08-25,1
2026-08-31T12:57:07+00:00,NG=F,Gas naturale,commodity,PCT,fred,2.7,2.83,-4.594,-4.255,2.662,-13.738,55.66,2026-08-25,1
2026-08-31T12:57:07+00:00,HG=F,Rame,commodity,USD,carry,6.668,6.46,,,,,,,1
2026-08-31T12:57:07+00:00,EURUSD=X,EUR/USD,fx,USD,ecb,1.1643,1.1645,-0.017,-0.479,1.455,0.25,3.85,2026-08-28,1
2026-08-31T12:57:07+00:00,GBPUSD=X,GBP/USD,fx,PCT,fred,1.3644,1.3639,0.037,0.649,2.486,1.525,5.61,2026-08-21,1
2026-08-31T12:57:07+00:00,JPY=X,USD/JPY,fx,PCT,fred,158.91,158.85,0.038,-0.188,-2.985,-0.182,11.98,2026-08-21,1
2026-08-31T12:57:07+00:00,DX-Y.NYB,Indice dollaro DXY,fx,USD,carry,98.962,98.9,,,,,,,1
2026-08-31T12:57:07+00:00,DTWEXBGS,Indice dollaro Fed (broad),fx,PCT,fred,118.0628,118.2548,-0.162,-0.706,-2.353,-1.026,4.08,2026-08-21,1
2026-08-31T12:57:07+00:00,^FVX,US 5Y Treasury Yield,rate,PCT,fred,4.38,4.37,0.229,-0.228,0.229,6.053,16.13,2026-08-27,1
2026-08-31T12:57:07+00:00,^TNX,US 10Y Treasury Yield,rate,PCT,fred,4.67,4.66,0.215,-0.426,0.0,4.944,16.19,2026-08-27,1
2026-08-31T12:57:07+00:00,^TYX,US 30Y Treasury Yield,rate,PCT,fred,5.19,5.18,0.193,-0.765,-0.192,4.008,13.67,2026-08-27,1
2026-08-31T21:20:32+00:00,^GSPC,S&P 500,equity,PCT,fred,7711.76,7730.99,-0.249,0.487,3.686,1.471,10.63,2026-08-28,1
2026-08-31T21:20:32+00:00,^DJI,Dow Jones,equity,PCT,fred,53559.99,53569.44,-0.018,0.531,2.59,4.857,10.91,2026-08-28,1
2026-08-31T21:20:32+00:00,^IXIC,Nasdaq Composite,equity,PCT,fred,26402.42,26541.35,-0.523,0.848,5.096,-2.527,16.75,2026-08-28,1
2026-08-31T21:20:32+00:00,^RUT,Russell 2000,equity,USD,carry,3007.096,3017.89,,,,,,,1
2026-08-31T21:20:32+00:00,^VIX,VIX (volatilita),vol,PCT,fred,14.43,14.51,-0.551,-4.627,-15.565,-10.149,66.53,2026-08-28,1
2026-08-31T21:20:32+00:00,FTSEMIB.MI,FTSE MIB,equity,EUR,carry,52732.33,53018.0,,,,,,,1
2026-08-31T21:20:32+00:00,^FTSE,FTSE 100 UK,equity,GBP,carry,10886.34,10728.0,,,,,,,1
2026-08-31T21:20:32+00:00,^GDAXI,DAX Germania,equity,EUR,carry,26293.18,26128.36,,,,,,,1
2026-08-31T21:20:32+00:00,^FCHI,CAC 40 Francia,equity,EUR,carry,8452.28,8501.91,,,,,,,1
2026-08-31T21:20:32+00:00,^STOXX50E,Euro Stoxx 50,equity,,carry,6461.45,6444.46,,,,,,,1
2026-08-31T21:20:32+00:00,^N225,Nikkei 225,equity,JPY,carry,65856.43,65326.42,,,,,,,1
2026-08-31T21:20:32+00:00,^HSI,Hang Seng,equity,HKD,carry,25511.1,25471.15,,,,,,,1
2026-08-31T21:20:32+00:00,000001.SS,Shanghai Composite,equity,CNY,carry,3889.445,3894.422,,,,,,,1
2026-08-31T21:20:32+00:00,^BVSP,Bovespa Brasile,equity,BRL,carry,172458.62,166335.0,,,,,,,1
2026-08-31T21:20:32+00:00,BTC-USD,Bitcoin,crypto,USD,coingecko,78804.41184232845,78225.139508,0.741,-0.27,23.294,34.556,42.52,2026-08-31,0
2026-08-31T21:20:32+00:00,ETH-USD,Ethereum,crypto,USD,coingecko,2471.238836726134,2457.089335,0.576,-1.401,32.053,57.421,71.58,2026-08-31,0
2026-08-31T21:20:32+00:00,SOL-USD,Solana,crypto,USD,coingecko,103.30168824508681,105.593887,-2.171,1.228,36.058,40.423,60.06,2026-08-31,0
2026-08-31T21:20:32+00:00,GC=F,Oro (spot),commodity,USD,carry,4693.0,4516.3,,,,,,,1
2026-08-31T21:20:32+00:00,SI=F,Argento (spot),commodity,USD,carry,68.29,68.026,,,,,,,1
2026-08-31T21:20:32+00:00,CL=F,Petrolio WTI,commodity,PCT,fred,83.9,86.34,-2.826,-2.983,-0.415,-9.15,48.15,2026-08-25,1
2026-08-31T21:20:32+00:00,BZ=F,Petrolio Brent,commodity,PCT,fred,88.24,92.71,-4.821,-7.398,-3.899,-4.996,61.88,2026-08-25,1
2026-08-31T21:20:32+00:00,NG=F,Gas naturale,commodity,PCT,fred,2.7,2.83,-4.594,-4.255,2.662,-13.738,55.66,2026-08-25,1
2026-08-31T21:20:32+00:00,HG=F,Rame,commodity,USD,carry,6.668,6.46,,,,,,,1
2026-08-31T21:20:32+00:00,EURUSD=X,EUR/USD,fx,USD,ecb,1.1596,1.1643,-0.404,-0.583,0.966,-0.378,3.94,2026-08-31,0
2026-08-31T21:20:32+00:00,GBPUSD=X,GBP/USD,fx,PCT,fred,1.3555,1.36,-0.331,-0.652,0.683,0.773,3.64,2026-08-28,1
2026-08-31T21:20:32+00:00,JPY=X,USD/JPY,fx,PCT,fred,159.97,159.26,0.446,0.667,0.314,0.194,7.51,2026-08-28,1
2026-08-31T21:20:32+00:00,DX-Y.NYB,Indice dollaro DXY,fx,USD,carry,98.962,98.9,,,,,,,1
2026-08-31T21:20:32+00:00,DTWEXBGS,Indice dollaro Fed (broad),fx,PCT,fred,118.7479,118.3583,0.329,0.58,-0.775,-0.35,3.21,2026-08-28,1
2026-08-31T21:20:32+00:00,^FVX,US 5Y Treasury Yield,rate,PCT,fred,4.48,4.38,2.283,1.129,2.283,7.177,17.17,2026-08-28,1
2026-08-31T21:20:32+00:00,^TNX,US 10Y Treasury Yield,rate,PCT,fred,4.73,4.67,1.285,-0.211,1.068,5.817,15.94,2026-08-28,1
2026-08-31T21:20:32+00:00,^TYX,US 30Y Treasury Yield,rate,PCT,fred,5.22,5.19,0.578,-0.949,0.192,4.609,13.16,2026-08-28,1
2026-09-01T00:43:22+00:00,^GSPC,S&P 500,equity,PCT,fred,7686.14,7711.76,-0.332,0.435,2.623,1.003,9.5,2026-08-31,1
2026-09-01T00:43:22+00:00,^DJI,Dow Jones,equity,PCT,fred,53185.9,53559.99,-0.698,-0.433,1.335,3.66,10.25,2026-08-31,1
2026-09-01T00:43:22+00:00,^IXIC,Nasdaq Composite,equity,PCT,fred,26402.42,26541.35,-0.523,0.848,5.096,-2.527,16.75,2026-08-28,1
2026-09-01T00:43:22+00:00,^RUT,Russell 2000,equity,USD,carry,3007.096,3017.89,,,,,,,1
2026-09-01T00:43:22+00:00,^VIX,VIX (volatilita),vol,PCT,fred,14.43,14.51,-0.551,-4.627,-15.565,-10.149,66.53,2026-08-28,1
2026-09-01T00:43:22+00:00,FTSEMIB.MI,FTSE MIB,equity,EUR,carry,52732.33,53018.0,,,,,,,1
2026-09-01T00:43:22+00:00,^FTSE,FTSE 100 UK,equity,GBP,carry,10886.34,10728.0,,,,,,,1
2026-09-01T00:43:22+00:00,^GDAXI,DAX Germania,equity,EUR,carry,26293.18,26128.36,,,,,,,1
2026-09-01T00:43:22+00:00,^FCHI,CAC 40 Francia,equity,EUR,carry,8452.28,8501.91,,,,,,,1
2026-09-01T00:43:22+00:00,^STOXX50E,Euro Stoxx 50,equity,,carry,6461.45,6444.46,,,,,,,1
2026-09-01T00:43:22+00:00,^N225,Nikkei 225,equity,JPY,carry,65856.43,65326.42,,,,,,,1
2026-09-01T00:43:22+00:00,^HSI,Hang Seng,equity,HKD,carry,25511.1,25471.15,,,,,,,1
2026-09-01T00:43:22+00:00,000001.SS,Shanghai Composite,equity,CNY,carry,3889.445,3894.422,,,,,,,1
2026-09-01T00:43:22+00:00,^BVSP,Bovespa Brasile,equity,BRL,carry,172458.62,166335.0,,,,,,,1
2026-09-01T00:43:22+00:00,BTC-USD,Bitcoin,crypto,USD,coingecko,78720.41211970503,77658.231332,1.368,-1.928,23.896,31.271,42.35,2026-09-01,0
2026-09-01T00:43:22+00:00,ETH-USD,Ethereum,crypto,USD,coingecko,2472.2176708024012,2416.241817,2.317,-1.563,31.467,53.721,71.45,2026-09-01,0
2026-09-01T00:43:22+00:00,SOL-USD,Solana,crypto,USD,coingecko,103.29631042633795,101.682869,1.587,-5.387,35.531,33.524,59.59,2026-09-01,0
2026-09-01T00:43:22+00:00,GC=F,Oro (spot),commodity,USD,carry,4693.0,4516.3,,,,,,,1
2026-09-01T00:43:22+00:00,SI=F,Argento (spot),commodity,USD,carry,68.29,68.026,,,,,,,1
2026-09-01T00:43:22+00:00,CL=F,Petrolio WTI,commodity,PCT,fred,83.9,86.34,-2.826,-2.983,-0.415,-9.15,48.15,2026-08-25,1
2026-09-01T00:43:22+00:00,BZ=F,Petrolio Brent,commodity,PCT,fred,88.24,92.71,-4.821,-7.398,-3.899,-4.996,61.88,2026-08-25,1
2026-09-01T00:43:22+00:00,NG=F,Gas naturale,commodity,PCT,fred,2.7,2.83,-4.594,-4.255,2.662,-13.738,55.66,2026-08-25,1
2026-09-01T00:43:22+00:00,HG=F,Rame,commodity,USD,carry,6.668,6.46,,,,,,,1
2026-09-01T00:43:22+00:00,EURUSD=X,EUR/USD,fx,USD,ecb,1.1596,1.1643,-0.404,-0.583,0.966,-0.378,3.94,2026-08-31,1
2026-09-01T00:43:22+00:00,GBPUSD=X,GBP/USD,fx,PCT,fred,1.3555,1.36,-0.331,-0.652,0.683,0.773,3.64,2026-08-28,1
2026-09-01T00:43:22+00:00,JPY=X,USD/JPY,fx,PCT,fred,159.97,159.26,0.446,0.667,0.314,0.194,7.51,2026-08-28,1
2026-09-01T00:43:22+00:00,DX-Y.NYB,Indice dollaro DXY,fx,USD,carry,98.962,98.9,,,,,,,1
2026-09-01T00:43:22+00:00,DTWEXBGS,Indice dollaro Fed (broad),fx,PCT,fred,118.7479,118.3583,0.329,0.58,-0.775,-0.35,3.21,2026-08-28,1
2026-09-01T00:43:22+00:00,^FVX,US 5Y Treasury Yield,rate,PCT,fred,4.48,4.38,2.283,1.129,2.283,7.177,17.17,2026-08-28,1
2026-09-01T00:43:22+00:00,^TNX,US 10Y Treasury Yield,rate,PCT,fred,4.73,4.67,1.285,-0.211,1.068,5.817,15.94,2026-08-28,1
2026-09-01T00:43:22+00:00,^TYX,US 30Y Treasury Yield,rate,PCT,fred,5.22,5.19,0.578,-0.949,0.192,4.609,13.16,2026-08-28,1
2026-09-01T11:15:00+00:00,^GSPC,S&P 500,equity,PCT,fred,7686.14,7711.76,-0.332,0.435,2.623,1.003,9.5,2026-08-31,1
2026-09-01T11:15:00+00:00,^DJI,Dow Jones,equity,PCT,fred,53185.9,53559.99,-0.698,-0.433,1.335,3.66,10.25,2026-08-31,1
2026-09-01T11:15:00+00:00,^IXIC,Nasdaq Composite,equity,PCT,fred,26370.89,26402.42,-0.119,1.504,3.929,-2.669,15.14,2026-08-31,1
2026-09-01T11:15:00+00:00,^RUT,Russell 2000,equity,USD,carry,3007.096,3017.89,,,,,,,1
2026-09-01T11:15:00+00:00,^VIX,VIX (volatilita),vol,PCT,fred,14.43,14.51,-0.551,-4.627,-15.565,-10.149,66.53,2026-08-28,1
2026-09-01T11:15:00+00:00,FTSEMIB.MI,FTSE MIB,equity,EUR,carry,52732.33,53018.0,,,,,,,1
2026-09-01T11:15:00+00:00,^FTSE,FTSE 100 UK,equity,GBP,carry,10886.34,10728.0,,,,,,,1
2026-09-01T11:15:00+00:00,^GDAXI,DAX Germania,equity,EUR,carry,26293.18,26128.36,,,,,,,1
2026-09-01T11:15:00+00:00,^FCHI,CAC 40 Francia,equity,EUR,carry,8452.28,8501.91,,,,,,,1
2026-09-01T11:15:00+00:00,^STOXX50E,Euro Stoxx 50,equity,,carry,6461.45,6444.46,,,,,,,1
2026-09-01T11:15:00+00:00,^N225,Nikkei 225,equity,JPY,carry,65856.43,65326.42,,,,,,,1
2026-09-01T11:15:00+00:00,^HSI,Hang Seng,equity,HKD,carry,25511.1,25471.15,,,,,,,1
2026-09-01T11:15:00+00:00,000001.SS,Shanghai Composite,equity,CNY,carry,3889.445,3894.422,,,,,,,1
2026-09-01T11:15:00+00:00,^BVSP,Bovespa Brasile,equity,BRL,carry,172458.62,166335.0,,,,,,,1
2026-09-01T11:15:00+00:00,BTC-USD,Bitcoin,crypto,USD,coingecko,77957.6604441052,77658.231332,0.386,-2.879,22.695,29.999,42.77,2026-09-01,0
2026-09-01T11:15:00+00:00,ETH-USD,Ethereum,crypto,USD,coingecko,2453.663498002156,2416.241817,1.549,-2.301,30.48,52.567,71.67,2026-09-01,0
2026-09-01T11:15:00+00:00,SOL-USD,Solana,crypto,USD,coingecko,102.24418736990013,101.682869,0.552,-6.35,34.15,32.164,60.01,2026-09-01,0
2026-09-01T11:15:00+00:00,GC=F,Oro (spot),commodity,USD,carry,4693.0,4516.3,,,,,,,1
2026-09-01T11:15:00+00:00,SI=F,Argento (spot),commodity,USD,carry,68.29,68.026,,,,,,,1
2026-09-01T11:15:00+00:00,CL=F,Petrolio WTI,commodity,PCT,fred,83.9,86.34,-2.826,-2.983,-0.415,-9.15,48.15,2026-08-25,1
2026-09-01T11:15:00+00:00,BZ=F,Petrolio Brent,commodity,PCT,fred,88.24,92.71,-4.821,-7.398,-3.899,-4.996,61.88,2026-08-25,1
2026-09-01T11:15:00+00:00,NG=F,Gas naturale,commodity,PCT,fred,2.7,2.83,-4.594,-4.255,2.662,-13.738,55.66,2026-08-25,1
2026-09-01T11:15:00+00:00,HG=F,Rame,commodity,USD,carry,6.668,6.46,,,,,,,1
2026-09-01T11:15:00+00:00,EURUSD=X,EUR/USD,fx,USD,ecb,1.1596,1.1643,-0.404,-0.583,0.966,-0.378,3.94,2026-08-31,1
2026-09-01T11:15:00+00:00,GBPUSD=X,GBP/USD,fx,PCT,fred,1.3555,1.36,-0.331,-0.652,0.683,0.773,3.64,2026-08-28,1
2026-09-01T11:15:00+00:00,JPY=X,USD/JPY,fx,PCT,fred,159.97,159.26,0.446,0.667,0.314,0.194,7.51,2026-08-28,1
2026-09-01T11:15:00+00:00,DX-Y.NYB,Indice dollaro DXY,fx,USD,carry,98.962,98.9,,,,,,,1
2026-09-01T11:15:00+00:00,DTWEXBGS,Indice dollaro Fed (broad),fx,PCT,fred,118.7479,118.3583,0.329,0.58,-0.775,-0.35,3.21,2026-08-28,1
2026-09-01T11:15:00+00:00,^FVX,US 5Y Treasury Yield,rate,PCT,fred,4.48,4.38,2.283,1.129,2.283,7.177,17.17,2026-08-28,1
2026-09-01T11:15:00+00:00,^TNX,US 10Y Treasury Yield,rate,PCT,fred,4.73,4.67,1.285,-0.211,1.068,5.817,15.94,2026-08-28,1
2026-09-01T11:15:00+00:00,^TYX,US 30Y Treasury Yield,rate,PCT,fred,5.22,5.19,0.578,-0.949,0.192,4.609,13.16,2026-08-28,1
2026-09-01T16:11:47+00:00,^GSPC,S&P 500,equity,PCT,fred,7686.14,7711.76,-0.332,0.435,2.623,1.003,9.5,2026-08-31,1
2026-09-01T16:11:47+00:00,^DJI,Dow Jones,equity,PCT,fred,53185.9,53559.99,-0.698,-0.433,1.335,3.66,10.25,2026-08-31,1
2026-09-01T16:11:47+00:00,^IXIC,Nasdaq Composite,equity,PCT,fred,26370.89,26402.42,-0.119,1.504,3.929,-2.669,15.14,2026-08-31,1
2026-09-01T16:11:47+00:00,^RUT,Russell 2000,equity,USD,carry,3007.096,3017.89,,,,,,,1
2026-09-01T16:11:47+00:00,^VIX,VIX (volatilita),vol,PCT,fred,14.92,14.43,3.396,-5.868,-6.692,-3.117,67.87,2026-08-31,1
2026-09-01T16:11:47+00:00,FTSEMIB.MI,FTSE MIB,equity,EUR,carry,52732.33,53018.0,,,,,,,1
2026-09-01T16:11:47+00:00,^FTSE,FTSE 100 UK,equity,GBP,carry,10886.34,10728.0,,,,,,,1
2026-09-01T16:11:47+00:00,^GDAXI,DAX Germania,equity,EUR,carry,26293.18,26128.36,,,,,,,1
2026-09-01T16:11:47+00:00,^FCHI,CAC 40 Francia,equity,EUR,carry,8452.28,8501.91,,,,,,,1
2026-09-01T16:11:47+00:00,^STOXX50E,Euro Stoxx 50,equity,,carry,6461.45,6444.46,,,,,,,1
2026-09-01T16:11:47+00:00,^N225,Nikkei 225,equity,JPY,carry,65856.43,65326.42,,,,,,,1
2026-09-01T16:11:47+00:00,^HSI,Hang Seng,equity,HKD,carry,25511.1,25471.15,,,,,,,1
2026-09-01T16:11:47+00:00,000001.SS,Shanghai Composite,equity,CNY,carry,3889.445,3894.422,,,,,,,1
2026-09-01T16:11:47+00:00,^BVSP,Bovespa Brasile,equity,BRL,carry,172458.62,166335.0,,,,,,,1
2026-09-01T16:11:47+00:00,BTC-USD,Bitcoin,crypto,USD,coingecko,77779.67918066499,77658.231332,0.156,-3.1,22.415,29.703,42.9,2026-09-01,0
2026-09-01T16:11:47+00:00,ETH-USD,Ethereum,crypto,USD,coingecko,2439.7153896688687,2416.241817,0.971,-2.857,29.739,51.7,71.91,2026-09-01,0
2026-09-01T16:11:47+00:00,SOL-USD,Solana,crypto,USD,coingecko,101.665734341253,101.682869,-0.017,-6.88,33.391,31.416,60.33,2026-09-01,0
2026-09-01T16:11:47+00:00,GC=F,Oro (spot),commodity,USD,carry,4693.0,4516.3,,,,,,,1
2026-09-01T16:11:47+00:00,SI=F,Argento (spot),commodity,USD,carry,68.29,68.026,,,,,,,1
2026-09-01T16:11:47+00:00,CL=F,Petrolio WTI,commodity,PCT,fred,83.9,86.34,-2.826,-2.983,-0.415,-9.15,48.15,2026-08-25,1
2026-09-01T16:11:47+00:00,BZ=F,Petrolio Brent,commodity,PCT,fred,88.24,92.71,-4.821,-7.398,-3.899,-4.996,61.88,2026-08-25,1
2026-09-01T16:11:47+00:00,NG=F,Gas naturale,commodity,PCT,fred,2.7,2.83,-4.594,-4.255,2.662,-13.738,55.66,2026-08-25,1
2026-09-01T16:11:47+00:00,HG=F,Rame,commodity,USD,carry,6.668,6.46,,,,,,,1
2026-09-01T16:11:47+00:00,EURUSD=X,EUR/USD,fx,USD,ecb,1.159,1.1596,-0.052,-0.617,0.477,-0.43,3.88,2026-09-01,0
2026-09-01T16:11:47+00:00,GBPUSD=X,GBP/USD,fx,PCT,fred,1.3555,1.36,-0.331,-0.652,0.683,0.773,3.64,2026-08-28,1
2026-09-01T16:11:47+00:00,JPY=X,USD/JPY,fx,PCT,fred,159.97,159.26,0.446,0.667,0.314,0.194,7.51,2026-08-28,1
2026-09-01T16:11:47+00:00,DX-Y.NYB,Indice dollaro DXY,fx,USD,carry,98.962,98.9,,,,,,,1
2026-09-01T16:11:47+00:00,DTWEXBGS,Indice dollaro Fed (broad),fx,PCT,fred,118.7479,118.3583,0.329,0.58,-0.775,-0.35,3.21,2026-08-28,1
2026-09-01T16:11:47+00:00,^FVX,US 5Y Treasury Yield,rate,PCT,fred,4.48,4.38,2.283,1.129,2.283,7.177,17.17,2026-08-28,1
2026-09-01T16:11:47+00:00,^TNX,US 10Y Treasury Yield,rate,PCT,fred,4.73,4.67,1.285,-0.211,1.068,5.817,15.94,2026-08-28,1
2026-09-01T16:11:47+00:00,^TYX,US 30Y Treasury Yield,rate,PCT,fred,5.22,5.19,0.578,-0.949,0.192,4.609,13.16,2026-08-28,1
2026-09-01T23:27:53+00:00,^GSPC,S&P 500,equity,PCT,fred,7686.14,7711.76,-0.332,0.435,2.623,1.003,9.5,2026-08-31,1
2026-09-01T23:27:53+00:00,^DJI,Dow Jones,equity,PCT,fred,52766.88,53185.9,-0.788,-1.513,-0.774,4.103,8.41,2026-09-01,0
2026-09-01T23:27:53+00:00,^IXIC,Nasdaq Composite,equity,PCT,fred,26370.89,26402.42,-0.119,1.504,3.929,-2.669,15.14,2026-08-31,1
2026-09-01T23:27:53+00:00,^RUT,Russell 2000,equity,USD,carry,3007.096,3017.89,,,,,,,1
2026-09-01T23:27:53+00:00,^VIX,VIX (volatilita),vol,PCT,fred,14.92,14.43,3.396,-5.868,-6.692,-3.117,67.87,2026-08-31,1
2026-09-01T23:27:53+00:00,FTSEMIB.MI,FTSE MIB,equity,EUR,carry,52732.33,53018.0,,,,,,,1
2026-09-01T23:27:53+00:00,^FTSE,FTSE 100 UK,equity,GBP,carry,10886.34,10728.0,,,,,,,1
2026-09-01T23:27:53+00:00,^GDAXI,DAX Germania,equity,EUR,carry,26293.18,26128.36,,,,,,,1
2026-09-01T23:27:53+00:00,^FCHI,CAC 40 Francia,equity,EUR,carry,8452.28,8501.91,,,,,,,1
2026-09-01T23:27:53+00:00,^STOXX50E,Euro Stoxx 50,equity,,carry,6461.45,6444.46,,,,,,,1
2026-09-01T23:27:53+00:00,^N225,Nikkei 225,equity,JPY,carry,65856.43,65326.42,,,,,,,1
2026-09-01T23:27:53+00:00,^HSI,Hang Seng,equity,HKD,carry,25511.1,25471.15,,,,,,,1
2026-09-01T23:27:53+00:00,000001.SS,Shanghai Composite,equity,CNY,carry,3889.445,3894.422,,,,,,,1
2026-09-01T23:27:53+00:00,^BVSP,Bovespa Brasile,equity,BRL,carry,172458.62,166335.0,,,,,,,1
2026-09-01T23:27:53+00:00,BTC-USD,Bitcoin,crypto,USD,coingecko,77291.57354778187,77658.231332,-0.472,-3.709,21.647,28.889,43.35,2026-09-01,0
2026-09-01T23:27:53+00:00,ETH-USD,Ethereum,crypto,USD,coingecko,2413.639947965955,2416.241817,-0.108,-3.895,28.352,50.078,72.49,2026-09-01,0
2026-09-01T23:27:53+00:00,SOL-USD,Solana,crypto,USD,coingecko,99.79715714479472,101.682869,-1.855,-8.592,30.94,29.001,61.8,2026-09-01,0
2026-09-01T23:27:53+00:00,GC=F,Oro (spot),commodity,USD,carry,4693.0,4516.3,,,,,,,1
2026-09-01T23:27:53+00:00,SI=F,Argento (spot),commodity,USD,carry,68.29,68.026,,,,,,,1
2026-09-01T23:27:53+00:00,CL=F,Petrolio WTI,commodity,PCT,fred,83.9,86.34,-2.826,-2.983,-0.415,-9.15,48.15,2026-08-25,1
2026-09-01T23:27:53+00:00,BZ=F,Petrolio Brent,commodity,PCT,fred,88.24,92.71,-4.821,-7.398,-3.899,-4.996,61.88,2026-08-25,1
2026-09-01T23:27:53+00:00,NG=F,Gas naturale,commodity,PCT,fred,2.7,2.83,-4.594,-4.255,2.662,-13.738,55.66,2026-08-25,1
2026-09-01T23:27:53+00:00,HG=F,Rame,commodity,USD,carry,6.668,6.46,,,,,,,1
2026-09-01T23:27:53+00:00,EURUSD=X,EUR/USD,fx,USD,ecb,1.159,1.1596,-0.052,-0.617,0.477,-0.43,3.88,2026-09-01,0
2026-09-01T23:27:53+00:00,GBPUSD=X,GBP/USD,fx,PCT,fred,1.3555,1.36,-0.331,-0.652,0.683,0.773,3.64,2026-08-28,1
2026-09-01T23:27:53+00:00,JPY=X,USD/JPY,fx,PCT,fred,159.97,159.26,0.446,0.667,0.314,0.194,7.51,2026-08-28,1
2026-09-01T23:27:53+00:00,DX-Y.NYB,Indice dollaro DXY,fx,USD,carry,98.962,98.9,,,,,,,1
2026-09-01T23:27:53+00:00,DTWEXBGS,Indice dollaro Fed (broad),fx,PCT,fred,118.7479,118.3583,0.329,0.58,-0.775,-0.35,3.21,2026-08-28,1
2026-09-01T23:27:53+00:00,^FVX,US 5Y Treasury Yield,rate,PCT,fred,4.49,4.48,0.223,1.814,0.899,7.674,16.62,2026-08-31,1
2026-09-01T23:27:53+00:00,^TNX,US 10Y Treasury Yield,rate,PCT,fred,4.75,4.73,0.423,1.064,0.0,6.502,15.52,2026-08-31,1
2026-09-01T23:27:53+00:00,^TYX,US 30Y Treasury Yield,rate,PCT,fred,5.25,5.22,0.575,0.382,-0.38,5.634,13.05,2026-08-31,1
2026-09-02T10:49:00+00:00,^GSPC,S&P 500,equity,PCT,fred,7631.47,7686.14,-0.711,-0.597,0.407,1.03,7.36,2026-09-01,1
2026-09-02T10:49:00+00:00,^DJI,Dow Jones,equity,PCT,fred,52766.88,53185.9,-0.788,-1.513,-0.774,4.103,8.41,2026-09-01,1
2026-09-02T10:49:00+00:00,^IXIC,Nasdaq Composite,equity,PCT,fred,26099.77,26370.89,-1.028,-0.197,0.717,-2.809,12.43,2026-09-01,1
2026-09-02T10:49:00+00:00,^RUT,Russell 2000,equity,USD,carry,3007.096,3017.89,,,,,,,1
2026-09-02T10:49:00+00:00,^VIX,VIX (volatilita),vol,PCT,fred,14.92,14.43,3.396,-5.868,-6.692,-3.117,67.87,2026-08-31,1
2026-09-02T10:49:00+00:00,FTSEMIB.MI,FTSE MIB,equity,EUR,carry,52732.33,53018.0,,,,,,,1
2026-09-02T10:49:00+00:00,^FTSE,FTSE 100 UK,equity,GBP,carry,10886.34,10728.0,,,,,,,1
2026-09-02T10:49:00+00:00,^GDAXI,DAX Germania,equity,EUR,carry,26293.18,26128.36,,,,,,,1
2026-09-02T10:49:00+00:00,^FCHI,CAC 40 Francia,equity,EUR,carry,8452.28,8501.91,,,,,,,1
2026-09-02T10:49:00+00:00,^STOXX50E,Euro Stoxx 50,equity,,carry,6461.45,6444.46,,,,,,,1
2026-09-02T10:49:00+00:00,^N225,Nikkei 225,equity,JPY,carry,65856.43,65326.42,,,,,,,1
2026-09-02T10:49:00+00:00,^HSI,Hang Seng,equity,HKD,carry,25511.1,25471.15,,,,,,,1
2026-09-02T10:49:00+00:00,000001.SS,Shanghai Composite,equity,CNY,carry,3889.445,3894.422,,,,,,,1
2026-09-02T10:49:00+00:00,^BVSP,Bovespa Brasile,equity,BRL,carry,172458.62,166335.0,,,,,,,1
2026-09-02T10:49:00+00:00,BTC-USD,Bitcoin,crypto,USD,coingecko,76502.86821292863,78552.779329,-2.61,-1.694,20.651,24.415,43.81,2026-09-02,0
2026-09-02T10:49:00+00:00,ETH-USD,Ethereum,crypto,USD,coingecko,2362.049030771297,2466.565659,-4.237,-3.29,25.792,39.062,73.48,2026-09-02,0
2026-09-02T10:49:00+00:00,SOL-USD,Solana,crypto,USD,coingecko,97.86595043311257,103.010682,-4.994,-6.001,29.523,21.392,62.91,2026-09-02,0
2026-09-02T10:49:00+00:00,GC=F,Oro (spot),commodity,USD,carry,4693.0,4516.3,,,,,,,1
2026-09-02T10:49:00+00:00,SI=F,Argento (spot),commodity,USD,carry,68.29,68.026,,,,,,,1
2026-09-02T10:49:00+00:00,CL=F,Petrolio WTI,commodity,PCT,fred,83.9,86.34,-2.826,-2.983,-0.415,-9.15,48.15,2026-08-25,1
2026-09-02T10:49:00+00:00,BZ=F,Petrolio Brent,commodity,PCT,fred,88.24,92.71,-4.821,-7.398,-3.899,-4.996,61.88,2026-08-25,1
2026-09-02T10:49:00+00:00,NG=F,Gas naturale,commodity,PCT,fred,2.7,2.83,-4.594,-4.255,2.662,-13.738,55.66,2026-08-25,1
2026-09-02T10:49:00+00:00,HG=F,Rame,commodity,USD,carry,6.668,6.46,,,,,,,1
2026-09-02T10:49:00+00:00,EURUSD=X,EUR/USD,fx,USD,ecb,1.159,1.1596,-0.052,-0.617,0.477,-0.43,3.88,2026-09-01,1
2026-09-02T10:49:00+00:00,GBPUSD=X,GBP/USD,fx,PCT,fred,1.3555,1.36,-0.331,-0.652,0.683,0.773,3.64,2026-08-28,1
2026-09-02T10:49:00+00:00,JPY=X,USD/JPY,fx,PCT,fred,159.97,159.26,0.446,0.667,0.314,0.194,7.51,2026-08-28,1
2026-09-02T10:49:00+00:00,DX-Y.NYB,Indice dollaro DXY,fx,USD,carry,98.962,98.9,,,,,,,1
2026-09-02T10:49:00+00:00,DTWEXBGS,Indice dollaro Fed (broad),fx,PCT,fred,118.7479,118.3583,0.329,0.58,-0.775,-0.35,3.21,2026-08-28,1
2026-09-02T10:49:00+00:00,^FVX,US 5Y Treasury Yield,rate,PCT,fred,4.49,4.48,0.223,1.814,0.899,7.674,16.62,2026-08-31,1
2026-09-02T10:49:00+00:00,^TNX,US 10Y Treasury Yield,rate,PCT,fred,4.75,4.73,0.423,1.064,0.0,6.502,15.52,2026-08-31,1
2026-09-02T10:49:00+00:00,^TYX,US 30Y Treasury Yield,rate,PCT,fred,5.25,5.22,0.575,0.382,-0.38,5.634,13.05,2026-08-31,1
2026-09-02T16:07:28+00:00,^GSPC,S&P 500,equity,PCT,fred,7631.47,7686.14,-0.711,-0.597,0.407,1.03,7.36,2026-09-01,1
2026-09-02T16:07:28+00:00,^DJI,Dow Jones,equity,PCT,fred,52766.88,53185.9,-0.788,-1.513,-0.774,4.103,8.41,2026-09-01,1
2026-09-02T16:07:28+00:00,^IXIC,Nasdaq Composite,equity,PCT,fred,26099.77,26370.89,-1.028,-0.197,0.717,-2.809,12.43,2026-09-01,1
2026-09-02T16:07:28+00:00,^RUT,Russell 2000,equity,USD,carry,3007.096,3017.89,,,,,,,1
2026-09-02T16:07:28+00:00,^VIX,VIX (volatilita),vol,PCT,fred,16.34,14.92,9.517,5.761,3.026,-24.035,74.86,2026-09-01,1
2026-09-02T16:07:28+00:00,FTSEMIB.MI,FTSE MIB,equity,EUR,carry,52732.33,53018.0,,,,,,,1
2026-09-02T16:07:28+00:00,^FTSE,FTSE 100 UK,equity,GBP,carry,10886.34,10728.0,,,,,,,1
2026-09-02T16:07:28+00:00,^GDAXI,DAX Germania,equity,EUR,carry,26293.18,26128.36,,,,,,,1
2026-09-02T16:07:28+00:00,^FCHI,CAC 40 Francia,equity,EUR,carry,8452.28,8501.91,,,,,,,1
2026-09-02T16:07:28+00:00,^STOXX50E,Euro Stoxx 50,equity,,carry,6461.45,6444.46,,,,,,,1
2026-09-02T16:07:28+00:00,^N225,Nikkei 225,equity,JPY,carry,65856.43,65326.42,,,,,,,1
2026-09-02T16:07:28+00:00,^HSI,Hang Seng,equity,HKD,carry,25511.1,25471.15,,,,,,,1
2026-09-02T16:07:28+00:00,000001.SS,Shanghai Composite,equity,CNY,carry,3889.445,3894.422,,,,,,,1
2026-09-02T16:07:28+00:00,^BVSP,Bovespa Brasile,equity,BRL,carry,172458.62,166335.0,,,,,,,1
2026-09-02T16:07:28+00:00,BTC-USD,Bitcoin,crypto,USD,coingecko,77216.84899827786,78552.779329,-1.701,-0.776,21.777,25.576,43.33,2026-09-02,0
2026-09-02T16:07:28+00:00,ETH-USD,Ethereum,crypto,USD,coingecko,2388.5855653992517,2466.565659,-3.161,-2.204,27.205,40.624,72.88,2026-09-02,0
2026-09-02T16:07:28+00:00,SOL-USD,Solana,crypto,USD,coingecko,99.16522931735798,103.010682,-3.733,-4.753,31.243,23.004,62.14,2026-09-02,0
2026-09-02T16:07:28+00:00,GC=F,Oro (spot),commodity,USD,carry,4693.0,4516.3,,,,,,,1
2026-09-02T16:07:28+00:00,SI=F,Argento (spot),commodity,USD,carry,68.29,68.026,,,,,,,1
2026-09-02T16:07:28+00:00,CL=F,Petrolio WTI,commodity,PCT,fred,83.9,86.34,-2.826,-2.983,-0.415,-9.15,48.15,2026-08-25,1
2026-09-02T16:07:28+00:00,BZ=F,Petrolio Brent,commodity,PCT,fred,88.24,92.71,-4.821,-7.398,-3.899,-4.996,61.88,2026-08-25,1
2026-09-02T16:07:28+00:00,NG=F,Gas naturale,commodity,PCT,fred,2.7,2.83,-4.594,-4.255,2.662,-13.738,55.66,2026-08-25,1
2026-09-02T16:07:28+00:00,HG=F,Rame,commodity,USD,carry,6.668,6.46,,,,,,,1
2026-09-02T16:07:28+00:00,EURUSD=X,EUR/USD,fx,USD,ecb,1.1578,1.159,-0.104,-0.78,0.547,0.329,3.73,2026-09-02,0
2026-09-02T16:07:28+00:00,GBPUSD=X,GBP/USD,fx,PCT,fred,1.3555,1.36,-0.331,-0.652,0.683,0.773,3.64,2026-08-28,1
2026-09-02T16:07:28+00:00,JPY=X,USD/JPY,fx,PCT,fred,159.97,159.26,0.446,0.667,0.314,0.194,7.51,2026-08-28,1
2026-09-02T16:07:28+00:00,DX-Y.NYB,Indice dollaro DXY,fx,USD,carry,98.962,98.9,,,,,,,1
2026-09-02T16:07:28+00:00,DTWEXBGS,Indice dollaro Fed (broad),fx,PCT,fred,118.7479,118.3583,0.329,0.58,-0.775,-0.35,3.21,2026-08-28,1
2026-09-02T16:07:28+00:00,^FVX,US 5Y Treasury Yield,rate,PCT,fred,4.49,4.48,0.223,1.814,0.899,7.674,16.62,2026-08-31,1
2026-09-02T16:07:28+00:00,^TNX,US 10Y Treasury Yield,rate,PCT,fred,4.75,4.73,0.423,1.064,0.0,6.502,15.52,2026-08-31,1
2026-09-02T16:07:28+00:00,^TYX,US 30Y Treasury Yield,rate,PCT,fred,5.25,5.22,0.575,0.382,-0.38,5.634,13.05,2026-08-31,1
2026-09-02T23:28:48+00:00,^GSPC,S&P 500,equity,PCT,fred,7631.47,7686.14,-0.711,-0.597,0.407,1.03,7.36,2026-09-01,1
2026-09-02T23:28:48+00:00,^DJI,Dow Jones,equity,PCT,fred,53061.95,52766.88,0.559,-0.752,-1.893,2.909,8.49,2026-09-02,0
2026-09-02T23:28:48+00:00,^IXIC,Nasdaq Composite,equity,PCT,fred,26099.77,26370.89,-1.028,-0.197,0.717,-2.809,12.43,2026-09-01,1
2026-09-02T23:28:48+00:00,^RUT,Russell 2000,equity,USD,carry,3007.096,3017.89,,,,,,,1
2026-09-02T23:28:48+00:00,^VIX,VIX (volatilita),vol,PCT,fred,16.34,14.92,9.517,5.761,3.026,-24.035,74.86,2026-09-01,1
2026-09-02T23:28:48+00:00,FTSEMIB.MI,FTSE MIB,equity,EUR,carry,52732.33,53018.0,,,,,,,1
2026-09-02T23:28:48+00:00,^FTSE,FTSE 100 UK,equity,GBP,carry,10886.34,10728.0,,,,,,,1
2026-09-02T23:28:48+00:00,^GDAXI,DAX Germania,equity,EUR,carry,26293.18,26128.36,,,,,,,1
2026-09-02T23:28:48+00:00,^FCHI,CAC 40 Francia,equity,EUR,carry,8452.28,8501.91,,,,,,,1
2026-09-02T23:28:48+00:00,^STOXX50E,Euro Stoxx 50,equity,,carry,6461.45,6444.46,,,,,,,1
2026-09-02T23:28:48+00:00,^N225,Nikkei 225,equity,JPY,carry,65856.43,65326.42,,,,,,,1
2026-09-02T23:28:48+00:00,^HSI,Hang Seng,equity,HKD,carry,25511.1,25471.15,,,,,,,1
2026-09-02T23:28:48+00:00,000001.SS,Shanghai Composite,equity,CNY,carry,3889.445,3894.422,,,,,,,1
2026-09-02T23:28:48+00:00,^BVSP,Bovespa Brasile,equity,BRL,carry,172458.62,166335.0,,,,,,,1
2026-09-02T23:28:48+00:00,BTC-USD,Bitcoin,crypto,USD,coingecko,77160.0960250758,78552.779329,-1.773,-0.849,21.687,25.484,43.36,2026-09-02,0
2026-09-02T23:28:48+00:00,ETH-USD,Ethereum,crypto,USD,coingecko,2384.4283180658367,2466.565659,-3.33,-2.374,26.984,40.379,72.96,2026-09-02,0
2026-09-02T23:28:48+00:00,SOL-USD,Solana,crypto,USD,coingecko,99.89555970610544,103.010682,-3.024,-4.052,32.209,23.91,61.85,2026-09-02,0
2026-09-02T23:28:48+00:00,GC=F,Oro (spot),commodity,USD,carry,4693.0,4516.3,,,,,,,1
2026-09-02T23:28:48+00:00,SI=F,Argento (spot),commodity,USD,carry,68.29,68.026,,,,,,,1
2026-09-02T23:28:48+00:00,CL=F,Petrolio WTI,commodity,PCT,fred,91.48,87.03,5.113,9.035,11.615,-8.3,36.28,2026-09-01,1
2026-09-02T23:28:48+00:00,BZ=F,Petrolio Brent,commodity,PCT,fred,96.02,89.75,6.986,3.57,-0.959,-2.991,49.82,2026-09-01,1
2026-09-02T23:28:48+00:00,NG=F,Gas naturale,commodity,PCT,fred,2.9,2.9,0.0,7.407,3.203,-2.357,47.86,2026-09-01,1
2026-09-02T23:28:48+00:00,HG=F,Rame,commodity,USD,carry,6.668,6.46,,,,,,,1
2026-09-02T23:28:48+00:00,EURUSD=X,EUR/USD,fx,USD,ecb,1.1578,1.159,-0.104,-0.78,0.547,0.329,3.73,2026-09-02,0
2026-09-02T23:28:48+00:00,GBPUSD=X,GBP/USD,fx,PCT,fred,1.3555,1.36,-0.331,-0.652,0.683,0.773,3.64,2026-08-28,1
2026-09-02T23:28:48+00:00,JPY=X,USD/JPY,fx,PCT,fred,159.97,159.26,0.446,0.667,0.314,0.194,7.51,2026-08-28,1
2026-09-02T23:28:48+00:00,DX-Y.NYB,Indice dollaro DXY,fx,USD,carry,98.962,98.9,,,,,,,1
2026-09-02T23:28:48+00:00,DTWEXBGS,Indice dollaro Fed (broad),fx,PCT,fred,118.7479,118.3583,0.329,0.58,-0.775,-0.35,3.21,2026-08-28,1
2026-09-02T23:28:48+00:00,^FVX,US 5Y Treasury Yield,rate,PCT,fred,4.55,4.49,1.336,4.598,3.409,8.076,15.89,2026-09-01,1
2026-09-02T23:28:48+00:00,^TNX,US 10Y Treasury Yield,rate,PCT,fred,4.79,4.75,0.842,3.233,1.915,6.682,14.62,2026-09-01,1
2026-09-02T23:28:48+00:00,^TYX,US 30Y Treasury Yield,rate,PCT,fred,5.27,5.25,0.381,1.934,0.765,5.611,12.57,2026-09-01,1
2026-09-03T10:49:03+00:00,^GSPC,S&P 500,equity,PCT,fred,7666.6,7631.47,0.46,-0.119,-0.904,1.085,7.59,2026-09-02,1
2026-09-03T10:49:03+00:00,^DJI,Dow Jones,equity,PCT,fred,53061.95,52766.88,0.559,-0.752,-1.893,2.909,8.49,2026-09-02,1
2026-09-03T10:49:03+00:00,^IXIC,Nasdaq Composite,equity,PCT,fred,26217.83,26099.77,0.452,0.335,-1.381,-2.285,12.25,2026-09-02,1
2026-09-03T10:49:03+00:00,^RUT,Russell 2000,equity,USD,carry,3007.096,3017.89,,,,,,,1
2026-09-03T10:49:03+00:00,^VIX,VIX (volatilita),vol,PCT,fred,16.34,14.92,9.517,5.761,3.026,-24.035,74.86,2026-09-01,1
2026-09-03T10:49:03+00:00,FTSEMIB.MI,FTSE MIB,equity,EUR,carry,52732.33,53018.0,,,,,,,1
2026-09-03T10:49:03+00:00,^FTSE,FTSE 100 UK,equity,GBP,carry,10886.34,10728.0,,,,,,,1
2026-09-03T10:49:03+00:00,^GDAXI,DAX Germania,equity,EUR,carry,26293.18,26128.36,,,,,,,1
2026-09-03T10:49:03+00:00,^FCHI,CAC 40 Francia,equity,EUR,carry,8452.28,8501.91,,,,,,,1
2026-09-03T10:49:03+00:00,^STOXX50E,Euro Stoxx 50,equity,,carry,6461.45,6444.46,,,,,,,1
2026-09-03T10:49:03+00:00,^N225,Nikkei 225,equity,JPY,carry,65856.43,65326.42,,,,,,,1
2026-09-03T10:49:03+00:00,^HSI,Hang Seng,equity,HKD,carry,25511.1,25471.15,,,,,,,1
2026-09-03T10:49:03+00:00,000001.SS,Shanghai Composite,equity,CNY,carry,3889.445,3894.422,,,,,,,1
2026-09-03T10:49:03+00:00,^BVSP,Bovespa Brasile,equity,BRL,carry,172458.62,166335.0,,,,,,,1
2026-09-03T10:49:03+00:00,BTC-USD,Bitcoin,crypto,USD,coingecko,77492.98975901083,77416.44111,0.099,-0.936,22.172,23.883,42.91,2026-09-03,0
2026-09-03T10:49:03+00:00,ETH-USD,Ethereum,crypto,USD,coingecko,2391.0951287382127,2417.675888,-1.099,-2.686,26.889,36.091,72.79,2026-09-03,0
2026-09-03T10:49:03+00:00,SOL-USD,Solana,crypto,USD,coingecko,99.96641504300833,99.965285,0.001,-5.329,31.186,21.479,61.37,2026-09-03,0
2026-09-03T10:49:03+00:00,GC=F,Oro (spot),commodity,USD,carry,4693.0,4516.3,,,,,,,1
2026-09-03T10:49:03+00:00,SI=F,Argento (spot),commodity,USD,carry,68.29,68.026,,,,,,,1
2026-09-03T10:49:03+00:00,CL=F,Petrolio WTI,commodity,PCT,fred,91.48,87.03,5.113,9.035,11.615,-8.3,36.28,2026-09-01,1
2026-09-03T10:49:03+00:00,BZ=F,Petrolio Brent,commodity,PCT,fred,96.02,89.75,6.986,3.57,-0.959,-2.991,49.82,2026-09-01,1
2026-09-03T10:49:03+00:00,NG=F,Gas naturale,commodity,PCT,fred,2.9,2.9,0.0,7.407,3.203,-2.357,47.86,2026-09-01,1
2026-09-03T10:49:03+00:00,HG=F,Rame,commodity,USD,carry,6.668,6.46,,,,,,,1
2026-09-03T10:49:03+00:00,EURUSD=X,EUR/USD,fx,USD,ecb,1.1578,1.159,-0.104,-0.78,0.547,0.329,3.73,2026-09-02,1
2026-09-03T10:49:03+00:00,GBPUSD=X,GBP/USD,fx,PCT,fred,1.3555,1.36,-0.331,-0.652,0.683,0.773,3.64,2026-08-28,1
2026-09-03T10:49:03+00:00,JPY=X,USD/JPY,fx,PCT,fred,159.97,159.26,0.446,0.667,0.314,0.194,7.51,2026-08-28,1
2026-09-03T10:49:03+00:00,DX-Y.NYB,Indice dollaro DXY,fx,USD,carry,98.962,98.9,,,,,,,1
2026-09-03T10:49:03+00:00,DTWEXBGS,Indice dollaro Fed (broad),fx,PCT,fred,118.7479,118.3583,0.329,0.58,-0.775,-0.35,3.21,2026-08-28,1
2026-09-03T10:49:03+00:00,^FVX,US 5Y Treasury Yield,rate,PCT,fred,4.55,4.49,1.336,4.598,3.409,8.076,15.89,2026-09-01,1
2026-09-03T10:49:03+00:00,^TNX,US 10Y Treasury Yield,rate,PCT,fred,4.79,4.75,0.842,3.233,1.915,6.682,14.62,2026-09-01,1
2026-09-03T10:49:03+00:00,^TYX,US 30Y Treasury Yield,rate,PCT,fred,5.27,5.25,0.381,1.934,0.765,5.611,12.57,2026-09-01,1
2026-09-03T15:56:52+00:00,^GSPC,S&P 500,equity,PCT,fred,7666.6,7631.47,0.46,-0.119,-0.904,1.085,7.59,2026-09-02,1
2026-09-03T15:56:52+00:00,^DJI,Dow Jones,equity,PCT,fred,53061.95,52766.88,0.559,-0.752,-1.893,2.909,8.49,2026-09-02,1
2026-09-03T15:56:52+00:00,^IXIC,Nasdaq Composite,equity,PCT,fred,26217.83,26099.77,0.452,0.335,-1.381,-2.285,12.25,2026-09-02,1
2026-09-03T15:56:52+00:00,^RUT,Russell 2000,equity,USD,carry,3007.096,3017.89,,,,,,,1
2026-09-03T15:56:52+00:00,^VIX,VIX (volatilita),vol,PCT,fred,15.2,16.34,-6.977,-0.066,-7.879,-19.662,77.57,2026-09-02,1
2026-09-03T15:56:52+00:00,FTSEMIB.MI,FTSE MIB,equity,EUR,carry,52732.33,53018.0,,,,,,,1
2026-09-03T15:56:52+00:00,^FTSE,FTSE 100 UK,equity,GBP,carry,10886.34,10728.0,,,,,,,1
2026-09-03T15:56:52+00:00,^GDAXI,DAX Germania,equity,EUR,carry,26293.18,26128.36,,,,,,,1
2026-09-03T15:56:52+00:00,^FCHI,CAC 40 Francia,equity,EUR,carry,8452.28,8501.91,,,,,,,1
2026-09-03T15:56:52+00:00,^STOXX50E,Euro Stoxx 50,equity,,carry,6461.45,6444.46,,,,,,,1
2026-09-03T15:56:52+00:00,^N225,Nikkei 225,equity,JPY,carry,65856.43,65326.42,,,,,,,1
2026-09-03T15:56:52+00:00,^HSI,Hang Seng,equity,HKD,carry,25511.1,25471.15,,,,,,,1
2026-09-03T15:56:52+00:00,000001.SS,Shanghai Composite,equity,CNY,carry,3889.445,3894.422,,,,,,,1
2026-09-03T15:56:52+00:00,^BVSP,Bovespa Brasile,equity,BRL,carry,172458.62,166335.0,,,,,,,1
2026-09-03T15:56:52+00:00,BTC-USD,Bitcoin,crypto,USD,coingecko,81249.84135466603,77416.44111,4.952,3.867,28.095,29.888,45.09,2026-09-03,0
2026-09-03T15:56:52+00:00,ETH-USD,Ethereum,crypto,USD,coingecko,2510.5556246950177,2417.675888,3.842,2.176,33.229,42.89,73.77,2026-09-03,0
2026-09-03T15:56:52+00:00,SOL-USD,Solana,crypto,USD,coingecko,105.06200004258051,99.965285,5.098,-0.504,37.873,27.671,61.91,2026-09-03,0
2026-09-03T15:56:52+00:00,GC=F,Oro (spot),commodity,USD,carry,4693.0,4516.3,,,,,,,1
2026-09-03T15:56:52+00:00,SI=F,Argento (spot),commodity,USD,carry,68.29,68.026,,,,,,,1
2026-09-03T15:56:52+00:00,CL=F,Petrolio WTI,commodity,PCT,fred,91.48,87.03,5.113,9.035,11.615,-8.3,36.28,2026-09-01,1
2026-09-03T15:56:52+00:00,BZ=F,Petrolio Brent,commodity,PCT,fred,96.02,89.75,6.986,3.57,-0.959,-2.991,49.82,2026-09-01,1
2026-09-03T15:56:52+00:00,NG=F,Gas naturale,commodity,PCT,fred,2.9,2.9,0.0,7.407,3.203,-2.357,47.86,2026-09-01,1
2026-09-03T15:56:52+00:00,HG=F,Rame,commodity,USD,carry,6.668,6.46,,,,,,,1
2026-09-03T15:56:52+00:00,EURUSD=X,EUR/USD,fx,USD,ecb,1.1615,1.1578,0.32,-0.258,0.528,0.363,3.86,2026-09-03,0
2026-09-03T15:56:52+00:00,GBPUSD=X,GBP/USD,fx,PCT,fred,1.3555,1.36,-0.331,-0.652,0.683,0.773,3.64,2026-08-28,1
2026-09-03T15:56:52+00:00,JPY=X,USD/JPY,fx,PCT,fred,159.97,159.26,0.446,0.667,0.314,0.194,7.51,2026-08-28,1
2026-09-03T15:56:52+00:00,DX-Y.NYB,Indice dollaro DXY,fx,USD,carry,98.962,98.9,,,,,,,1
2026-09-03T15:56:52+00:00,DTWEXBGS,Indice dollaro Fed (broad),fx,PCT,fred,118.7479,118.3583,0.329,0.58,-0.775,-0.35,3.21,2026-08-28,1
2026-09-03T15:56:52+00:00,^FVX,US 5Y Treasury Yield,rate,PCT,fred,4.55,4.49,1.336,4.598,3.409,8.076,15.89,2026-09-01,1
2026-09-03T15:56:52+00:00,^TNX,US 10Y Treasury Yield,rate,PCT,fred,4.79,4.75,0.842,3.233,1.915,6.682,14.62,2026-09-01,1
2026-09-03T15:56:52+00:00,^TYX,US 30Y Treasury Yield,rate,PCT,fred,5.27,5.25,0.381,1.934,0.765,5.611,12.57,2026-09-01,1
2026-09-03T19:13:25+00:00,^GSPC,S&P 500,equity,PCT,fred,7666.6,7631.47,0.46,-0.119,-0.904,1.085,7.59,2026-09-02,1
2026-09-03T19:13:25+00:00,^DJI,Dow Jones,equity,PCT,fred,53061.95,52766.88,0.559,-0.752,-1.893,2.909,8.49,2026-09-02,1
2026-09-03T19:13:25+00:00,^IXIC,Nasdaq Composite,equity,PCT,fred,26217.83,26099.77,0.452,0.335,-1.381,-2.285,12.25,2026-09-02,1
2026-09-03T19:13:25+00:00,^RUT,Russell 2000,equity,USD,carry,3007.096,3017.89,,,,,,,1
2026-09-03T19:13:25+00:00,^VIX,VIX (volatilita),vol,PCT,fred,15.2,16.34,-6.977,-0.066,-7.879,-19.662,77.57,2026-09-02,1
2026-09-03T19:13:25+00:00,FTSEMIB.MI,FTSE MIB,equity,EUR,carry,52732.33,53018.0,,,,,,,1
2026-09-03T19:13:25+00:00,^FTSE,FTSE 100 UK,equity,GBP,carry,10886.34,10728.0,,,,,,,1
2026-09-03T19:13:25+00:00,^GDAXI,DAX Germania,equity,EUR,carry,26293.18,26128.36,,,,,,,1
2026-09-03T19:13:25+00:00,^FCHI,CAC 40 Francia,equity,EUR,carry,8452.28,8501.91,,,,,,,1
2026-09-03T19:13:25+00:00,^STOXX50E,Euro Stoxx 50,equity,,carry,6461.45,6444.46,,,,,,,1
2026-09-03T19:13:25+00:00,^N225,Nikkei 225,equity,JPY,carry,65856.43,65326.42,,,,,,,1
2026-09-03T19:13:25+00:00,^HSI,Hang Seng,equity,HKD,carry,25511.1,25471.15,,,,,,,1
2026-09-03T19:13:25+00:00,000001.SS,Shanghai Composite,equity,CNY,carry,3889.445,3894.422,,,,,,,1
2026-09-03T19:13:25+00:00,^BVSP,Bovespa Brasile,equity,BRL,carry,172458.62,166335.0,,,,,,,1
2026-09-03T19:13:25+00:00,BTC-USD,Bitcoin,crypto,USD,coingecko,81261.02436045287,77416.44111,4.966,3.881,28.113,29.906,45.11,2026-09-03,0
2026-09-03T19:13:25+00:00,ETH-USD,Ethereum,crypto,USD,coingecko,2511.485109482995,2417.675888,3.88,2.214,33.278,42.943,73.79,2026-09-03,0
2026-09-03T19:13:25+00:00,SOL-USD,Solana,crypto,USD,coingecko,105.21105891174155,99.965285,5.248,-0.363,38.068,27.852,62.0,2026-09-03,0
2026-09-03T19:13:25+00:00,GC=F,Oro (spot),commodity,USD,carry,4693.0,4516.3,,,,,,,1
2026-09-03T19:13:25+00:00,SI=F,Argento (spot),commodity,USD,carry,68.29,68.026,,,,,,,1
2026-09-03T19:13:25+00:00,CL=F,Petrolio WTI,commodity,PCT,fred,91.48,87.03,5.113,9.035,11.615,-8.3,36.28,2026-09-01,1
2026-09-03T19:13:25+00:00,BZ=F,Petrolio Brent,commodity,PCT,fred,96.02,89.75,6.986,3.57,-0.959,-2.991,49.82,2026-09-01,1
2026-09-03T19:13:25+00:00,NG=F,Gas naturale,commodity,PCT,fred,2.9,2.9,0.0,7.407,3.203,-2.357,47.86,2026-09-01,1
2026-09-03T19:13:25+00:00,HG=F,Rame,commodity,USD,carry,6.668,6.46,,,,,,,1
2026-09-03T19:13:25+00:00,EURUSD=X,EUR/USD,fx,USD,ecb,1.1615,1.1578,0.32,-0.258,0.528,0.363,3.86,2026-09-03,0
2026-09-03T19:13:25+00:00,GBPUSD=X,GBP/USD,fx,PCT,fred,1.3555,1.36,-0.331,-0.652,0.683,0.773,3.64,2026-08-28,1
2026-09-03T19:13:25+00:00,JPY=X,USD/JPY,fx,PCT,fred,159.97,159.26,0.446,0.667,0.314,0.194,7.51,2026-08-28,1
2026-09-03T19:13:25+00:00,DX-Y.NYB,Indice dollaro DXY,fx,USD,carry,98.962,98.9,,,,,,,1
2026-09-03T19:13:25+00:00,DTWEXBGS,Indice dollaro Fed (broad),fx,PCT,fred,118.7479,118.3583,0.329,0.58,-0.775,-0.35,3.21,2026-08-28,1
2026-09-03T19:13:25+00:00,^FVX,US 5Y Treasury Yield,rate,PCT,fred,4.55,4.49,1.336,4.598,3.409,8.076,15.89,2026-09-01,1
2026-09-03T19:13:25+00:00,^TNX,US 10Y Treasury Yield,rate,PCT,fred,4.79,4.75,0.842,3.233,1.915,6.682,14.62,2026-09-01,1
2026-09-03T19:13:25+00:00,^TYX,US 30Y Treasury Yield,rate,PCT,fred,5.27,5.25,0.381,1.934,0.765,5.611,12.57,2026-09-01,1
2026-09-03T23:25:46+00:00,^GSPC,S&P 500,equity,PCT,fred,7666.6,7631.47,0.46,-0.119,-0.904,1.085,7.59,2026-09-02,1
2026-09-03T23:25:46+00:00,^DJI,Dow Jones,equity,PCT,fred,53686.11,53061.95,1.176,0.218,-1.22,5.543,9.19,2026-09-03,0
2026-09-03T23:25:46+00:00,^IXIC,Nasdaq Composite,equity,PCT,fred,26217.83,26099.77,0.452,0.335,-1.381,-2.285,12.25,2026-09-02,1
2026-09-03T23:25:46+00:00,^RUT,Russell 2000,equity,USD,carry,3007.096,3017.89,,,,,,,1
2026-09-03T23:25:46+00:00,^VIX,VIX (volatilita),vol,PCT,fred,15.2,16.34,-6.977,-0.066,-7.879,-19.662,77.57,2026-09-02,1
2026-09-03T23:25:46+00:00,FTSEMIB.MI,FTSE MIB,equity,EUR,carry,52732.33,53018.0,,,,,,,1
2026-09-03T23:25:46+00:00,^FTSE,FTSE 100 UK,equity,GBP,carry,10886.34,10728.0,,,,,,,1
2026-09-03T23:25:46+00:00,^GDAXI,DAX Germania,equity,EUR,carry,26293.18,26128.36,,,,,,,1
2026-09-03T23:25:46+00:00,^FCHI,CAC 40 Francia,equity,EUR,carry,8452.28,8501.91,,,,,,,1
2026-09-03T23:25:46+00:00,^STOXX50E,Euro Stoxx 50,equity,,carry,6461.45,6444.46,,,,,,,1
2026-09-03T23:25:46+00:00,^N225,Nikkei 225,equity,JPY,carry,65856.43,65326.42,,,,,,,1
2026-09-03T23:25:46+00:00,^HSI,Hang Seng,equity,HKD,carry,25511.1,25471.15,,,,,,,1
2026-09-03T23:25:46+00:00,000001.SS,Shanghai Composite,equity,CNY,carry,3889.445,3894.422,,,,,,,1
2026-09-03T23:25:46+00:00,^BVSP,Bovespa Brasile,equity,BRL,carry,172458.62,166335.0,,,,,,,1
2026-09-03T23:25:46+00:00,BTC-USD,Bitcoin,crypto,USD,coingecko,81202.22835874319,77416.44111,4.89,3.806,28.02,29.812,45.02,2026-09-03,0
2026-09-03T23:25:46+00:00,ETH-USD,Ethereum,crypto,USD,coingecko,2497.157223097482,2417.675888,3.288,1.631,32.518,42.128,73.44,2026-09-03,0
2026-09-03T23:25:46+00:00,SOL-USD,Solana,crypto,USD,coingecko,103.89487244295583,99.965285,3.931,-1.609,36.341,26.253,61.32,2026-09-03,0
2026-09-03T23:25:46+00:00,GC=F,Oro (spot),commodity,USD,carry,4693.0,4516.3,,,,,,,1
2026-09-03T23:25:46+00:00,SI=F,Argento (spot),commodity,USD,carry,68.29,68.026,,,,,,,1
2026-09-03T23:25:46+00:00,CL=F,Petrolio WTI,commodity,PCT,fred,91.48,87.03,5.113,9.035,11.615,-8.3,36.28,2026-09-01,1
2026-09-03T23:25:46+00:00,BZ=F,Petrolio Brent,commodity,PCT,fred,96.02,89.75,6.986,3.57,-0.959,-2.991,49.82,2026-09-01,1
2026-09-03T23:25:46+00:00,NG=F,Gas naturale,commodity,PCT,fred,2.9,2.9,0.0,7.407,3.203,-2.357,47.86,2026-09-01,1
2026-09-03T23:25:46+00:00,HG=F,Rame,commodity,USD,carry,6.668,6.46,,,,,,,1
2026-09-03T23:25:46+00:00,EURUSD=X,EUR/USD,fx,USD,ecb,1.1615,1.1578,0.32,-0.258,0.528,0.363,3.86,2026-09-03,0
2026-09-03T23:25:46+00:00,GBPUSD=X,GBP/USD,fx,PCT,fred,1.3555,1.36,-0.331,-0.652,0.683,0.773,3.64,2026-08-28,1
2026-09-03T23:25:46+00:00,JPY=X,USD/JPY,fx,PCT,fred,159.97,159.26,0.446,0.667,0.314,0.194,7.51,2026-08-28,1
2026-09-03T23:25:46+00:00,DX-Y.NYB,Indice dollaro DXY,fx,USD,carry,98.962,98.9,,,,,,,1
2026-09-03T23:25:46+00:00,DTWEXBGS,Indice dollaro Fed (broad),fx,PCT,fred,118.7479,118.3583,0.329,0.58,-0.775,-0.35,3.21,2026-08-28,1
2026-09-03T23:25:46+00:00,^FVX,US 5Y Treasury Yield,rate,PCT,fred,4.54,4.55,-0.22,3.89,4.85,8.612,15.95,2026-09-02,1
2026-09-03T23:25:46+00:00,^TNX,US 10Y Treasury Yield,rate,PCT,fred,4.79,4.79,0.0,2.79,3.456,7.159,14.62,2026-09-02,1
2026-09-03T23:25:46+00:00,^TYX,US 30Y Treasury Yield,rate,PCT,fred,5.27,5.27,0.0,1.737,1.737,6.036,12.53,2026-09-02,1
2026-09-04T10:48:12+00:00,^GSPC,S&P 500,equity,PCT,fred,7747.71,7666.6,1.058,0.216,0.313,4.929,8.49,2026-09-03,1
2026-09-04T10:48:12+00:00,^DJI,Dow Jones,equity,PCT,fred,53686.11,53061.95,1.176,0.218,-1.22,5.543,9.19,2026-09-03,1
2026-09-04T10:48:12+00:00,^IXIC,Nasdaq Composite,equity,PCT,fred,26584.06,26217.83,1.397,0.161,0.837,3.402,13.24,2026-09-03,1
2026-09-04T10:48:12+00:00,^RUT,Russell 2000,equity,USD,carry,3007.096,3017.89,,,,,,,1
2026-09-04T10:48:12+00:00,^VIX,VIX (volatilita),vol,PCT,fred,15.2,16.34,-6.977,-0.066,-7.879,-19.662,77.57,2026-09-02,1
2026-09-04T10:48:12+00:00,FTSEMIB.MI,FTSE MIB,equity,EUR,carry,52732.33,53018.0,,,,,,,1
2026-09-04T10:48:12+00:00,^FTSE,FTSE 100 UK,equity,GBP,carry,10886.34,10728.0,,,,,,,1
2026-09-04T10:48:12+00:00,^GDAXI,DAX Germania,equity,EUR,carry,26293.18,26128.36,,,,,,,1
2026-09-04T10:48:12+00:00,^FCHI,CAC 40 Francia,equity,EUR,carry,8452.28,8501.91,,,,,,,1
2026-09-04T10:48:12+00:00,^STOXX50E,Euro Stoxx 50,equity,,carry,6461.45,6444.46,,,,,,,1
2026-09-04T10:48:12+00:00,^N225,Nikkei 225,equity,JPY,carry,65856.43,65326.42,,,,,,,1
2026-09-04T10:48:12+00:00,^HSI,Hang Seng,equity,HKD,carry,25511.1,25471.15,,,,,,,1
2026-09-04T10:48:12+00:00,000001.SS,Shanghai Composite,equity,CNY,carry,3889.445,3894.422,,,,,,,1
2026-09-04T10:48:12+00:00,^BVSP,Bovespa Brasile,equity,BRL,carry,172458.62,166335.0,,,,,,,1
2026-09-04T10:48:12+00:00,BTC-USD,Bitcoin,crypto,USD,coingecko,81042.23696655969,77297.133472,4.845,4.358,28.671,28.458,45.26,2026-09-04,0
2026-09-04T10:48:12+00:00,ETH-USD,Ethereum,crypto,USD,coingecko,2527.5021562875568,2390.783045,5.719,4.605,34.418,42.002,73.54,2026-09-04,0
2026-09-04T10:48:12+00:00,SOL-USD,Solana,crypto,USD,coingecko,103.94572305213454,100.39065,3.541,2.225,37.977,27.223,61.32,2026-09-04,0
2026-09-04T10:48:12+00:00,GC=F,Oro (spot),commodity,USD,carry,4693.0,4516.3,,,,,,,1
2026-09-04T10:48:12+00:00,SI=F,Argento (spot),commodity,USD,carry,68.29,68.026,,,,,,,1
2026-09-04T10:48:12+00:00,CL=F,Petrolio WTI,commodity,PCT,fred,91.48,87.03,5.113,9.035,11.615,-8.3,36.28,2026-09-01,1
2026-09-04T10:48:12+00:00,BZ=F,Petrolio Brent,commodity,PCT,fred,96.02,89.75,6.986,3.57,-0.959,-2.991,49.82,2026-09-01,1
2026-09-04T10:48:12+00:00,NG=F,Gas naturale,commodity,PCT,fred,2.9,2.9,0.0,7.407,3.203,-2.357,47.86,2026-09-01,1
2026-09-04T10:48:12+00:00,HG=F,Rame,commodity,USD,carry,6.668,6.46,,,,,,,1
2026-09-04T10:48:12+00:00,EURUSD=X,EUR/USD,fx,USD,ecb,1.1615,1.1578,0.32,-0.258,0.528,0.363,3.86,2026-09-03,1
2026-09-04T10:48:12+00:00,GBPUSD=X,GBP/USD,fx,PCT,fred,1.3555,1.36,-0.331,-0.652,0.683,0.773,3.64,2026-08-28,1
2026-09-04T10:48:12+00:00,JPY=X,USD/JPY,fx,PCT,fred,159.97,159.26,0.446,0.667,0.314,0.194,7.51,2026-08-28,1
2026-09-04T10:48:12+00:00,DX-Y.NYB,Indice dollaro DXY,fx,USD,carry,98.962,98.9,,,,,,,1
2026-09-04T10:48:12+00:00,DTWEXBGS,Indice dollaro Fed (broad),fx,PCT,fred,118.7479,118.3583,0.329,0.58,-0.775,-0.35,3.21,2026-08-28,1
2026-09-04T10:48:12+00:00,^FVX,US 5Y Treasury Yield,rate,PCT,fred,4.54,4.55,-0.22,3.89,4.85,8.612,15.95,2026-09-02,1
2026-09-04T10:48:12+00:00,^TNX,US 10Y Treasury Yield,rate,PCT,fred,4.79,4.79,0.0,2.79,3.456,7.159,14.62,2026-09-02,1
2026-09-04T10:48:12+00:00,^TYX,US 30Y Treasury Yield,rate,PCT,fred,5.27,5.27,0.0,1.737,1.737,6.036,12.53,2026-09-02,1
2026-09-04T15:54:09+00:00,^GSPC,S&P 500,equity,PCT,fred,7747.71,7666.6,1.058,0.216,0.313,4.929,8.49,2026-09-03,1
2026-09-04T15:54:09+00:00,^DJI,Dow Jones,equity,PCT,fred,53686.11,53061.95,1.176,0.218,-1.22,5.543,9.19,2026-09-03,1
2026-09-04T15:54:09+00:00,^IXIC,Nasdaq Composite,equity,PCT,fred,26584.06,26217.83,1.397,0.161,0.837,3.402,13.24,2026-09-03,1
2026-09-04T15:54:09+00:00,^RUT,Russell 2000,equity,USD,carry,3007.096,3017.89,,,,,,,1
2026-09-04T15:54:09+00:00,^VIX,VIX (volatilita),vol,PCT,fred,14.32,15.2,-5.789,-1.309,-9.424,-27.932,78.9,2026-09-03,1
2026-09-04T15:54:09+00:00,FTSEMIB.MI,FTSE MIB,equity,EUR,carry,52732.33,53018.0,,,,,,,1
2026-09-04T15:54:09+00:00,^FTSE,FTSE 100 UK,equity,GBP,carry,10886.34,10728.0,,,,,,,1
2026-09-04T15:54:09+00:00,^GDAXI,DAX Germania,equity,EUR,carry,26293.18,26128.36,,,,,,,1
2026-09-04T15:54:09+00:00,^FCHI,CAC 40 Francia,equity,EUR,carry,8452.28,8501.91,,,,,,,1
2026-09-04T15:54:09+00:00,^STOXX50E,Euro Stoxx 50,equity,,carry,6461.45,6444.46,,,,,,,1
2026-09-04T15:54:09+00:00,^N225,Nikkei 225,equity,JPY,carry,65856.43,65326.42,,,,,,,1
2026-09-04T15:54:09+00:00,^HSI,Hang Seng,equity,HKD,carry,25511.1,25471.15,,,,,,,1
2026-09-04T15:54:09+00:00,000001.SS,Shanghai Composite,equity,CNY,carry,3889.445,3894.422,,,,,,,1
2026-09-04T15:54:09+00:00,^BVSP,Bovespa Brasile,equity,BRL,carry,172458.62,166335.0,,,,,,,1
2026-09-04T15:54:09+00:00,BTC-USD,Bitcoin,crypto,USD,coingecko,79486.68540092027,77297.133472,2.833,2.354,26.201,25.993,46.63,2026-09-04,0
2026-09-04T15:54:09+00:00,ETH-USD,Ethereum,crypto,USD,coingecko,2455.1015587747333,2390.783045,2.69,1.608,30.568,37.934,74.65,2026-09-04,0
2026-09-04T15:54:09+00:00,SOL-USD,Solana,crypto,USD,coingecko,101.55720461755763,100.39065,1.162,-0.124,34.807,24.3,62.7,2026-09-04,0
2026-09-04T15:54:09+00:00,GC=F,Oro (spot),commodity,USD,carry,4693.0,4516.3,,,,,,,1
2026-09-04T15:54:09+00:00,SI=F,Argento (spot),commodity,USD,carry,68.29,68.026,,,,,,,1
2026-09-04T15:54:09+00:00,CL=F,Petrolio WTI,commodity,PCT,fred,91.48,87.03,5.113,9.035,11.615,-8.3,36.28,2026-09-01,1
2026-09-04T15:54:09+00:00,BZ=F,Petrolio Brent,commodity,PCT,fred,96.02,89.75,6.986,3.57,-0.959,-2.991,49.82,2026-09-01,1
2026-09-04T15:54:09+00:00,NG=F,Gas naturale,commodity,PCT,fred,2.9,2.9,0.0,7.407,3.203,-2.357,47.86,2026-09-01,1
2026-09-04T15:54:09+00:00,HG=F,Rame,commodity,USD,carry,6.668,6.46,,,,,,,1
2026-09-04T15:54:09+00:00,EURUSD=X,EUR/USD,fx,USD,ecb,1.1622,1.1615,0.06,-0.18,0.693,0.719,3.85,2026-09-04,0
2026-09-04T15:54:09+00:00,GBPUSD=X,GBP/USD,fx,PCT,fred,1.3555,1.36,-0.331,-0.652,0.683,0.773,3.64,2026-08-28,1
2026-09-04T15:54:09+00:00,JPY=X,USD/JPY,fx,PCT,fred,159.97,159.26,0.446,0.667,0.314,0.194,7.51,2026-08-28,1
2026-09-04T15:54:09+00:00,DX-Y.NYB,Indice dollaro DXY,fx,USD,carry,98.962,98.9,,,,,,,1
2026-09-04T15:54:09+00:00,DTWEXBGS,Indice dollaro Fed (broad),fx,PCT,fred,118.7479,118.3583,0.329,0.58,-0.775,-0.35,3.21,2026-08-28,1
2026-09-04T15:54:09+00:00,^FVX,US 5Y Treasury Yield,rate,PCT,fred,4.54,4.55,-0.22,3.89,4.85,8.612,15.95,2026-09-02,1
2026-09-04T15:54:09+00:00,^TNX,US 10Y Treasury Yield,rate,PCT,fred,4.79,4.79,0.0,2.79,3.456,7.159,14.62,2026-09-02,1
2026-09-04T15:54:09+00:00,^TYX,US 30Y Treasury Yield,rate,PCT,fred,5.27,5.27,0.0,1.737,1.737,6.036,12.53,2026-09-02,1
2026-09-04T18:52:08+00:00,^GSPC,S&P 500,equity,PCT,fred,7747.71,7666.6,1.058,0.216,0.313,4.929,8.49,2026-09-03,1
2026-09-04T18:52:08+00:00,^DJI,Dow Jones,equity,PCT,fred,53686.11,53061.95,1.176,0.218,-1.22,5.543,9.19,2026-09-03,1
2026-09-04T18:52:08+00:00,^IXIC,Nasdaq Composite,equity,PCT,fred,26584.06,26217.83,1.397,0.161,0.837,3.402,13.24,2026-09-03,1
2026-09-04T18:52:08+00:00,^RUT,Russell 2000,equity,USD,carry,3007.096,3017.89,,,,,,,1
2026-09-04T18:52:08+00:00,^VIX,VIX (volatilita),vol,PCT,fred,14.32,15.2,-5.789,-1.309,-9.424,-27.932,78.9,2026-09-03,1
2026-09-04T18:52:08+00:00,FTSEMIB.MI,FTSE MIB,equity,EUR,carry,52732.33,53018.0,,,,,,,1
2026-09-04T18:52:08+00:00,^FTSE,FTSE 100 UK,equity,GBP,carry,10886.34,10728.0,,,,,,,1
2026-09-04T18:52:08+00:00,^GDAXI,DAX Germania,equity,EUR,carry,26293.18,26128.36,,,,,,,1
2026-09-04T18:52:08+00:00,^FCHI,CAC 40 Francia,equity,EUR,carry,8452.28,8501.91,,,,,,,1
2026-09-04T18:52:08+00:00,^STOXX50E,Euro Stoxx 50,equity,,carry,6461.45,6444.46,,,,,,,1
2026-09-04T18:52:08+00:00,^N225,Nikkei 225,equity,JPY,carry,65856.43,65326.42,,,,,,,1
2026-09-04T18:52:08+00:00,^HSI,Hang Seng,equity,HKD,carry,25511.1,25471.15,,,,,,,1
2026-09-04T18:52:08+00:00,000001.SS,Shanghai Composite,equity,CNY,carry,3889.445,3894.422,,,,,,,1
2026-09-04T18:52:08+00:00,^BVSP,Bovespa Brasile,equity,BRL,carry,172458.62,166335.0,,,,,,,1
2026-09-04T18:52:08+00:00,BTC-USD,Bitcoin,crypto,USD,coingecko,79600.5520107212,77297.133472,2.98,2.501,26.382,26.173,46.5,2026-09-04,0
2026-09-04T18:52:08+00:00,ETH-USD,Ethereum,crypto,USD,coingecko,2450.128704188958,2390.783045,2.482,1.402,30.303,37.655,74.78,2026-09-04,0
2026-09-04T18:52:08+00:00,SOL-USD,Solana,crypto,USD,coingecko,101.57286729853467,100.39065,1.178,-0.108,34.827,24.319,62.69,2026-09-04,0
2026-09-04T18:52:08+00:00,GC=F,Oro (spot),commodity,USD,carry,4693.0,4516.3,,,,,,,1
2026-09-04T18:52:08+00:00,SI=F,Argento (spot),commodity,USD,carry,68.29,68.026,,,,,,,1
2026-09-04T18:52:08+00:00,CL=F,Petrolio WTI,commodity,PCT,fred,91.48,87.03,5.113,9.035,11.615,-8.3,36.28,2026-09-01,1
2026-09-04T18:52:08+00:00,BZ=F,Petrolio Brent,commodity,PCT,fred,96.02,89.75,6.986,3.57,-0.959,-2.991,49.82,2026-09-01,1
2026-09-04T18:52:08+00:00,NG=F,Gas naturale,commodity,PCT,fred,2.9,2.9,0.0,7.407,3.203,-2.357,47.86,2026-09-01,1
2026-09-04T18:52:08+00:00,HG=F,Rame,commodity,USD,carry,6.668,6.46,,,,,,,1
2026-09-04T18:52:08+00:00,EURUSD=X,EUR/USD,fx,USD,ecb,1.1622,1.1615,0.06,-0.18,0.693,0.719,3.85,2026-09-04,0
2026-09-04T18:52:08+00:00,GBPUSD=X,GBP/USD,fx,PCT,fred,1.3555,1.36,-0.331,-0.652,0.683,0.773,3.64,2026-08-28,1
2026-09-04T18:52:08+00:00,JPY=X,USD/JPY,fx,PCT,fred,159.97,159.26,0.446,0.667,0.314,0.194,7.51,2026-08-28,1
2026-09-04T18:52:08+00:00,DX-Y.NYB,Indice dollaro DXY,fx,USD,carry,98.962,98.9,,,,,,,1
2026-09-04T18:52:08+00:00,DTWEXBGS,Indice dollaro Fed (broad),fx,PCT,fred,118.7479,118.3583,0.329,0.58,-0.775,-0.35,3.21,2026-08-28,1
2026-09-04T18:52:08+00:00,^FVX,US 5Y Treasury Yield,rate,PCT,fred,4.54,4.55,-0.22,3.89,4.85,8.612,15.95,2026-09-02,1
2026-09-04T18:52:08+00:00,^TNX,US 10Y Treasury Yield,rate,PCT,fred,4.79,4.79,0.0,2.79,3.456,7.159,14.62,2026-09-02,1
2026-09-04T18:52:08+00:00,^TYX,US 30Y Treasury Yield,rate,PCT,fred,5.27,5.27,0.0,1.737,1.737,6.036,12.53,2026-09-02,1
2026-09-04T23:10:18+00:00,^GSPC,S&P 500,equity,PCT,fred,7747.71,7666.6,1.058,0.216,0.313,4.929,8.49,2026-09-03,1
2026-09-04T23:10:18+00:00,^DJI,Dow Jones,equity,PCT,fred,53414.25,53686.11,-0.506,-0.272,-0.874,5.175,9.27,2026-09-04,0
2026-09-04T23:10:18+00:00,^IXIC,Nasdaq Composite,equity,PCT,fred,26584.06,26217.83,1.397,0.161,0.837,3.402,13.24,2026-09-03,1
2026-09-04T23:10:18+00:00,^RUT,Russell 2000,equity,USD,carry,3007.096,3017.89,,,,,,,1
2026-09-04T23:10:18+00:00,^VIX,VIX (volatilita),vol,PCT,fred,14.32,15.2,-5.789,-1.309,-9.424,-27.932,78.9,2026-09-03,1
2026-09-04T23:10:18+00:00,FTSEMIB.MI,FTSE MIB,equity,EUR,carry,52732.33,53018.0,,,,,,,1
2026-09-04T23:10:18+00:00,^FTSE,FTSE 100 UK,equity,GBP,carry,10886.34,10728.0,,,,,,,1
2026-09-04T23:10:18+00:00,^GDAXI,DAX Germania,equity,EUR,carry,26293.18,26128.36,,,,,,,1
2026-09-04T23:10:18+00:00,^FCHI,CAC 40 Francia,equity,EUR,carry,8452.28,8501.91,,,,,,,1
2026-09-04T23:10:18+00:00,^STOXX50E,Euro Stoxx 50,equity,,carry,6461.45,6444.46,,,,,,,1
2026-09-04T23:10:18+00:00,^N225,Nikkei 225,equity,JPY,carry,65856.43,65326.42,,,,,,,1
2026-09-04T23:10:18+00:00,^HSI,Hang Seng,equity,HKD,carry,25511.1,25471.15,,,,,,,1
2026-09-04T23:10:18+00:00,000001.SS,Shanghai Composite,equity,CNY,carry,3889.445,3894.422,,,,,,,1
2026-09-04T23:10:18+00:00,^BVSP,Bovespa Brasile,equity,BRL,carry,172458.62,166335.0,,,,,,,1
2026-09-04T23:10:18+00:00,BTC-USD,Bitcoin,crypto,USD,coingecko,79660.64009488463,77297.133472,3.058,2.578,26.477,26.268,46.43,2026-09-04,0
2026-09-04T23:10:18+00:00,ETH-USD,Ethereum,crypto,USD,coingecko,2451.5247837173215,2390.783045,2.541,1.46,30.377,37.733,74.74,2026-09-04,0
2026-09-04T23:10:18+00:00,SOL-USD,Solana,crypto,USD,coingecko,101.81156253329418,100.39065,1.415,0.127,35.144,24.611,62.5,2026-09-04,0
2026-09-04T23:10:18+00:00,GC=F,Oro (spot),commodity,USD,carry,4693.0,4516.3,,,,,,,1
2026-09-04T23:10:18+00:00,SI=F,Argento (spot),commodity,USD,carry,68.29,68.026,,,,,,,1
2026-09-04T23:10:18+00:00,CL=F,Petrolio WTI,commodity,PCT,fred,91.48,87.03,5.113,9.035,11.615,-8.3,36.28,2026-09-01,1
2026-09-04T23:10:18+00:00,BZ=F,Petrolio Brent,commodity,PCT,fred,96.02,89.75,6.986,3.57,-0.959,-2.991,49.82,2026-09-01,1
2026-09-04T23:10:18+00:00,NG=F,Gas naturale,commodity,PCT,fred,2.9,2.9,0.0,7.407,3.203,-2.357,47.86,2026-09-01,1
2026-09-04T23:10:18+00:00,HG=F,Rame,commodity,USD,carry,6.668,6.46,,,,,,,1
2026-09-04T23:10:18+00:00,EURUSD=X,EUR/USD,fx,USD,ecb,1.1622,1.1615,0.06,-0.18,0.693,0.719,3.85,2026-09-04,0
2026-09-04T23:10:18+00:00,GBPUSD=X,GBP/USD,fx,PCT,fred,1.3555,1.36,-0.331,-0.652,0.683,0.773,3.64,2026-08-28,1
2026-09-04T23:10:18+00:00,JPY=X,USD/JPY,fx,PCT,fred,159.97,159.26,0.446,0.667,0.314,0.194,7.51,2026-08-28,1
2026-09-04T23:10:18+00:00,DX-Y.NYB,Indice dollaro DXY,fx,USD,carry,98.962,98.9,,,,,,,1
2026-09-04T23:10:18+00:00,DTWEXBGS,Indice dollaro Fed (broad),fx,PCT,fred,118.7479,118.3583,0.329,0.58,-0.775,-0.35,3.21,2026-08-28,1
2026-09-04T23:10:18+00:00,^FVX,US 5Y Treasury Yield,rate,PCT,fred,4.52,4.54,-0.441,3.196,4.388,5.361,15.26,2026-09-03,1
2026-09-04T23:10:18+00:00,^TNX,US 10Y Treasury Yield,rate,PCT,fred,4.77,4.79,-0.418,2.141,3.024,4.835,14.14,2026-09-03,1
2026-09-04T23:10:18+00:00,^TYX,US 30Y Treasury Yield,rate,PCT,fred,5.25,5.27,-0.38,1.156,1.547,4.79,12.2,2026-09-03,1
2026-09-05T10:05:42+00:00,^GSPC,S&P 500,equity,PCT,fred,7718.6,7747.71,-0.376,0.089,0.112,4.225,8.3,2026-09-04,1
2026-09-05T10:05:42+00:00,^DJI,Dow Jones,equity,PCT,fred,53414.25,53686.11,-0.506,-0.272,-0.874,5.175,9.27,2026-09-04,1
2026-09-05T10:05:42+00:00,^IXIC,Nasdaq Composite,equity,PCT,fred,26506.99,26584.06,-0.29,0.396,0.602,2.227,12.43,2026-09-04,1
2026-09-05T10:05:42+00:00,^RUT,Russell 2000,equity,USD,carry,3007.096,3017.89,,,,,,,1
2026-09-05T10:05:42+00:00,^VIX,VIX (volatilita),vol,PCT,fred,14.32,15.2,-5.789,-1.309,-9.424,-27.932,78.9,2026-09-03,1
2026-09-05T10:05:42+00:00,FTSEMIB.MI,FTSE MIB,equity,EUR,carry,52732.33,53018.0,,,,,,,1
2026-09-05T10:05:42+00:00,^FTSE,FTSE 100 UK,equity,GBP,carry,10886.34,10728.0,,,,,,,1
2026-09-05T10:05:42+00:00,^GDAXI,DAX Germania,equity,EUR,carry,26293.18,26128.36,,,,,,,1
2026-09-05T10:05:42+00:00,^FCHI,CAC 40 Francia,equity,EUR,carry,8452.28,8501.91,,,,,,,1
2026-09-05T10:05:42+00:00,^STOXX50E,Euro Stoxx 50,equity,,carry,6461.45,6444.46,,,,,,,1
2026-09-05T10:05:42+00:00,^N225,Nikkei 225,equity,JPY,carry,65856.43,65326.42,,,,,,,1
2026-09-05T10:05:42+00:00,^HSI,Hang Seng,equity,HKD,carry,25511.1,25471.15,,,,,,,1
2026-09-05T10:05:42+00:00,000001.SS,Shanghai Composite,equity,CNY,carry,3889.445,3894.422,,,,,,,1
2026-09-05T10:05:42+00:00,^BVSP,Bovespa Brasile,equity,BRL,carry,172458.62,166335.0,,,,,,,1
2026-09-05T10:05:42+00:00,BTC-USD,Bitcoin,crypto,USD,coingecko,79635.06360344107,81264.70153,-2.005,1.378,26.343,25.24,46.32,2026-09-05,0
2026-09-05T10:05:42+00:00,ETH-USD,Ethereum,crypto,USD,coingecko,2458.3964333122203,2507.648284,-1.964,-0.331,30.699,37.782,74.5,2026-09-05,0
2026-09-05T10:05:42+00:00,SOL-USD,Solana,crypto,USD,coingecko,102.55126034382998,103.960518,-1.356,-0.446,36.227,25.806,61.8,2026-09-05,0
2026-09-05T10:05:42+00:00,GC=F,Oro (spot),commodity,USD,carry,4693.0,4516.3,,,,,,,1
2026-09-05T10:05:42+00:00,SI=F,Argento (spot),commodity,USD,carry,68.29,68.026,,,,,,,1
2026-09-05T10:05:42+00:00,CL=F,Petrolio WTI,commodity,PCT,fred,91.48,87.03,5.113,9.035,11.615,-8.3,36.28,2026-09-01,1
2026-09-05T10:05:42+00:00,BZ=F,Petrolio Brent,commodity,PCT,fred,96.02,89.75,6.986,3.57,-0.959,-2.991,49.82,2026-09-01,1
2026-09-05T10:05:42+00:00,NG=F,Gas naturale,commodity,PCT,fred,2.9,2.9,0.0,7.407,3.203,-2.357,47.86,2026-09-01,1
2026-09-05T10:05:42+00:00,HG=F,Rame,commodity,USD,carry,6.668,6.46,,,,,,,1
2026-09-05T10:05:42+00:00,EURUSD=X,EUR/USD,fx,USD,ecb,1.1622,1.1615,0.06,-0.18,0.693,0.719,3.85,2026-09-04,1
2026-09-05T10:05:42+00:00,GBPUSD=X,GBP/USD,fx,PCT,fred,1.3555,1.36,-0.331,-0.652,0.683,0.773,3.64,2026-08-28,1
2026-09-05T10:05:42+00:00,JPY=X,USD/JPY,fx,PCT,fred,159.97,159.26,0.446,0.667,0.314,0.194,7.51,2026-08-28,1
2026-09-05T10:05:42+00:00,DX-Y.NYB,Indice dollaro DXY,fx,USD,carry,98.962,98.9,,,,,,,1
2026-09-05T10:05:42+00:00,DTWEXBGS,Indice dollaro Fed (broad),fx,PCT,fred,118.7479,118.3583,0.329,0.58,-0.775,-0.35,3.21,2026-08-28,1
2026-09-05T10:05:42+00:00,^FVX,US 5Y Treasury Yield,rate,PCT,fred,4.52,4.54,-0.441,3.196,4.388,5.361,15.26,2026-09-03,1
2026-09-05T10:05:42+00:00,^TNX,US 10Y Treasury Yield,rate,PCT,fred,4.77,4.79,-0.418,2.141,3.024,4.835,14.14,2026-09-03,1
2026-09-05T10:05:42+00:00,^TYX,US 30Y Treasury Yield,rate,PCT,fred,5.25,5.27,-0.38,1.156,1.547,4.79,12.2,2026-09-03,1
2026-09-05T14:44:36+00:00,^GSPC,S&P 500,equity,PCT,fred,7718.6,7747.71,-0.376,0.089,0.112,4.225,8.3,2026-09-04,1
2026-09-05T14:44:36+00:00,^DJI,Dow Jones,equity,PCT,fred,53414.25,53686.11,-0.506,-0.272,-0.874,5.175,9.27,2026-09-04,1
2026-09-05T14:44:36+00:00,^IXIC,Nasdaq Composite,equity,PCT,fred,26506.99,26584.06,-0.29,0.396,0.602,2.227,12.43,2026-09-04,1
2026-09-05T14:44:36+00:00,^RUT,Russell 2000,equity,USD,carry,3007.096,3017.89,,,,,,,1
2026-09-05T14:44:36+00:00,^VIX,VIX (volatilita),vol,PCT,fred,14.32,15.2,-5.789,-1.309,-9.424,-27.932,78.9,2026-09-03,1
2026-09-05T14:44:36+00:00,FTSEMIB.MI,FTSE MIB,equity,EUR,carry,52732.33,53018.0,,,,,,,1
2026-09-05T14:44:36+00:00,^FTSE,FTSE 100 UK,equity,GBP,carry,10886.34,10728.0,,,,,,,1
2026-09-05T14:44:36+00:00,^GDAXI,DAX Germania,equity,EUR,carry,26293.18,26128.36,,,,,,,1
2026-09-05T14:44:36+00:00,^FCHI,CAC 40 Francia,equity,EUR,carry,8452.28,8501.91,,,,,,,1
2026-09-05T14:44:36+00:00,^STOXX50E,Euro Stoxx 50,equity,,carry,6461.45,6444.46,,,,,,,1
2026-09-05T14:44:36+00:00,^N225,Nikkei 225,equity,JPY,carry,65856.43,65326.42,,,,,,,1
2026-09-05T14:44:36+00:00,^HSI,Hang Seng,equity,HKD,carry,25511.1,25471.15,,,,,,,1
2026-09-05T14:44:36+00:00,000001.SS,Shanghai Composite,equity,CNY,carry,3889.445,3894.422,,,,,,,1
2026-09-05T14:44:36+00:00,^BVSP,Bovespa Brasile,equity,BRL,carry,172458.62,166335.0,,,,,,,1
2026-09-05T14:44:36+00:00,BTC-USD,Bitcoin,crypto,USD,coingecko,79726.1581503568,81264.70153,-1.893,1.494,26.487,25.383,46.28,2026-09-05,0
2026-09-05T14:44:36+00:00,ETH-USD,Ethereum,crypto,USD,coingecko,2457.483839513149,2507.648284,-2.0,-0.368,30.651,37.731,74.51,2026-09-05,0
2026-09-05T14:44:36+00:00,SOL-USD,Solana,crypto,USD,coingecko,102.81177861096006,103.960518,-1.105,-0.193,36.573,26.125,61.75,2026-09-05,0
2026-09-05T14:44:36+00:00,GC=F,Oro (spot),commodity,USD,carry,4693.0,4516.3,,,,,,,1
2026-09-05T14:44:36+00:00,SI=F,Argento (spot),commodity,USD,carry,68.29,68.026,,,,,,,1
2026-09-05T14:44:36+00:00,CL=F,Petrolio WTI,commodity,PCT,fred,91.48,87.03,5.113,9.035,11.615,-8.3,36.28,2026-09-01,1
2026-09-05T14:44:36+00:00,BZ=F,Petrolio Brent,commodity,PCT,fred,96.02,89.75,6.986,3.57,-0.959,-2.991,49.82,2026-09-01,1
2026-09-05T14:44:36+00:00,NG=F,Gas naturale,commodity,PCT,fred,2.9,2.9,0.0,7.407,3.203,-2.357,47.86,2026-09-01,1
2026-09-05T14:44:36+00:00,HG=F,Rame,commodity,USD,carry,6.668,6.46,,,,,,,1
2026-09-05T14:44:36+00:00,EURUSD=X,EUR/USD,fx,USD,ecb,1.1622,1.1615,0.06,-0.18,0.693,0.719,3.85,2026-09-04,1
2026-09-05T14:44:36+00:00,GBPUSD=X,GBP/USD,fx,PCT,fred,1.3555,1.36,-0.331,-0.652,0.683,0.773,3.64,2026-08-28,1
2026-09-05T14:44:36+00:00,JPY=X,USD/JPY,fx,PCT,fred,159.97,159.26,0.446,0.667,0.314,0.194,7.51,2026-08-28,1
2026-09-05T14:44:36+00:00,DX-Y.NYB,Indice dollaro DXY,fx,USD,carry,98.962,98.9,,,,,,,1
2026-09-05T14:44:36+00:00,DTWEXBGS,Indice dollaro Fed (broad),fx,PCT,fred,118.7479,118.3583,0.329,0.58,-0.775,-0.35,3.21,2026-08-28,1
2026-09-05T14:44:36+00:00,^FVX,US 5Y Treasury Yield,rate,PCT,fred,4.52,4.54,-0.441,3.196,4.388,5.361,15.26,2026-09-03,1
2026-09-05T14:44:36+00:00,^TNX,US 10Y Treasury Yield,rate,PCT,fred,4.77,4.79,-0.418,2.141,3.024,4.835,14.14,2026-09-03,1
2026-09-05T14:44:36+00:00,^TYX,US 30Y Treasury Yield,rate,PCT,fred,5.25,5.27,-0.38,1.156,1.547,4.79,12.2,2026-09-03,1
2026-09-05T17:58:13+00:00,^GSPC,S&P 500,equity,PCT,fred,7718.6,7747.71,-0.376,0.089,0.112,4.225,8.3,2026-09-04,1
2026-09-05T17:58:13+00:00,^DJI,Dow Jones,equity,PCT,fred,53414.25,53686.11,-0.506,-0.272,-0.874,5.175,9.27,2026-09-04,1
2026-09-05T17:58:13+00:00,^IXIC,Nasdaq Composite,equity,PCT,fred,26506.99,26584.06,-0.29,0.396,0.602,2.227,12.43,2026-09-04,1
2026-09-05T17:58:13+00:00,^RUT,Russell 2000,equity,USD,carry,3007.096,3017.89,,,,,,,1
2026-09-05T17:58:13+00:00,^VIX,VIX (volatilita),vol,PCT,fred,14.32,15.2,-5.789,-1.309,-9.424,-27.932,78.9,2026-09-03,1
2026-09-05T17:58:13+00:00,FTSEMIB.MI,FTSE MIB,equity,EUR,carry,52732.33,53018.0,,,,,,,1
2026-09-05T17:58:13+00:00,^FTSE,FTSE 100 UK,equity,GBP,carry,10886.34,10728.0,,,,,,,1
2026-09-05T17:58:13+00:00,^GDAXI,DAX Germania,equity,EUR,carry,26293.18,26128.36,,,,,,,1
2026-09-05T17:58:13+00:00,^FCHI,CAC 40 Francia,equity,EUR,carry,8452.28,8501.91,,,,,,,1
2026-09-05T17:58:13+00:00,^STOXX50E,Euro Stoxx 50,equity,,carry,6461.45,6444.46,,,,,,,1
2026-09-05T17:58:13+00:00,^N225,Nikkei 225,equity,JPY,carry,65856.43,65326.42,,,,,,,1
2026-09-05T17:58:13+00:00,^HSI,Hang Seng,equity,HKD,carry,25511.1,25471.15,,,,,,,1
2026-09-05T17:58:13+00:00,000001.SS,Shanghai Composite,equity,CNY,carry,3889.445,3894.422,,,,,,,1
2026-09-05T17:58:13+00:00,^BVSP,Bovespa Brasile,equity,BRL,carry,172458.62,166335.0,,,,,,,1
2026-09-05T17:58:13+00:00,BTC-USD,Bitcoin,crypto,USD,coingecko,80071.78389428862,81264.70153,-1.468,1.934,27.035,25.927,46.16,2026-09-05,0
2026-09-05T17:58:13+00:00,ETH-USD,Ethereum,crypto,USD,coingecko,2479.570285492794,2507.648284,-1.12,0.527,31.825,38.969,74.36,2026-09-05,0
2026-09-05T17:58:13+00:00,SOL-USD,Solana,crypto,USD,coingecko,104.09703718635056,103.960518,0.131,1.055,38.28,27.702,61.69,2026-09-05,0
2026-09-05T17:58:13+00:00,GC=F,Oro (spot),commodity,USD,carry,4693.0,4516.3,,,,,,,1
2026-09-05T17:58:13+00:00,SI=F,Argento (spot),commodity,USD,carry,68.29,68.026,,,,,,,1
2026-09-05T17:58:13+00:00,CL=F,Petrolio WTI,commodity,PCT,fred,91.48,87.03,5.113,9.035,11.615,-8.3,36.28,2026-09-01,1
2026-09-05T17:58:13+00:00,BZ=F,Petrolio Brent,commodity,PCT,fred,96.02,89.75,6.986,3.57,-0.959,-2.991,49.82,2026-09-01,1
2026-09-05T17:58:13+00:00,NG=F,Gas naturale,commodity,PCT,fred,2.9,2.9,0.0,7.407,3.203,-2.357,47.86,2026-09-01,1
2026-09-05T17:58:13+00:00,HG=F,Rame,commodity,USD,carry,6.668,6.46,,,,,,,1
2026-09-05T17:58:13+00:00,EURUSD=X,EUR/USD,fx,USD,ecb,1.1622,1.1615,0.06,-0.18,0.693,0.719,3.85,2026-09-04,1
2026-09-05T17:58:13+00:00,GBPUSD=X,GBP/USD,fx,PCT,fred,1.3555,1.36,-0.331,-0.652,0.683,0.773,3.64,2026-08-28,1
2026-09-05T17:58:13+00:00,JPY=X,USD/JPY,fx,PCT,fred,159.97,159.26,0.446,0.667,0.314,0.194,7.51,2026-08-28,1
2026-09-05T17:58:13+00:00,DX-Y.NYB,Indice dollaro DXY,fx,USD,carry,98.962,98.9,,,,,,,1
2026-09-05T17:58:13+00:00,DTWEXBGS,Indice dollaro Fed (broad),fx,PCT,fred,118.7479,118.3583,0.329,0.58,-0.775,-0.35,3.21,2026-08-28,1
2026-09-05T17:58:13+00:00,^FVX,US 5Y Treasury Yield,rate,PCT,fred,4.52,4.54,-0.441,3.196,4.388,5.361,15.26,2026-09-03,1
2026-09-05T17:58:13+00:00,^TNX,US 10Y Treasury Yield,rate,PCT,fred,4.77,4.79,-0.418,2.141,3.024,4.835,14.14,2026-09-03,1
2026-09-05T17:58:13+00:00,^TYX,US 30Y Treasury Yield,rate,PCT,fred,5.25,5.27,-0.38,1.156,1.547,4.79,12.2,2026-09-03,1
2026-09-05T23:07:42+00:00,^GSPC,S&P 500,equity,PCT,fred,7718.6,7747.71,-0.376,0.089,0.112,4.225,8.3,2026-09-04,1
2026-09-05T23:07:42+00:00,^DJI,Dow Jones,equity,PCT,fred,53414.25,53686.11,-0.506,-0.272,-0.874,5.175,9.27,2026-09-04,1
2026-09-05T23:07:42+00:00,^IXIC,Nasdaq Composite,equity,PCT,fred,26506.99,26584.06,-0.29,0.396,0.602,2.227,12.43,2026-09-04,1
2026-09-05T23:07:42+00:00,^RUT,Russell 2000,equity,USD,carry,3007.096,3017.89,,,,,,,1
2026-09-05T23:07:42+00:00,^VIX,VIX (volatilita),vol,PCT,fred,14.32,15.2,-5.789,-1.309,-9.424,-27.932,78.9,2026-09-03,1
2026-09-05T23:07:42+00:00,FTSEMIB.MI,FTSE MIB,equity,EUR,carry,52732.33,53018.0,,,,,,,1
2026-09-05T23:07:42+00:00,^FTSE,FTSE 100 UK,equity,GBP,carry,10886.34,10728.0,,,,,,,1
2026-09-05T23:07:42+00:00,^GDAXI,DAX Germania,equity,EUR,carry,26293.18,26128.36,,,,,,,1
2026-09-05T23:07:42+00:00,^FCHI,CAC 40 Francia,equity,EUR,carry,8452.28,8501.91,,,,,,,1
2026-09-05T23:07:42+00:00,^STOXX50E,Euro Stoxx 50,equity,,carry,6461.45,6444.46,,,,,,,1
2026-09-05T23:07:42+00:00,^N225,Nikkei 225,equity,JPY,carry,65856.43,65326.42,,,,,,,1
2026-09-05T23:07:42+00:00,^HSI,Hang Seng,equity,HKD,carry,25511.1,25471.15,,,,,,,1
2026-09-05T23:07:42+00:00,000001.SS,Shanghai Composite,equity,CNY,carry,3889.445,3894.422,,,,,,,1
2026-09-05T23:07:42+00:00,^BVSP,Bovespa Brasile,equity,BRL,carry,172458.62,166335.0,,,,,,,1
2026-09-05T23:07:42+00:00,BTC-USD,Bitcoin,crypto,USD,coingecko,79752.95696768104,81264.70153,-1.86,1.528,26.53,25.425,46.27,2026-09-05,0
2026-09-05T23:07:42+00:00,ETH-USD,Ethereum,crypto,USD,coingecko,2479.132679410989,2507.648284,-1.137,0.509,31.802,38.944,74.36,2026-09-05,0
2026-09-05T23:07:42+00:00,SOL-USD,Solana,crypto,USD,coingecko,103.30675301436227,103.960518,-0.629,0.287,37.23,26.732,61.69,2026-09-05,0
2026-09-05T23:07:42+00:00,GC=F,Oro (spot),commodity,USD,carry,4693.0,4516.3,,,,,,,1
2026-09-05T23:07:42+00:00,SI=F,Argento (spot),commodity,USD,carry,68.29,68.026,,,,,,,1
2026-09-05T23:07:42+00:00,CL=F,Petrolio WTI,commodity,PCT,fred,91.48,87.03,5.113,9.035,11.615,-8.3,36.28,2026-09-01,1
2026-09-05T23:07:42+00:00,BZ=F,Petrolio Brent,commodity,PCT,fred,96.02,89.75,6.986,3.57,-0.959,-2.991,49.82,2026-09-01,1
2026-09-05T23:07:42+00:00,NG=F,Gas naturale,commodity,PCT,fred,2.9,2.9,0.0,7.407,3.203,-2.357,47.86,2026-09-01,1
2026-09-05T23:07:42+00:00,HG=F,Rame,commodity,USD,carry,6.668,6.46,,,,,,,1
2026-09-05T23:07:42+00:00,EURUSD=X,EUR/USD,fx,USD,ecb,1.1622,1.1615,0.06,-0.18,0.693,0.719,3.85,2026-09-04,1
2026-09-05T23:07:42+00:00,GBPUSD=X,GBP/USD,fx,PCT,fred,1.3555,1.36,-0.331,-0.652,0.683,0.773,3.64,2026-08-28,1
2026-09-05T23:07:42+00:00,JPY=X,USD/JPY,fx,PCT,fred,159.97,159.26,0.446,0.667,0.314,0.194,7.51,2026-08-28,1
2026-09-05T23:07:42+00:00,DX-Y.NYB,Indice dollaro DXY,fx,USD,carry,98.962,98.9,,,,,,,1
2026-09-05T23:07:42+00:00,DTWEXBGS,Indice dollaro Fed (broad),fx,PCT,fred,118.7479,118.3583,0.329,0.58,-0.775,-0.35,3.21,2026-08-28,1
2026-09-05T23:07:42+00:00,^FVX,US 5Y Treasury Yield,rate,PCT,fred,4.52,4.54,-0.441,3.196,4.388,5.361,15.26,2026-09-03,1
2026-09-05T23:07:42+00:00,^TNX,US 10Y Treasury Yield,rate,PCT,fred,4.77,4.79,-0.418,2.141,3.024,4.835,14.14,2026-09-03,1
2026-09-05T23:07:42+00:00,^TYX,US 30Y Treasury Yield,rate,PCT,fred,5.25,5.27,-0.38,1.156,1.547,4.79,12.2,2026-09-03,1
2026-09-06T10:26:34+00:00,^GSPC,S&P 500,equity,PCT,fred,7718.6,7747.71,-0.376,0.089,0.112,4.225,8.3,2026-09-04,1
2026-09-06T10:26:34+00:00,^DJI,Dow Jones,equity,PCT,fred,53414.25,53686.11,-0.506,-0.272,-0.874,5.175,9.27,2026-09-04,1
2026-09-06T10:26:34+00:00,^IXIC,Nasdaq Composite,equity,PCT,fred,26506.99,26584.06,-0.29,0.396,0.602,2.227,12.43,2026-09-04,1
2026-09-06T10:26:34+00:00,^RUT,Russell 2000,equity,USD,carry,3007.096,3017.89,,,,,,,1
2026-09-06T10:26:34+00:00,^VIX,VIX (volatilita),vol,PCT,fred,14.32,15.2,-5.789,-1.309,-9.424,-27.932,78.9,2026-09-03,1
2026-09-06T10:26:34+00:00,FTSEMIB.MI,FTSE MIB,equity,EUR,carry,52732.33,53018.0,,,,,,,1
2026-09-06T10:26:34+00:00,^FTSE,FTSE 100 UK,equity,GBP,carry,10886.34,10728.0,,,,,,,1
2026-09-06T10:26:34+00:00,^GDAXI,DAX Germania,equity,EUR,carry,26293.18,26128.36,,,,,,,1
2026-09-06T10:26:34+00:00,^FCHI,CAC 40 Francia,equity,EUR,carry,8452.28,8501.91,,,,,,,1
2026-09-06T10:26:34+00:00,^STOXX50E,Euro Stoxx 50,equity,,carry,6461.45,6444.46,,,,,,,1
2026-09-06T10:26:34+00:00,^N225,Nikkei 225,equity,JPY,carry,65856.43,65326.42,,,,,,,1
2026-09-06T10:26:34+00:00,^HSI,Hang Seng,equity,HKD,carry,25511.1,25471.15,,,,,,,1
2026-09-06T10:26:34+00:00,000001.SS,Shanghai Composite,equity,CNY,carry,3889.445,3894.422,,,,,,,1
2026-09-06T10:26:34+00:00,^BVSP,Bovespa Brasile,equity,BRL,carry,172458.62,166335.0,,,,,,,1
2026-09-06T10:26:34+00:00,BTC-USD,Bitcoin,crypto,USD,coingecko,79972.03603635833,79671.257674,0.378,3.301,27.255,24.954,46.08,2026-09-06,0
2026-09-06T10:26:34+00:00,ETH-USD,Ethereum,crypto,USD,coingecko,2499.570704135335,2456.085066,1.771,3.387,33.353,38.976,74.37,2026-09-06,0
2026-09-06T10:26:34+00:00,SOL-USD,Solana,crypto,USD,coingecko,106.7218271515187,101.929076,4.702,6.759,43.159,30.326,62.01,2026-09-06,0
2026-09-06T10:26:34+00:00,GC=F,Oro (spot),commodity,USD,carry,4693.0,4516.3,,,,,,,1
2026-09-06T10:26:34+00:00,SI=F,Argento (spot),commodity,USD,carry,68.29,68.026,,,,,,,1
2026-09-06T10:26:34+00:00,CL=F,Petrolio WTI,commodity,PCT,fred,91.48,87.03,5.113,9.035,11.615,-8.3,36.28,2026-09-01,1
2026-09-06T10:26:34+00:00,BZ=F,Petrolio Brent,commodity,PCT,fred,96.02,89.75,6.986,3.57,-0.959,-2.991,49.82,2026-09-01,1
2026-09-06T10:26:34+00:00,NG=F,Gas naturale,commodity,PCT,fred,2.9,2.9,0.0,7.407,3.203,-2.357,47.86,2026-09-01,1
2026-09-06T10:26:34+00:00,HG=F,Rame,commodity,USD,carry,6.668,6.46,,,,,,,1
2026-09-06T10:26:34+00:00,EURUSD=X,EUR/USD,fx,USD,ecb,1.1622,1.1615,0.06,-0.18,0.693,0.719,3.85,2026-09-04,1
2026-09-06T10:26:34+00:00,GBPUSD=X,GBP/USD,fx,PCT,fred,1.3555,1.36,-0.331,-0.652,0.683,0.773,3.64,2026-08-28,1
2026-09-06T10:26:34+00:00,JPY=X,USD/JPY,fx,PCT,fred,159.97,159.26,0.446,0.667,0.314,0.194,7.51,2026-08-28,1
2026-09-06T10:26:34+00:00,DX-Y.NYB,Indice dollaro DXY,fx,USD,carry,98.962,98.9,,,,,,,1
2026-09-06T10:26:34+00:00,DTWEXBGS,Indice dollaro Fed (broad),fx,PCT,fred,118.7479,118.3583,0.329,0.58,-0.775,-0.35,3.21,2026-08-28,1
2026-09-06T10:26:34+00:00,^FVX,US 5Y Treasury Yield,rate,PCT,fred,4.52,4.54,-0.441,3.196,4.388,5.361,15.26,2026-09-03,1
2026-09-06T10:26:34+00:00,^TNX,US 10Y Treasury Yield,rate,PCT,fred,4.77,4.79,-0.418,2.141,3.024,4.835,14.14,2026-09-03,1
2026-09-06T10:26:34+00:00,^TYX,US 30Y Treasury Yield,rate,PCT,fred,5.25,5.27,-0.38,1.156,1.547,4.79,12.2,2026-09-03,1
2026-09-06T15:04:09+00:00,^GSPC,S&P 500,equity,PCT,fred,7718.6,7747.71,-0.376,0.089,0.112,4.225,8.3,2026-09-04,1
2026-09-06T15:04:09+00:00,^DJI,Dow Jones,equity,PCT,fred,53414.25,53686.11,-0.506,-0.272,-0.874,5.175,9.27,2026-09-04,1
2026-09-06T15:04:09+00:00,^IXIC,Nasdaq Composite,equity,PCT,fred,26506.99,26584.06,-0.29,0.396,0.602,2.227,12.43,2026-09-04,1
2026-09-06T15:04:09+00:00,^RUT,Russell 2000,equity,USD,carry,3007.096,3017.89,,,,,,,1
2026-09-06T15:04:09+00:00,^VIX,VIX (volatilita),vol,PCT,fred,14.32,15.2,-5.789,-1.309,-9.424,-27.932,78.9,2026-09-03,1
2026-09-06T15:04:09+00:00,FTSEMIB.MI,FTSE MIB,equity,EUR,carry,52732.33,53018.0,,,,,,,1
2026-09-06T15:04:09+00:00,^FTSE,FTSE 100 UK,equity,GBP,carry,10886.34,10728.0,,,,,,,1
2026-09-06T15:04:09+00:00,^GDAXI,DAX Germania,equity,EUR,carry,26293.18,26128.36,,,,,,,1
2026-09-06T15:04:09+00:00,^FCHI,CAC 40 Francia,equity,EUR,carry,8452.28,8501.91,,,,,,,1
2026-09-06T15:04:09+00:00,^STOXX50E,Euro Stoxx 50,equity,,carry,6461.45,6444.46,,,,,,,1
2026-09-06T15:04:09+00:00,^N225,Nikkei 225,equity,JPY,carry,65856.43,65326.42,,,,,,,1
2026-09-06T15:04:09+00:00,^HSI,Hang Seng,equity,HKD,carry,25511.1,25471.15,,,,,,,1
2026-09-06T15:04:09+00:00,000001.SS,Shanghai Composite,equity,CNY,carry,3889.445,3894.422,,,,,,,1
2026-09-06T15:04:09+00:00,^BVSP,Bovespa Brasile,equity,BRL,carry,172458.62,166335.0,,,,,,,1
2026-09-06T15:04:09+00:00,BTC-USD,Bitcoin,crypto,USD,coingecko,79426.11915061949,79671.257674,-0.308,2.596,26.387,24.101,46.33,2026-09-06,0
2026-09-06T15:04:09+00:00,ETH-USD,Ethereum,crypto,USD,coingecko,2475.883908545992,2456.085066,0.806,2.408,32.089,37.659,74.56,2026-09-06,0
2026-09-06T15:04:09+00:00,SOL-USD,Solana,crypto,USD,coingecko,105.24932986297215,101.929076,3.257,5.286,41.184,28.528,61.71,2026-09-06,0
2026-09-06T15:04:09+00:00,GC=F,Oro (spot),commodity,USD,carry,4693.0,4516.3,,,,,,,1
2026-09-06T15:04:09+00:00,SI=F,Argento (spot),commodity,USD,carry,68.29,68.026,,,,,,,1
2026-09-06T15:04:09+00:00,CL=F,Petrolio WTI,commodity,PCT,fred,91.48,87.03,5.113,9.035,11.615,-8.3,36.28,2026-09-01,1
2026-09-06T15:04:09+00:00,BZ=F,Petrolio Brent,commodity,PCT,fred,96.02,89.75,6.986,3.57,-0.959,-2.991,49.82,2026-09-01,1
2026-09-06T15:04:09+00:00,NG=F,Gas naturale,commodity,PCT,fred,2.9,2.9,0.0,7.407,3.203,-2.357,47.86,2026-09-01,1
2026-09-06T15:04:09+00:00,HG=F,Rame,commodity,USD,carry,6.668,6.46,,,,,,,1
2026-09-06T15:04:09+00:00,EURUSD=X,EUR/USD,fx,USD,ecb,1.1622,1.1615,0.06,-0.18,0.693,0.719,3.85,2026-09-04,1
2026-09-06T15:04:09+00:00,GBPUSD=X,GBP/USD,fx,PCT,fred,1.3555,1.36,-0.331,-0.652,0.683,0.773,3.64,2026-08-28,1
2026-09-06T15:04:09+00:00,JPY=X,USD/JPY,fx,PCT,fred,159.97,159.26,0.446,0.667,0.314,0.194,7.51,2026-08-28,1
2026-09-06T15:04:09+00:00,DX-Y.NYB,Indice dollaro DXY,fx,USD,carry,98.962,98.9,,,,,,,1
2026-09-06T15:04:09+00:00,DTWEXBGS,Indice dollaro Fed (broad),fx,PCT,fred,118.7479,118.3583,0.329,0.58,-0.775,-0.35,3.21,2026-08-28,1
2026-09-06T15:04:09+00:00,^FVX,US 5Y Treasury Yield,rate,PCT,fred,4.52,4.54,-0.441,3.196,4.388,5.361,15.26,2026-09-03,1
2026-09-06T15:04:09+00:00,^TNX,US 10Y Treasury Yield,rate,PCT,fred,4.77,4.79,-0.418,2.141,3.024,4.835,14.14,2026-09-03,1
2026-09-06T15:04:09+00:00,^TYX,US 30Y Treasury Yield,rate,PCT,fred,5.25,5.27,-0.38,1.156,1.547,4.79,12.2,2026-09-03,1
2026-09-06T18:04:53+00:00,^GSPC,S&P 500,equity,PCT,fred,7718.6,7747.71,-0.376,0.089,0.112,4.225,8.3,2026-09-04,1
2026-09-06T18:04:53+00:00,^DJI,Dow Jones,equity,PCT,fred,53414.25,53686.11,-0.506,-0.272,-0.874,5.175,9.27,2026-09-04,1
2026-09-06T18:04:53+00:00,^IXIC,Nasdaq Composite,equity,PCT,fred,26506.99,26584.06,-0.29,0.396,0.602,2.227,12.43,2026-09-04,1
2026-09-06T18:04:53+00:00,^RUT,Russell 2000,equity,USD,carry,3007.096,3017.89,,,,,,,1
2026-09-06T18:04:53+00:00,^VIX,VIX (volatilita),vol,PCT,fred,14.32,15.2,-5.789,-1.309,-9.424,-27.932,78.9,2026-09-03,1
2026-09-06T18:04:53+00:00,FTSEMIB.MI,FTSE MIB,equity,EUR,carry,52732.33,53018.0,,,,,,,1
2026-09-06T18:04:53+00:00,^FTSE,FTSE 100 UK,equity,GBP,carry,10886.34,10728.0,,,,,,,1
2026-09-06T18:04:53+00:00,^GDAXI,DAX Germania,equity,EUR,carry,26293.18,26128.36,,,,,,,1
2026-09-06T18:04:53+00:00,^FCHI,CAC 40 Francia,equity,EUR,carry,8452.28,8501.91,,,,,,,1
2026-09-06T18:04:53+00:00,^STOXX50E,Euro Stoxx 50,equity,,carry,6461.45,6444.46,,,,,,,1
2026-09-06T18:04:53+00:00,^N225,Nikkei 225,equity,JPY,carry,65856.43,65326.42,,,,,,,1
2026-09-06T18:04:53+00:00,^HSI,Hang Seng,equity,HKD,carry,25511.1,25471.15,,,,,,,1
2026-09-06T18:04:53+00:00,000001.SS,Shanghai Composite,equity,CNY,carry,3889.445,3894.422,,,,,,,1
2026-09-06T18:04:53+00:00,^BVSP,Bovespa Brasile,equity,BRL,carry,172458.62,166335.0,,,,,,,1
2026-09-06T18:04:53+00:00,BTC-USD,Bitcoin,crypto,USD,coingecko,79760.61918524744,79671.257674,0.112,3.028,26.919,24.624,46.16,2026-09-06,0
2026-09-06T18:04:53+00:00,ETH-USD,Ethereum,crypto,USD,coingecko,2492.5287509146883,2456.085066,1.484,3.096,32.977,38.585,74.41,2026-09-06,0
2026-09-06T18:04:53+00:00,SOL-USD,Solana,crypto,USD,coingecko,106.24371800588482,101.929076,4.233,6.281,42.518,29.742,61.86,2026-09-06,0
2026-09-06T18:04:53+00:00,GC=F,Oro (spot),commodity,USD,carry,4693.0,4516.3,,,,,,,1
2026-09-06T18:04:53+00:00,SI=F,Argento (spot),commodity,USD,carry,68.29,68.026,,,,,,,1
2026-09-06T18:04:53+00:00,CL=F,Petrolio WTI,commodity,PCT,fred,91.48,87.03,5.113,9.035,11.615,-8.3,36.28,2026-09-01,1
2026-09-06T18:04:53+00:00,BZ=F,Petrolio Brent,commodity,PCT,fred,96.02,89.75,6.986,3.57,-0.959,-2.991,49.82,2026-09-01,1
2026-09-06T18:04:53+00:00,NG=F,Gas naturale,commodity,PCT,fred,2.9,2.9,0.0,7.407,3.203,-2.357,47.86,2026-09-01,1
2026-09-06T18:04:53+00:00,HG=F,Rame,commodity,USD,carry,6.668,6.46,,,,,,,1
2026-09-06T18:04:53+00:00,EURUSD=X,EUR/USD,fx,USD,ecb,1.1622,1.1615,0.06,-0.18,0.693,0.719,3.85,2026-09-04,1
2026-09-06T18:04:53+00:00,GBPUSD=X,GBP/USD,fx,PCT,fred,1.3555,1.36,-0.331,-0.652,0.683,0.773,3.64,2026-08-28,1
2026-09-06T18:04:53+00:00,JPY=X,USD/JPY,fx,PCT,fred,159.97,159.26,0.446,0.667,0.314,0.194,7.51,2026-08-28,1
2026-09-06T18:04:53+00:00,DX-Y.NYB,Indice dollaro DXY,fx,USD,carry,98.962,98.9,,,,,,,1
2026-09-06T18:04:53+00:00,DTWEXBGS,Indice dollaro Fed (broad),fx,PCT,fred,118.7479,118.3583,0.329,0.58,-0.775,-0.35,3.21,2026-08-28,1
2026-09-06T18:04:53+00:00,^FVX,US 5Y Treasury Yield,rate,PCT,fred,4.52,4.54,-0.441,3.196,4.388,5.361,15.26,2026-09-03,1
2026-09-06T18:04:53+00:00,^TNX,US 10Y Treasury Yield,rate,PCT,fred,4.77,4.79,-0.418,2.141,3.024,4.835,14.14,2026-09-03,1
2026-09-06T18:04:53+00:00,^TYX,US 30Y Treasury Yield,rate,PCT,fred,5.25,5.27,-0.38,1.156,1.547,4.79,12.2,2026-09-03,1
2026-09-06T22:58:24+00:00,^GSPC,S&P 500,equity,PCT,fred,7718.6,7747.71,-0.376,0.089,0.112,4.225,8.3,2026-09-04,1
2026-09-06T22:58:24+00:00,^DJI,Dow Jones,equity,PCT,fred,53414.25,53686.11,-0.506,-0.272,-0.874,5.175,9.27,2026-09-04,1
2026-09-06T22:58:24+00:00,^IXIC,Nasdaq Composite,equity,PCT,fred,26506.99,26584.06,-0.29,0.396,0.602,2.227,12.43,2026-09-04,1
2026-09-06T22:58:24+00:00,^RUT,Russell 2000,equity,USD,carry,3007.096,3017.89,,,,,,,1
2026-09-06T22:58:24+00:00,^VIX,VIX (volatilita),vol,PCT,fred,14.32,15.2,-5.789,-1.309,-9.424,-27.932,78.9,2026-09-03,1
2026-09-06T22:58:24+00:00,FTSEMIB.MI,FTSE MIB,equity,EUR,carry,52732.33,53018.0,,,,,,,1
2026-09-06T22:58:24+00:00,^FTSE,FTSE 100 UK,equity,GBP,carry,10886.34,10728.0,,,,,,,1
2026-09-06T22:58:24+00:00,^GDAXI,DAX Germania,equity,EUR,carry,26293.18,26128.36,,,,,,,1
2026-09-06T22:58:24+00:00,^FCHI,CAC 40 Francia,equity,EUR,carry,8452.28,8501.91,,,,,,,1
2026-09-06T22:58:24+00:00,^STOXX50E,Euro Stoxx 50,equity,,carry,6461.45,6444.46,,,,,,,1
2026-09-06T22:58:24+00:00,^N225,Nikkei 225,equity,JPY,carry,65856.43,65326.42,,,,,,,1
2026-09-06T22:58:24+00:00,^HSI,Hang Seng,equity,HKD,carry,25511.1,25471.15,,,,,,,1
2026-09-06T22:58:24+00:00,000001.SS,Shanghai Composite,equity,CNY,carry,3889.445,3894.422,,,,,,,1
2026-09-06T22:58:24+00:00,^BVSP,Bovespa Brasile,equity,BRL,carry,172458.62,166335.0,,,,,,,1
2026-09-06T22:58:24+00:00,BTC-USD,Bitcoin,crypto,USD,coingecko,80052.95637117756,79671.257674,0.479,3.406,27.384,25.08,46.06,2026-09-06,0
2026-09-06T22:58:24+00:00,ETH-USD,Ethereum,crypto,USD,coingecko,2508.7343403376353,2456.085066,2.144,3.766,33.842,39.486,74.34,2026-09-06,0
2026-09-06T22:58:24+00:00,SOL-USD,Solana,crypto,USD,coingecko,105.94596843420106,101.929076,3.941,5.983,42.118,29.378,61.8,2026-09-06,0
2026-09-06T22:58:24+00:00,GC=F,Oro (spot),commodity,USD,carry,4693.0,4516.3,,,,,,,1
2026-09-06T22:58:24+00:00,SI=F,Argento (spot),commodity,USD,carry,68.29,68.026,,,,,,,1
2026-09-06T22:58:24+00:00,CL=F,Petrolio WTI,commodity,PCT,fred,91.48,87.03,5.113,9.035,11.615,-8.3,36.28,2026-09-01,1
2026-09-06T22:58:24+00:00,BZ=F,Petrolio Brent,commodity,PCT,fred,96.02,89.75,6.986,3.57,-0.959,-2.991,49.82,2026-09-01,1
2026-09-06T22:58:24+00:00,NG=F,Gas naturale,commodity,PCT,fred,2.9,2.9,0.0,7.407,3.203,-2.357,47.86,2026-09-01,1
2026-09-06T22:58:24+00:00,HG=F,Rame,commodity,USD,carry,6.668,6.46,,,,,,,1
2026-09-06T22:58:24+00:00,EURUSD=X,EUR/USD,fx,USD,ecb,1.1622,1.1615,0.06,-0.18,0.693,0.719,3.85,2026-09-04,1
2026-09-06T22:58:24+00:00,GBPUSD=X,GBP/USD,fx,PCT,fred,1.3555,1.36,-0.331,-0.652,0.683,0.773,3.64,2026-08-28,1
2026-09-06T22:58:24+00:00,JPY=X,USD/JPY,fx,PCT,fred,159.97,159.26,0.446,0.667,0.314,0.194,7.51,2026-08-28,1
2026-09-06T22:58:24+00:00,DX-Y.NYB,Indice dollaro DXY,fx,USD,carry,98.962,98.9,,,,,,,1
2026-09-06T22:58:24+00:00,DTWEXBGS,Indice dollaro Fed (broad),fx,PCT,fred,118.7479,118.3583,0.329,0.58,-0.775,-0.35,3.21,2026-08-28,1
2026-09-06T22:58:24+00:00,^FVX,US 5Y Treasury Yield,rate,PCT,fred,4.52,4.54,-0.441,3.196,4.388,5.361,15.26,2026-09-03,1
2026-09-06T22:58:24+00:00,^TNX,US 10Y Treasury Yield,rate,PCT,fred,4.77,4.79,-0.418,2.141,3.024,4.835,14.14,2026-09-03,1
2026-09-06T22:58:24+00:00,^TYX,US 30Y Treasury Yield,rate,PCT,fred,5.25,5.27,-0.38,1.156,1.547,4.79,12.2,2026-09-03,1
2026-09-07T11:48:37+00:00,^GSPC,S&P 500,equity,PCT,fred,7718.6,7747.71,-0.376,0.089,0.112,4.225,8.3,2026-09-04,1
2026-09-07T11:48:37+00:00,^DJI,Dow Jones,equity,PCT,fred,53414.25,53686.11,-0.506,-0.272,-0.874,5.175,9.27,2026-09-04,1
2026-09-07T11:48:37+00:00,^IXIC,Nasdaq Composite,equity,PCT,fred,26506.99,26584.06,-0.29,0.396,0.602,2.227,12.43,2026-09-04,1
2026-09-07T11:48:37+00:00,^RUT,Russell 2000,equity,USD,carry,3007.096,3017.89,,,,,,,1
2026-09-07T11:48:37+00:00,^VIX,VIX (volatilita),vol,PCT,fred,14.32,15.2,-5.789,-1.309,-9.424,-27.932,78.9,2026-09-03,1
2026-09-07T11:48:37+00:00,FTSEMIB.MI,FTSE MIB,equity,EUR,carry,52732.33,53018.0,,,,,,,1
2026-09-07T11:48:37+00:00,^FTSE,FTSE 100 UK,equity,GBP,carry,10886.34,10728.0,,,,,,,1
2026-09-07T11:48:37+00:00,^GDAXI,DAX Germania,equity,EUR,carry,26293.18,26128.36,,,,,,,1
2026-09-07T11:48:37+00:00,^FCHI,CAC 40 Francia,equity,EUR,carry,8452.28,8501.91,,,,,,,1
2026-09-07T11:48:37+00:00,^STOXX50E,Euro Stoxx 50,equity,,carry,6461.45,6444.46,,,,,,,1
2026-09-07T11:48:37+00:00,^N225,Nikkei 225,equity,JPY,carry,65856.43,65326.42,,,,,,,1
2026-09-07T11:48:37+00:00,^HSI,Hang Seng,equity,HKD,carry,25511.1,25471.15,,,,,,,1
2026-09-07T11:48:37+00:00,000001.SS,Shanghai Composite,equity,CNY,carry,3889.445,3894.422,,,,,,,1
2026-09-07T11:48:37+00:00,^BVSP,Bovespa Brasile,equity,BRL,carry,172458.62,166335.0,,,,,,,1
2026-09-07T11:48:37+00:00,BTC-USD,Bitcoin,crypto,USD,coingecko,79406.03920082649,79821.698732,-0.521,2.728,23.127,25.374,46.63,2026-09-07,0
2026-09-07T11:48:37+00:00,ETH-USD,Ethereum,crypto,USD,coingecko,2490.4046743765334,2480.003169,0.419,4.167,30.233,40.604,74.7,2026-09-07,0
2026-09-07T11:48:37+00:00,SOL-USD,Solana,crypto,USD,coingecko,104.84837061181805,103.166376,1.63,4.44,38.007,30.107,63.04,2026-09-07,0
2026-09-07T11:48:37+00:00,GC=F,Oro (spot),commodity,USD,carry,4693.0,4516.3,,,,,,,1
2026-09-07T11:48:37+00:00,SI=F,Argento (spot),commodity,USD,carry,68.29,68.026,,,,,,,1
2026-09-07T11:48:37+00:00,CL=F,Petrolio WTI,commodity,PCT,fred,91.48,87.03,5.113,9.035,11.615,-8.3,36.28,2026-09-01,1
2026-09-07T11:48:37+00:00,BZ=F,Petrolio Brent,commodity,PCT,fred,96.02,89.75,6.986,3.57,-0.959,-2.991,49.82,2026-09-01,1
2026-09-07T11:48:37+00:00,NG=F,Gas naturale,commodity,PCT,fred,2.9,2.9,0.0,7.407,3.203,-2.357,47.86,2026-09-01,1
2026-09-07T11:48:37+00:00,HG=F,Rame,commodity,USD,carry,6.668,6.46,,,,,,,1
2026-09-07T11:48:37+00:00,EURUSD=X,EUR/USD,fx,USD,ecb,1.1622,1.1615,0.06,-0.18,0.693,0.719,3.85,2026-09-04,1
2026-09-07T11:48:37+00:00,GBPUSD=X,GBP/USD,fx,PCT,fred,1.3555,1.36,-0.331,-0.652,0.683,0.773,3.64,2026-08-28,1
2026-09-07T11:48:37+00:00,JPY=X,USD/JPY,fx,PCT,fred,159.97,159.26,0.446,0.667,0.314,0.194,7.51,2026-08-28,1
2026-09-07T11:48:37+00:00,DX-Y.NYB,Indice dollaro DXY,fx,USD,carry,98.962,98.9,,,,,,,1
2026-09-07T11:48:37+00:00,DTWEXBGS,Indice dollaro Fed (broad),fx,PCT,fred,118.7479,118.3583,0.329,0.58,-0.775,-0.35,3.21,2026-08-28,1
2026-09-07T11:48:37+00:00,^FVX,US 5Y Treasury Yield,rate,PCT,fred,4.52,4.54,-0.441,3.196,4.388,5.361,15.26,2026-09-03,1
2026-09-07T11:48:37+00:00,^TNX,US 10Y Treasury Yield,rate,PCT,fred,4.77,4.79,-0.418,2.141,3.024,4.835,14.14,2026-09-03,1
2026-09-07T11:48:37+00:00,^TYX,US 30Y Treasury Yield,rate,PCT,fred,5.25,5.27,-0.38,1.156,1.547,4.79,12.2,2026-09-03,1
2026-09-07T17:25:36+00:00,^GSPC,S&P 500,equity,PCT,fred,7718.6,7747.71,-0.376,0.089,0.112,4.225,8.3,2026-09-04,1
2026-09-07T17:25:36+00:00,^DJI,Dow Jones,equity,PCT,fred,53414.25,53686.11,-0.506,-0.272,-0.874,5.175,9.27,2026-09-04,1
2026-09-07T17:25:36+00:00,^IXIC,Nasdaq Composite,equity,PCT,fred,26506.99,26584.06,-0.29,0.396,0.602,2.227,12.43,2026-09-04,1
2026-09-07T17:25:36+00:00,^RUT,Russell 2000,equity,USD,carry,3007.096,3017.89,,,,,,,1
2026-09-07T17:25:36+00:00,^VIX,VIX (volatilita),vol,PCT,fred,14.32,15.2,-5.789,-1.309,-9.424,-27.932,78.9,2026-09-03,1
2026-09-07T17:25:36+00:00,FTSEMIB.MI,FTSE MIB,equity,EUR,carry,52732.33,53018.0,,,,,,,1
2026-09-07T17:25:36+00:00,^FTSE,FTSE 100 UK,equity,GBP,carry,10886.34,10728.0,,,,,,,1
2026-09-07T17:25:36+00:00,^GDAXI,DAX Germania,equity,EUR,carry,26293.18,26128.36,,,,,,,1
2026-09-07T17:25:36+00:00,^FCHI,CAC 40 Francia,equity,EUR,carry,8452.28,8501.91,,,,,,,1
2026-09-07T17:25:36+00:00,^STOXX50E,Euro Stoxx 50,equity,,carry,6461.45,6444.46,,,,,,,1
2026-09-07T17:25:36+00:00,^N225,Nikkei 225,equity,JPY,carry,65856.43,65326.42,,,,,,,1
2026-09-07T17:25:36+00:00,^HSI,Hang Seng,equity,HKD,carry,25511.1,25471.15,,,,,,,1
2026-09-07T17:25:36+00:00,000001.SS,Shanghai Composite,equity,CNY,carry,3889.445,3894.422,,,,,,,1
2026-09-07T17:25:36+00:00,^BVSP,Bovespa Brasile,equity,BRL,carry,172458.62,166335.0,,,,,,,1
2026-09-07T17:25:36+00:00,BTC-USD,Bitcoin,crypto,USD,coingecko,79109.03648454603,79821.698732,-0.893,2.344,22.666,24.905,46.88,2026-09-07,0
2026-09-07T17:25:36+00:00,ETH-USD,Ethereum,crypto,USD,coingecko,2488.6600577371764,2480.003169,0.349,4.094,30.141,40.505,74.73,2026-09-07,0
2026-09-07T17:25:36+00:00,SOL-USD,Solana,crypto,USD,coingecko,104.04752080458573,103.166376,0.854,3.643,36.953,29.114,63.59,2026-09-07,0
2026-09-07T17:25:36+00:00,GC=F,Oro (spot),commodity,USD,carry,4693.0,4516.3,,,,,,,1
2026-09-07T17:25:36+00:00,SI=F,Argento (spot),commodity,USD,carry,68.29,68.026,,,,,,,1
2026-09-07T17:25:36+00:00,CL=F,Petrolio WTI,commodity,PCT,fred,91.48,87.03,5.113,9.035,11.615,-8.3,36.28,2026-09-01,1
2026-09-07T17:25:36+00:00,BZ=F,Petrolio Brent,commodity,PCT,fred,96.02,89.75,6.986,3.57,-0.959,-2.991,49.82,2026-09-01,1
2026-09-07T17:25:36+00:00,NG=F,Gas naturale,commodity,PCT,fred,2.9,2.9,0.0,7.407,3.203,-2.357,47.86,2026-09-01,1
2026-09-07T17:25:36+00:00,HG=F,Rame,commodity,USD,carry,6.668,6.46,,,,,,,1
2026-09-07T17:25:36+00:00,EURUSD=X,EUR/USD,fx,USD,ecb,1.1622,1.1622,0.0,0.224,0.754,0.737,3.82,2026-09-07,0
2026-09-07T17:25:36+00:00,GBPUSD=X,GBP/USD,fx,PCT,fred,1.3555,1.36,-0.331,-0.652,0.683,0.773,3.64,2026-08-28,1
2026-09-07T17:25:36+00:00,JPY=X,USD/JPY,fx,PCT,fred,159.97,159.26,0.446,0.667,0.314,0.194,7.51,2026-08-28,1
2026-09-07T17:25:36+00:00,DX-Y.NYB,Indice dollaro DXY,fx,USD,carry,98.962,98.9,,,,,,,1
2026-09-07T17:25:36+00:00,DTWEXBGS,Indice dollaro Fed (broad),fx,PCT,fred,118.7479,118.3583,0.329,0.58,-0.775,-0.35,3.21,2026-08-28,1
2026-09-07T17:25:36+00:00,^FVX,US 5Y Treasury Yield,rate,PCT,fred,4.52,4.54,-0.441,3.196,4.388,5.361,15.26,2026-09-03,1
2026-09-07T17:25:36+00:00,^TNX,US 10Y Treasury Yield,rate,PCT,fred,4.77,4.79,-0.418,2.141,3.024,4.835,14.14,2026-09-03,1
2026-09-07T17:25:36+00:00,^TYX,US 30Y Treasury Yield,rate,PCT,fred,5.25,5.27,-0.38,1.156,1.547,4.79,12.2,2026-09-03,1
2026-09-07T23:39:11+00:00,^GSPC,S&P 500,equity,PCT,fred,7718.6,7747.71,-0.376,0.089,0.112,4.225,8.3,2026-09-04,1
2026-09-07T23:39:11+00:00,^DJI,Dow Jones,equity,PCT,fred,53414.25,53686.11,-0.506,-0.272,-0.874,5.175,9.27,2026-09-04,1
2026-09-07T23:39:11+00:00,^IXIC,Nasdaq Composite,equity,PCT,fred,26506.99,26584.06,-0.29,0.396,0.602,2.227,12.43,2026-09-04,1
2026-09-07T23:39:11+00:00,^RUT,Russell 2000,equity,USD,carry,3007.096,3017.89,,,,,,,1
2026-09-07T23:39:11+00:00,^VIX,VIX (volatilita),vol,PCT,fred,14.32,15.2,-5.789,-1.309,-9.424,-27.932,78.9,2026-09-03,1
2026-09-07T23:39:11+00:00,FTSEMIB.MI,FTSE MIB,equity,EUR,carry,52732.33,53018.0,,,,,,,1
2026-09-07T23:39:11+00:00,^FTSE,FTSE 100 UK,equity,GBP,carry,10886.34,10728.0,,,,,,,1
2026-09-07T23:39:11+00:00,^GDAXI,DAX Germania,equity,EUR,carry,26293.18,26128.36,,,,,,,1
2026-09-07T23:39:11+00:00,^FCHI,CAC 40 Francia,equity,EUR,carry,8452.28,8501.91,,,,,,,1
2026-09-07T23:39:11+00:00,^STOXX50E,Euro Stoxx 50,equity,,carry,6461.45,6444.46,,,,,,,1
2026-09-07T23:39:11+00:00,^N225,Nikkei 225,equity,JPY,carry,65856.43,65326.42,,,,,,,1
2026-09-07T23:39:11+00:00,^HSI,Hang Seng,equity,HKD,carry,25511.1,25471.15,,,,,,,1
2026-09-07T23:39:11+00:00,000001.SS,Shanghai Composite,equity,CNY,carry,3889.445,3894.422,,,,,,,1
2026-09-07T23:39:11+00:00,^BVSP,Bovespa Brasile,equity,BRL,carry,172458.62,166335.0,,,,,,,1
2026-09-07T23:39:11+00:00,BTC-USD,Bitcoin,crypto,USD,coingecko,79006.6168855598,79821.698732,-1.021,2.212,22.507,24.743,46.97,2026-09-07,0
2026-09-07T23:39:11+00:00,ETH-USD,Ethereum,crypto,USD,coingecko,2485.3041091511095,2480.003169,0.214,3.954,29.966,40.316,74.79,2026-09-07,0
2026-09-07T23:39:11+00:00,SOL-USD,Solana,crypto,USD,coingecko,103.71681392939283,103.166376,0.534,3.313,36.518,28.703,63.85,2026-09-07,0
2026-09-07T23:39:11+00:00,GC=F,Oro (spot),commodity,USD,carry,4693.0,4516.3,,,,,,,1
2026-09-07T23:39:11+00:00,SI=F,Argento (spot),commodity,USD,carry,68.29,68.026,,,,,,,1
2026-09-07T23:39:11+00:00,CL=F,Petrolio WTI,commodity,PCT,fred,91.48,87.03,5.113,9.035,11.615,-8.3,36.28,2026-09-01,1
2026-09-07T23:39:11+00:00,BZ=F,Petrolio Brent,commodity,PCT,fred,96.02,89.75,6.986,3.57,-0.959,-2.991,49.82,2026-09-01,1
2026-09-07T23:39:11+00:00,NG=F,Gas naturale,commodity,PCT,fred,2.9,2.9,0.0,7.407,3.203,-2.357,47.86,2026-09-01,1
2026-09-07T23:39:11+00:00,HG=F,Rame,commodity,USD,carry,6.668,6.46,,,,,,,1
2026-09-07T23:39:11+00:00,EURUSD=X,EUR/USD,fx,USD,ecb,1.1622,1.1622,0.0,0.224,0.754,0.737,3.82,2026-09-07,0
2026-09-07T23:39:11+00:00,GBPUSD=X,GBP/USD,fx,PCT,fred,1.3555,1.36,-0.331,-0.652,0.683,0.773,3.64,2026-08-28,1
2026-09-07T23:39:11+00:00,JPY=X,USD/JPY,fx,PCT,fred,159.97,159.26,0.446,0.667,0.314,0.194,7.51,2026-08-28,1
2026-09-07T23:39:11+00:00,DX-Y.NYB,Indice dollaro DXY,fx,USD,carry,98.962,98.9,,,,,,,1
2026-09-07T23:39:11+00:00,DTWEXBGS,Indice dollaro Fed (broad),fx,PCT,fred,118.7479,118.3583,0.329,0.58,-0.775,-0.35,3.21,2026-08-28,1
2026-09-07T23:39:11+00:00,^FVX,US 5Y Treasury Yield,rate,PCT,fred,4.52,4.54,-0.441,3.196,4.388,5.361,15.26,2026-09-03,1
2026-09-07T23:39:11+00:00,^TNX,US 10Y Treasury Yield,rate,PCT,fred,4.77,4.79,-0.418,2.141,3.024,4.835,14.14,2026-09-03,1
2026-09-07T23:39:11+00:00,^TYX,US 30Y Treasury Yield,rate,PCT,fred,5.25,5.27,-0.38,1.156,1.547,4.79,12.2,2026-09-03,1
2026-09-08T10:46:27+00:00,^GSPC,S&P 500,equity,PCT,fred,7718.6,7747.71,-0.376,0.089,0.112,4.225,8.3,2026-09-04,1
2026-09-08T10:46:27+00:00,^DJI,Dow Jones,equity,PCT,fred,53414.25,53686.11,-0.506,-0.272,-0.874,5.175,9.27,2026-09-04,1
2026-09-08T10:46:27+00:00,^IXIC,Nasdaq Composite,equity,PCT,fred,26506.99,26584.06,-0.29,0.396,0.602,2.227,12.43,2026-09-04,1
2026-09-08T10:46:27+00:00,^RUT,Russell 2000,equity,USD,carry,3007.096,3017.89,,,,,,,1
2026-09-08T10:46:27+00:00,^VIX,VIX (volatilita),vol,PCT,fred,14.32,15.2,-5.789,-1.309,-9.424,-27.932,78.9,2026-09-03,1
2026-09-08T10:46:27+00:00,FTSEMIB.MI,FTSE MIB,equity,EUR,carry,52732.33,53018.0,,,,,,,1
2026-09-08T10:46:27+00:00,^FTSE,FTSE 100 UK,equity,GBP,carry,10886.34,10728.0,,,,,,,1
2026-09-08T10:46:27+00:00,^GDAXI,DAX Germania,equity,EUR,carry,26293.18,26128.36,,,,,,,1
2026-09-08T10:46:27+00:00,^FCHI,CAC 40 Francia,equity,EUR,carry,8452.28,8501.91,,,,,,,1
2026-09-08T10:46:27+00:00,^STOXX50E,Euro Stoxx 50,equity,,carry,6461.45,6444.46,,,,,,,1
2026-09-08T10:46:27+00:00,^N225,Nikkei 225,equity,JPY,carry,65856.43,65326.42,,,,,,,1
2026-09-08T10:46:27+00:00,^HSI,Hang Seng,equity,HKD,carry,25511.1,25471.15,,,,,,,1
2026-09-08T10:46:27+00:00,000001.SS,Shanghai Composite,equity,CNY,carry,3889.445,3894.422,,,,,,,1
2026-09-08T10:46:27+00:00,^BVSP,Bovespa Brasile,equity,BRL,carry,172458.62,166335.0,,,,,,,1
2026-09-08T10:46:27+00:00,BTC-USD,Bitcoin,crypto,USD,coingecko,78641.97234938324,80329.347846,-2.101,-3.227,21.574,26.338,41.31,2026-09-08,0
2026-09-08T10:46:27+00:00,ETH-USD,Ethereum,crypto,USD,coingecko,2483.121069126581,2514.009269,-1.229,-0.978,29.572,42.524,44.5,2026-09-08,0
2026-09-08T10:46:27+00:00,SOL-USD,Solana,crypto,USD,coingecko,103.4283810586821,106.490073,-2.875,-0.512,34.319,32.96,53.89,2026-09-08,0
2026-09-08T10:46:27+00:00,GC=F,Oro (spot),commodity,USD,carry,4693.0,4516.3,,,,,,,1
2026-09-08T10:46:27+00:00,SI=F,Argento (spot),commodity,USD,carry,68.29,68.026,,,,,,,1
2026-09-08T10:46:27+00:00,CL=F,Petrolio WTI,commodity,PCT,fred,91.48,87.03,5.113,9.035,11.615,-8.3,36.28,2026-09-01,1
2026-09-08T10:46:27+00:00,BZ=F,Petrolio Brent,commodity,PCT,fred,96.02,89.75,6.986,3.57,-0.959,-2.991,49.82,2026-09-01,1
2026-09-08T10:46:27+00:00,NG=F,Gas naturale,commodity,PCT,fred,2.9,2.9,0.0,7.407,3.203,-2.357,47.86,2026-09-01,1
2026-09-08T10:46:27+00:00,HG=F,Rame,commodity,USD,carry,6.668,6.46,,,,,,,1
2026-09-08T10:46:27+00:00,EURUSD=X,EUR/USD,fx,USD,ecb,1.1622,1.1622,0.0,0.224,0.754,0.737,3.82,2026-09-07,1
2026-09-08T10:46:27+00:00,GBPUSD=X,GBP/USD,fx,PCT,fred,1.3555,1.36,-0.331,-0.652,0.683,0.773,3.64,2026-08-28,1
2026-09-08T10:46:27+00:00,JPY=X,USD/JPY,fx,PCT,fred,159.97,159.26,0.446,0.667,0.314,0.194,7.51,2026-08-28,1
2026-09-08T10:46:27+00:00,DX-Y.NYB,Indice dollaro DXY,fx,USD,carry,98.962,98.9,,,,,,,1
2026-09-08T10:46:27+00:00,DTWEXBGS,Indice dollaro Fed (broad),fx,PCT,fred,118.7479,118.3583,0.329,0.58,-0.775,-0.35,3.21,2026-08-28,1
2026-09-08T10:46:27+00:00,^FVX,US 5Y Treasury Yield,rate,PCT,fred,4.52,4.54,-0.441,3.196,4.388,5.361,15.26,2026-09-03,1
2026-09-08T10:46:27+00:00,^TNX,US 10Y Treasury Yield,rate,PCT,fred,4.77,4.79,-0.418,2.141,3.024,4.835,14.14,2026-09-03,1
2026-09-08T10:46:27+00:00,^TYX,US 30Y Treasury Yield,rate,PCT,fred,5.25,5.27,-0.38,1.156,1.547,4.79,12.2,2026-09-03,1
2026-09-08T16:10:09+00:00,^GSPC,S&P 500,equity,PCT,fred,7718.6,7747.71,-0.376,0.089,0.112,4.225,8.3,2026-09-04,1
2026-09-08T16:10:09+00:00,^DJI,Dow Jones,equity,PCT,fred,53414.25,53686.11,-0.506,-0.272,-0.874,5.175,9.27,2026-09-04,1
2026-09-08T16:10:09+00:00,^IXIC,Nasdaq Composite,equity,PCT,fred,26506.99,26584.06,-0.29,0.396,0.602,2.227,12.43,2026-09-04,1
2026-09-08T16:10:09+00:00,^RUT,Russell 2000,equity,USD,carry,3007.096,3017.89,,,,,,,1
2026-09-08T16:10:09+00:00,^VIX,VIX (volatilita),vol,PCT,fred,15.3,14.53,5.299,2.547,2.685,-21.296,80.05,2026-09-07,1
2026-09-08T16:10:09+00:00,FTSEMIB.MI,FTSE MIB,equity,EUR,carry,52732.33,53018.0,,,,,,,1
2026-09-08T16:10:09+00:00,^FTSE,FTSE 100 UK,equity,GBP,carry,10886.34,10728.0,,,,,,,1
2026-09-08T16:10:09+00:00,^GDAXI,DAX Germania,equity,EUR,carry,26293.18,26128.36,,,,,,,1
2026-09-08T16:10:09+00:00,^FCHI,CAC 40 Francia,equity,EUR,carry,8452.28,8501.91,,,,,,,1
2026-09-08T16:10:09+00:00,^STOXX50E,Euro Stoxx 50,equity,,carry,6461.45,6444.46,,,,,,,1
2026-09-08T16:10:09+00:00,^N225,Nikkei 225,equity,JPY,carry,65856.43,65326.42,,,,,,,1
2026-09-08T16:10:09+00:00,^HSI,Hang Seng,equity,HKD,carry,25511.1,25471.15,,,,,,,1
2026-09-08T16:10:09+00:00,000001.SS,Shanghai Composite,equity,CNY,carry,3889.445,3894.422,,,,,,,1
2026-09-08T16:10:09+00:00,^BVSP,Bovespa Brasile,equity,BRL,carry,172458.62,166335.0,,,,,,,1
2026-09-08T16:10:09+00:00,BTC-USD,Bitcoin,crypto,USD,coingecko,78771.20031010633,80329.347846,-1.94,-3.068,21.774,26.546,41.24,2026-09-08,0
2026-09-08T16:10:09+00:00,ETH-USD,Ethereum,crypto,USD,coingecko,2495.590157568838,2514.009269,-0.733,-0.481,30.223,43.24,44.41,2026-09-08,0
2026-09-08T16:10:09+00:00,SOL-USD,Solana,crypto,USD,coingecko,104.01457075244973,106.490073,-2.325,0.052,35.081,33.714,53.74,2026-09-08,0
2026-09-08T16:10:09+00:00,GC=F,Oro (spot),commodity,USD,carry,4693.0,4516.3,,,,,,,1
2026-09-08T16:10:09+00:00,SI=F,Argento (spot),commodity,USD,carry,68.29,68.026,,,,,,,1
2026-09-08T16:10:09+00:00,CL=F,Petrolio WTI,commodity,PCT,fred,91.48,87.03,5.113,9.035,11.615,-8.3,36.28,2026-09-01,1
2026-09-08T16:10:09+00:00,BZ=F,Petrolio Brent,commodity,PCT,fred,96.02,89.75,6.986,3.57,-0.959,-2.991,49.82,2026-09-01,1
2026-09-08T16:10:09+00:00,NG=F,Gas naturale,commodity,PCT,fred,2.9,2.9,0.0,7.407,3.203,-2.357,47.86,2026-09-01,1
2026-09-08T16:10:09+00:00,HG=F,Rame,commodity,USD,carry,6.668,6.46,,,,,,,1
2026-09-08T16:10:09+00:00,EURUSD=X,EUR/USD,fx,USD,ecb,1.1614,1.1622,-0.069,0.207,0.511,0.406,3.79,2026-09-08,0
2026-09-08T16:10:09+00:00,GBPUSD=X,GBP/USD,fx,PCT,fred,1.3555,1.36,-0.331,-0.652,0.683,0.773,3.64,2026-08-28,1
2026-09-08T16:10:09+00:00,JPY=X,USD/JPY,fx,PCT,fred,159.97,159.26,0.446,0.667,0.314,0.194,7.51,2026-08-28,1
2026-09-08T16:10:09+00:00,DX-Y.NYB,Indice dollaro DXY,fx,USD,carry,98.962,98.9,,,,,,,1
2026-09-08T16:10:09+00:00,DTWEXBGS,Indice dollaro Fed (broad),fx,PCT,fred,118.7479,118.3583,0.329,0.58,-0.775,-0.35,3.21,2026-08-28,1
2026-09-08T16:10:09+00:00,^FVX,US 5Y Treasury Yield,rate,PCT,fred,4.52,4.54,-0.441,3.196,4.388,5.361,15.26,2026-09-03,1
2026-09-08T16:10:09+00:00,^TNX,US 10Y Treasury Yield,rate,PCT,fred,4.77,4.79,-0.418,2.141,3.024,4.835,14.14,2026-09-03,1
2026-09-08T16:10:09+00:00,^TYX,US 30Y Treasury Yield,rate,PCT,fred,5.25,5.27,-0.38,1.156,1.547,4.79,12.2,2026-09-03,1
2026-09-08T23:32:12+00:00,^GSPC,S&P 500,equity,PCT,fred,7718.6,7747.71,-0.376,0.089,0.112,4.225,8.3,2026-09-04,1
2026-09-08T23:32:12+00:00,^DJI,Dow Jones,equity,PCT,fred,52786.07,53414.25,-1.176,-0.752,-2.315,3.762,10.09,2026-09-08,0
2026-09-08T23:32:12+00:00,^IXIC,Nasdaq Composite,equity,PCT,fred,26506.99,26584.06,-0.29,0.396,0.602,2.227,12.43,2026-09-04,1
2026-09-08T23:32:12+00:00,^RUT,Russell 2000,equity,USD,carry,3007.096,3017.89,,,,,,,1
2026-09-08T23:32:12+00:00,^VIX,VIX (volatilita),vol,PCT,fred,15.3,14.53,5.299,2.547,2.685,-21.296,80.05,2026-09-07,1
2026-09-08T23:32:12+00:00,FTSEMIB.MI,FTSE MIB,equity,EUR,carry,52732.33,53018.0,,,,,,,1
2026-09-08T23:32:12+00:00,^FTSE,FTSE 100 UK,equity,GBP,carry,10886.34,10728.0,,,,,,,1
2026-09-08T23:32:12+00:00,^GDAXI,DAX Germania,equity,EUR,carry,26293.18,26128.36,,,,,,,1
2026-09-08T23:32:12+00:00,^FCHI,CAC 40 Francia,equity,EUR,carry,8452.28,8501.91,,,,,,,1
2026-09-08T23:32:12+00:00,^STOXX50E,Euro Stoxx 50,equity,,carry,6461.45,6444.46,,,,,,,1
2026-09-08T23:32:12+00:00,^N225,Nikkei 225,equity,JPY,carry,65856.43,65326.42,,,,,,,1
2026-09-08T23:32:12+00:00,^HSI,Hang Seng,equity,HKD,carry,25511.1,25471.15,,,,,,,1
2026-09-08T23:32:12+00:00,000001.SS,Shanghai Composite,equity,CNY,carry,3889.445,3894.422,,,,,,,1
2026-09-08T23:32:12+00:00,^BVSP,Bovespa Brasile,equity,BRL,carry,172458.62,166335.0,,,,,,,1
2026-09-08T23:32:12+00:00,BTC-USD,Bitcoin,crypto,USD,coingecko,78450.29575840558,80329.347846,-2.339,-3.463,21.278,26.03,41.41,2026-09-08,0
2026-09-08T23:32:12+00:00,ETH-USD,Ethereum,crypto,USD,coingecko,2484.4651767357204,2514.009269,-1.175,-0.924,29.642,42.601,44.48,2026-09-08,0
2026-09-08T23:32:12+00:00,SOL-USD,Solana,crypto,USD,coingecko,103.41761662433666,106.490073,-2.885,-0.522,34.305,32.947,53.9,2026-09-08,0
2026-09-08T23:32:12+00:00,GC=F,Oro (spot),commodity,USD,carry,4693.0,4516.3,,,,,,,1
2026-09-08T23:32:12+00:00,SI=F,Argento (spot),commodity,USD,carry,68.29,68.026,,,,,,,1
2026-09-08T23:32:12+00:00,CL=F,Petrolio WTI,commodity,PCT,fred,91.48,87.03,5.113,9.035,11.615,-8.3,36.28,2026-09-01,1
2026-09-08T23:32:12+00:00,BZ=F,Petrolio Brent,commodity,PCT,fred,96.02,89.75,6.986,3.57,-0.959,-2.991,49.82,2026-09-01,1
2026-09-08T23:32:12+00:00,NG=F,Gas naturale,commodity,PCT,fred,2.9,2.9,0.0,7.407,3.203,-2.357,47.86,2026-09-01,1
2026-09-08T23:32:12+00:00,HG=F,Rame,commodity,USD,carry,6.668,6.46,,,,,,,1
2026-09-08T23:32:12+00:00,EURUSD=X,EUR/USD,fx,USD,ecb,1.1614,1.1622,-0.069,0.207,0.511,0.406,3.79,2026-09-08,0
2026-09-08T23:32:12+00:00,GBPUSD=X,GBP/USD,fx,PCT,fred,1.3521,1.3536,-0.111,-0.251,0.483,1.304,3.55,2026-09-04,1
2026-09-08T23:32:12+00:00,JPY=X,USD/JPY,fx,PCT,fred,156.11,155.39,0.463,-2.413,-1.477,-2.504,9.67,2026-09-04,1
2026-09-08T23:32:12+00:00,DX-Y.NYB,Indice dollaro DXY,fx,USD,carry,98.962,98.9,,,,,,,1
2026-09-08T23:32:12+00:00,DTWEXBGS,Indice dollaro Fed (broad),fx,PCT,fred,118.0732,118.127,-0.046,-0.568,-1.203,-1.634,3.14,2026-09-04,1
2026-09-08T23:32:12+00:00,^FVX,US 5Y Treasury Yield,rate,PCT,fred,4.54,4.52,0.442,1.339,3.182,5.828,14.52,2026-09-04,1
2026-09-08T23:32:12+00:00,^TNX,US 10Y Treasury Yield,rate,PCT,fred,4.78,4.77,0.21,1.057,1.919,4.825,13.69,2026-09-04,1
2026-09-08T23:32:12+00:00,^TYX,US 30Y Treasury Yield,rate,PCT,fred,5.24,5.25,-0.19,0.383,0.383,4.175,12.03,2026-09-04,1
2026-09-09T10:53:23+00:00,^GSPC,S&P 500,equity,PCT,fred,7673.52,7718.6,-0.584,-0.164,-1.084,3.884,8.54,2026-09-08,1
2026-09-09T10:53:23+00:00,^DJI,Dow Jones,equity,PCT,fred,52786.07,53414.25,-1.176,-0.752,-2.315,3.762,10.09,2026-09-08,1
2026-09-09T10:53:23+00:00,^IXIC,Nasdaq Composite,equity,PCT,fred,26421.41,26506.99,-0.323,0.192,-1.009,2.892,12.43,2026-09-08,1
2026-09-09T10:53:23+00:00,^RUT,Russell 2000,equity,USD,carry,3007.096,3017.89,,,,,,,1
2026-09-09T10:53:23+00:00,^VIX,VIX (volatilita),vol,PCT,fred,15.3,14.53,5.299,2.547,2.685,-21.296,80.05,2026-09-07,1
2026-09-09T10:53:23+00:00,FTSEMIB.MI,FTSE MIB,equity,EUR,carry,52732.33,53018.0,,,,,,,1
2026-09-09T10:53:23+00:00,^FTSE,FTSE 100 UK,equity,GBP,carry,10886.34,10728.0,,,,,,,1
2026-09-09T10:53:23+00:00,^GDAXI,DAX Germania,equity,EUR,carry,26293.18,26128.36,,,,,,,1
2026-09-09T10:53:23+00:00,^FCHI,CAC 40 Francia,equity,EUR,carry,8452.28,8501.91,,,,,,,1
2026-09-09T10:53:23+00:00,^STOXX50E,Euro Stoxx 50,equity,,carry,6461.45,6444.46,,,,,,,1
2026-09-09T10:53:23+00:00,^N225,Nikkei 225,equity,JPY,carry,65856.43,65326.42,,,,,,,1
2026-09-09T10:53:23+00:00,^HSI,Hang Seng,equity,HKD,carry,25511.1,25471.15,,,,,,,1
2026-09-09T10:53:23+00:00,000001.SS,Shanghai Composite,equity,CNY,carry,3889.445,3894.422,,,,,,,1
2026-09-09T10:53:23+00:00,^BVSP,Bovespa Brasile,equity,BRL,carry,172458.62,166335.0,,,,,,,1
2026-09-09T10:53:23+00:00,BTC-USD,Bitcoin,crypto,USD,coingecko,78991.92811496298,79093.46419,-0.128,-0.853,14.0,25.001,37.47,2026-09-09,0
2026-09-09T10:53:23+00:00,ETH-USD,Ethereum,crypto,USD,coingecko,2486.6479134498627,2489.396754,-0.11,1.244,10.433,42.526,43.25,2026-09-09,0
2026-09-09T10:53:23+00:00,SOL-USD,Solana,crypto,USD,coingecko,103.71807141812559,103.772436,-0.052,1.755,21.545,32.985,53.58,2026-09-09,0
2026-09-09T10:53:23+00:00,GC=F,Oro (spot),commodity,USD,carry,4693.0,4516.3,,,,,,,1
2026-09-09T10:53:23+00:00,SI=F,Argento (spot),commodity,USD,carry,68.29,68.026,,,,,,,1
2026-09-09T10:53:23+00:00,CL=F,Petrolio WTI,commodity,PCT,fred,91.48,87.03,5.113,9.035,11.615,-8.3,36.28,2026-09-01,1
2026-09-09T10:53:23+00:00,BZ=F,Petrolio Brent,commodity,PCT,fred,96.02,89.75,6.986,3.57,-0.959,-2.991,49.82,2026-09-01,1
2026-09-09T10:53:23+00:00,NG=F,Gas naturale,commodity,PCT,fred,2.9,2.9,0.0,7.407,3.203,-2.357,47.86,2026-09-01,1
2026-09-09T10:53:23+00:00,HG=F,Rame,commodity,USD,carry,6.668,6.46,,,,,,,1
2026-09-09T10:53:23+00:00,EURUSD=X,EUR/USD,fx,USD,ecb,1.1614,1.1622,-0.069,0.207,0.511,0.406,3.79,2026-09-08,1
2026-09-09T10:53:23+00:00,GBPUSD=X,GBP/USD,fx,PCT,fred,1.3521,1.3536,-0.111,-0.251,0.483,1.304,3.55,2026-09-04,1
2026-09-09T10:53:23+00:00,JPY=X,USD/JPY,fx,PCT,fred,156.11,155.39,0.463,-2.413,-1.477,-2.504,9.67,2026-09-04,1
2026-09-09T10:53:23+00:00,DX-Y.NYB,Indice dollaro DXY,fx,USD,carry,98.962,98.9,,,,,,,1
2026-09-09T10:53:23+00:00,DTWEXBGS,Indice dollaro Fed (broad),fx,PCT,fred,118.0732,118.127,-0.046,-0.568,-1.203,-1.634,3.14,2026-09-04,1
2026-09-09T10:53:23+00:00,^FVX,US 5Y Treasury Yield,rate,PCT,fred,4.54,4.52,0.442,1.339,3.182,5.828,14.52,2026-09-04,1
2026-09-09T10:53:23+00:00,^TNX,US 10Y Treasury Yield,rate,PCT,fred,4.78,4.77,0.21,1.057,1.919,4.825,13.69,2026-09-04,1
2026-09-09T10:53:23+00:00,^TYX,US 30Y Treasury Yield,rate,PCT,fred,5.24,5.25,-0.19,0.383,0.383,4.175,12.03,2026-09-04,1
2026-09-09T16:04:27+00:00,^GSPC,S&P 500,equity,PCT,fred,7673.52,7718.6,-0.584,-0.164,-1.084,3.884,8.54,2026-09-08,1
2026-09-09T16:04:27+00:00,^DJI,Dow Jones,equity,PCT,fred,52786.07,53414.25,-1.176,-0.752,-2.315,3.762,10.09,2026-09-08,1
2026-09-09T16:04:27+00:00,^IXIC,Nasdaq Composite,equity,PCT,fred,26421.41,26506.99,-0.323,0.192,-1.009,2.892,12.43,2026-09-08,1
2026-09-09T16:04:27+00:00,^RUT,Russell 2000,equity,USD,carry,3007.096,3017.89,,,,,,,1
2026-09-09T16:04:27+00:00,^VIX,VIX (volatilita),vol,PCT,fred,15.72,15.3,2.745,-3.794,1.682,-11.086,80.46,2026-09-08,1
2026-09-09T16:04:27+00:00,FTSEMIB.MI,FTSE MIB,equity,EUR,carry,52732.33,53018.0,,,,,,,1
2026-09-09T16:04:27+00:00,^FTSE,FTSE 100 UK,equity,GBP,carry,10886.34,10728.0,,,,,,,1
2026-09-09T16:04:27+00:00,^GDAXI,DAX Germania,equity,EUR,carry,26293.18,26128.36,,,,,,,1
2026-09-09T16:04:27+00:00,^FCHI,CAC 40 Francia,equity,EUR,carry,8452.28,8501.91,,,,,,,1
2026-09-09T16:04:27+00:00,^STOXX50E,Euro Stoxx 50,equity,,carry,6461.45,6444.46,,,,,,,1
2026-09-09T16:04:27+00:00,^N225,Nikkei 225,equity,JPY,carry,65856.43,65326.42,,,,,,,1
2026-09-09T16:04:27+00:00,^HSI,Hang Seng,equity,HKD,carry,25511.1,25471.15,,,,,,,1
2026-09-09T16:04:27+00:00,000001.SS,Shanghai Composite,equity,CNY,carry,3889.445,3894.422,,,,,,,1
2026-09-09T16:04:27+00:00,^BVSP,Bovespa Brasile,equity,BRL,carry,172458.62,166335.0,,,,,,,1
2026-09-09T16:04:27+00:00,BTC-USD,Bitcoin,crypto,USD,coingecko,78629.74411874833,79093.46419,-0.586,-1.307,13.478,24.428,37.46,2026-09-09,0
2026-09-09T16:04:27+00:00,ETH-USD,Ethereum,crypto,USD,coingecko,2492.1366776393834,2489.396754,0.11,1.468,10.676,42.841,43.24,2026-09-09,0
2026-09-09T16:04:27+00:00,SOL-USD,Solana,crypto,USD,coingecko,103.15401093253655,103.772436,-0.596,1.202,20.884,32.262,53.69,2026-09-09,0
2026-09-09T16:04:27+00:00,GC=F,Oro (spot),commodity,USD,carry,4693.0,4516.3,,,,,,,1
2026-09-09T16:04:27+00:00,SI=F,Argento (spot),commodity,USD,carry,68.29,68.026,,,,,,,1
2026-09-09T16:04:27+00:00,CL=F,Petrolio WTI,commodity,PCT,fred,91.48,87.03,5.113,9.035,11.615,-8.3,36.28,2026-09-01,1
2026-09-09T16:04:27+00:00,BZ=F,Petrolio Brent,commodity,PCT,fred,96.02,89.75,6.986,3.57,-0.959,-2.991,49.82,2026-09-01,1
2026-09-09T16:04:27+00:00,NG=F,Gas naturale,commodity,PCT,fred,2.9,2.9,0.0,7.407,3.203,-2.357,47.86,2026-09-01,1
2026-09-09T16:04:27+00:00,HG=F,Rame,commodity,USD,carry,6.668,6.46,,,,,,,1
2026-09-09T16:04:27+00:00,EURUSD=X,EUR/USD,fx,USD,ecb,1.1652,1.1614,0.327,0.639,0.971,0.388,3.93,2026-09-09,0
2026-09-09T16:04:27+00:00,GBPUSD=X,GBP/USD,fx,PCT,fred,1.3521,1.3536,-0.111,-0.251,0.483,1.304,3.55,2026-09-04,1
2026-09-09T16:04:27+00:00,JPY=X,USD/JPY,fx,PCT,fred,156.11,155.39,0.463,-2.413,-1.477,-2.504,9.67,2026-09-04,1
2026-09-09T16:04:27+00:00,DX-Y.NYB,Indice dollaro DXY,fx,USD,carry,98.962,98.9,,,,,,,1
2026-09-09T16:04:27+00:00,DTWEXBGS,Indice dollaro Fed (broad),fx,PCT,fred,118.0732,118.127,-0.046,-0.568,-1.203,-1.634,3.14,2026-09-04,1
2026-09-09T16:04:27+00:00,^FVX,US 5Y Treasury Yield,rate,PCT,fred,4.54,4.52,0.442,1.339,3.182,5.828,14.52,2026-09-04,1
2026-09-09T16:04:27+00:00,^TNX,US 10Y Treasury Yield,rate,PCT,fred,4.78,4.77,0.21,1.057,1.919,4.825,13.69,2026-09-04,1
2026-09-09T16:04:27+00:00,^TYX,US 30Y Treasury Yield,rate,PCT,fred,5.24,5.25,-0.19,0.383,0.383,4.175,12.03,2026-09-04,1
2026-09-09T23:25:47+00:00,^GSPC,S&P 500,equity,PCT,fred,7673.52,7718.6,-0.584,-0.164,-1.084,3.884,8.54,2026-09-08,1
2026-09-09T23:25:47+00:00,^DJI,Dow Jones,equity,PCT,fred,52380.66,52786.07,-0.768,-0.732,-2.956,4.932,10.33,2026-09-09,0
2026-09-09T23:25:47+00:00,^IXIC,Nasdaq Composite,equity,PCT,fred,26421.41,26506.99,-0.323,0.192,-1.009,2.892,12.43,2026-09-08,1
2026-09-09T23:25:47+00:00,^RUT,Russell 2000,equity,USD,carry,3007.096,3017.89,,,,,,,1
2026-09-09T23:25:47+00:00,^VIX,VIX (volatilita),vol,PCT,fred,15.72,15.3,2.745,-3.794,1.682,-11.086,80.46,2026-09-08,1
2026-09-09T23:25:47+00:00,FTSEMIB.MI,FTSE MIB,equity,EUR,carry,52732.33,53018.0,,,,,,,1
2026-09-09T23:25:47+00:00,^FTSE,FTSE 100 UK,equity,GBP,carry,10886.34,10728.0,,,,,,,1
2026-09-09T23:25:47+00:00,^GDAXI,DAX Germania,equity,EUR,carry,26293.18,26128.36,,,,,,,1
2026-09-09T23:25:47+00:00,^FCHI,CAC 40 Francia,equity,EUR,carry,8452.28,8501.91,,,,,,,1
2026-09-09T23:25:47+00:00,^STOXX50E,Euro Stoxx 50,equity,,carry,6461.45,6444.46,,,,,,,1
2026-09-09T23:25:47+00:00,^N225,Nikkei 225,equity,JPY,carry,65856.43,65326.42,,,,,,,1
2026-09-09T23:25:47+00:00,^HSI,Hang Seng,equity,HKD,carry,25511.1,25471.15,,,,,,,1
2026-09-09T23:25:47+00:00,000001.SS,Shanghai Composite,equity,CNY,carry,3889.445,3894.422,,,,,,,1
2026-09-09T23:25:47+00:00,^BVSP,Bovespa Brasile,equity,BRL,carry,172458.62,166335.0,,,,,,,1
2026-09-09T23:25:47+00:00,BTC-USD,Bitcoin,crypto,USD,coingecko,78100.95533213278,79093.46419,-1.255,-1.971,12.714,23.591,37.57,2026-09-09,0
2026-09-09T23:25:47+00:00,ETH-USD,Ethereum,crypto,USD,coingecko,2459.9117240567925,2489.396754,-1.184,0.156,9.245,40.994,43.52,2026-09-09,0
2026-09-09T23:25:47+00:00,SOL-USD,Solana,crypto,USD,coingecko,101.42781162179982,103.772436,-2.259,-0.492,18.861,30.049,54.45,2026-09-09,0
2026-09-09T23:25:47+00:00,GC=F,Oro (spot),commodity,USD,carry,4693.0,4516.3,,,,,,,1
2026-09-09T23:25:47+00:00,SI=F,Argento (spot),commodity,USD,carry,68.29,68.026,,,,,,,1
2026-09-09T23:25:47+00:00,CL=F,Petrolio WTI,commodity,PCT,fred,91.48,87.03,5.113,9.035,11.615,-8.3,36.28,2026-09-01,1
2026-09-09T23:25:47+00:00,BZ=F,Petrolio Brent,commodity,PCT,fred,96.02,89.75,6.986,3.57,-0.959,-2.991,49.82,2026-09-01,1
2026-09-09T23:25:47+00:00,NG=F,Gas naturale,commodity,PCT,fred,2.9,2.9,0.0,7.407,3.203,-2.357,47.86,2026-09-01,1
2026-09-09T23:25:47+00:00,HG=F,Rame,commodity,USD,carry,6.668,6.46,,,,,,,1
2026-09-09T23:25:47+00:00,EURUSD=X,EUR/USD,fx,USD,ecb,1.1652,1.1614,0.327,0.639,0.971,0.388,3.93,2026-09-09,0
2026-09-09T23:25:47+00:00,GBPUSD=X,GBP/USD,fx,PCT,fred,1.3521,1.3536,-0.111,-0.251,0.483,1.304,3.55,2026-09-04,1
2026-09-09T23:25:47+00:00,JPY=X,USD/JPY,fx,PCT,fred,156.11,155.39,0.463,-2.413,-1.477,-2.504,9.67,2026-09-04,1
2026-09-09T23:25:47+00:00,DX-Y.NYB,Indice dollaro DXY,fx,USD,carry,98.962,98.9,,,,,,,1
2026-09-09T23:25:47+00:00,DTWEXBGS,Indice dollaro Fed (broad),fx,PCT,fred,118.0732,118.127,-0.046,-0.568,-1.203,-1.634,3.14,2026-09-04,1
2026-09-09T23:25:47+00:00,^FVX,US 5Y Treasury Yield,rate,PCT,fred,4.57,4.54,0.661,1.782,5.057,7.277,13.97,2026-09-08,1
2026-09-09T23:25:47+00:00,^TNX,US 10Y Treasury Yield,rate,PCT,fred,4.8,4.78,0.418,1.053,3.226,5.96,12.77,2026-09-08,1
2026-09-09T23:25:47+00:00,^TYX,US 30Y Treasury Yield,rate,PCT,fred,5.25,5.24,0.191,0.0,1.156,4.79,11.32,2026-09-08,1
2026-09-10T10:49:40+00:00,^GSPC,S&P 500,equity,PCT,fred,7636.36,7673.52,-0.484,0.064,-1.506,5.083,8.63,2026-09-09,1
2026-09-10T10:49:40+00:00,^DJI,Dow Jones,equity,PCT,fred,52380.66,52786.07,-0.768,-0.732,-2.956,4.932,10.33,2026-09-09,1
2026-09-10T10:49:40+00:00,^IXIC,Nasdaq Composite,equity,PCT,fred,26253.34,26421.41,-0.636,0.588,-1.323,4.306,12.45,2026-09-09,1
2026-09-10T10:49:40+00:00,^RUT,Russell 2000,equity,USD,carry,3007.096,3017.89,,,,,,,1
2026-09-10T10:49:40+00:00,^VIX,VIX (volatilita),vol,PCT,fred,15.72,15.3,2.745,-3.794,1.682,-11.086,80.46,2026-09-08,1
2026-09-10T10:49:40+00:00,FTSEMIB.MI,FTSE MIB,equity,EUR,carry,52732.33,53018.0,,,,,,,1
2026-09-10T10:49:40+00:00,^FTSE,FTSE 100 UK,equity,GBP,carry,10886.34,10728.0,,,,,,,1
2026-09-10T10:49:40+00:00,^GDAXI,DAX Germania,equity,EUR,carry,26293.18,26128.36,,,,,,,1
2026-09-10T10:49:40+00:00,^FCHI,CAC 40 Francia,equity,EUR,carry,8452.28,8501.91,,,,,,,1
2026-09-10T10:49:40+00:00,^STOXX50E,Euro Stoxx 50,equity,,carry,6461.45,6444.46,,,,,,,1
2026-09-10T10:49:40+00:00,^N225,Nikkei 225,equity,JPY,carry,65856.43,65326.42,,,,,,,1
2026-09-10T10:49:40+00:00,^HSI,Hang Seng,equity,HKD,carry,25511.1,25471.15,,,,,,,1
2026-09-10T10:49:40+00:00,000001.SS,Shanghai Composite,equity,CNY,carry,3889.445,3894.422,,,,,,,1
2026-09-10T10:49:40+00:00,^BVSP,Bovespa Brasile,equity,BRL,carry,172458.62,166335.0,,,,,,,1
2026-09-10T10:49:40+00:00,BTC-USD,Bitcoin,crypto,USD,coingecko,77957.25708540312,78450.753039,-0.629,-2.336,6.76,21.597,27.37,2026-09-10,0
2026-09-10T10:49:40+00:00,ETH-USD,Ethereum,crypto,USD,coingecko,2467.751915961337,2485.069704,-0.697,-0.494,6.07,37.461,32.28,2026-09-10,0
2026-09-10T10:49:40+00:00,SOL-USD,Solana,crypto,USD,coingecko,101.25038004481065,103.360104,-2.041,-1.857,15.514,29.694,49.44,2026-09-10,0
2026-09-10T10:49:40+00:00,GC=F,Oro (spot),commodity,USD,carry,4693.0,4516.3,,,,,,,1
2026-09-10T10:49:40+00:00,SI=F,Argento (spot),commodity,USD,carry,68.29,68.026,,,,,,,1
2026-09-10T10:49:40+00:00,CL=F,Petrolio WTI,commodity,PCT,fred,91.48,87.03,5.113,9.035,11.615,-8.3,36.28,2026-09-01,1
2026-09-10T10:49:40+00:00,BZ=F,Petrolio Brent,commodity,PCT,fred,96.02,89.75,6.986,3.57,-0.959,-2.991,49.82,2026-09-01,1
2026-09-10T10:49:40+00:00,NG=F,Gas naturale,commodity,PCT,fred,2.9,2.9,0.0,7.407,3.203,-2.357,47.86,2026-09-01,1
2026-09-10T10:49:40+00:00,HG=F,Rame,commodity,USD,carry,6.668,6.46,,,,,,,1
2026-09-10T10:49:40+00:00,EURUSD=X,EUR/USD,fx,USD,ecb,1.1652,1.1614,0.327,0.639,0.971,0.388,3.93,2026-09-09,1
2026-09-10T10:49:40+00:00,GBPUSD=X,GBP/USD,fx,PCT,fred,1.3521,1.3536,-0.111,-0.251,0.483,1.304,3.55,2026-09-04,1
2026-09-10T10:49:40+00:00,JPY=X,USD/JPY,fx,PCT,fred,156.11,155.39,0.463,-2.413,-1.477,-2.504,9.67,2026-09-04,1
2026-09-10T10:49:40+00:00,DX-Y.NYB,Indice dollaro DXY,fx,USD,carry,98.962,98.9,,,,,,,1
2026-09-10T10:49:40+00:00,DTWEXBGS,Indice dollaro Fed (broad),fx,PCT,fred,118.0732,118.127,-0.046,-0.568,-1.203,-1.634,3.14,2026-09-04,1
2026-09-10T10:49:40+00:00,^FVX,US 5Y Treasury Yield,rate,PCT,fred,4.57,4.54,0.661,1.782,5.057,7.277,13.97,2026-09-08,1
2026-09-10T10:49:40+00:00,^TNX,US 10Y Treasury Yield,rate,PCT,fred,4.8,4.78,0.418,1.053,3.226,5.96,12.77,2026-09-08,1
2026-09-10T10:49:40+00:00,^TYX,US 30Y Treasury Yield,rate,PCT,fred,5.25,5.24,0.191,0.0,1.156,4.79,11.32,2026-09-08,1
2026-09-10T15:58:29+00:00,^GSPC,S&P 500,equity,PCT,fred,7636.36,7673.52,-0.484,0.064,-1.506,5.083,8.63,2026-09-09,1
2026-09-10T15:58:29+00:00,^DJI,Dow Jones,equity,PCT,fred,52380.66,52786.07,-0.768,-0.732,-2.956,4.932,10.33,2026-09-09,1
2026-09-10T15:58:29+00:00,^IXIC,Nasdaq Composite,equity,PCT,fred,26253.34,26421.41,-0.636,0.588,-1.323,4.306,12.45,2026-09-09,1
2026-09-10T15:58:29+00:00,^RUT,Russell 2000,equity,USD,carry,3007.096,3017.89,,,,,,,1
2026-09-10T15:58:29+00:00,^VIX,VIX (volatilita),vol,PCT,fred,16.46,15.72,4.707,8.289,7.723,1.605,79.61,2026-09-09,1
2026-09-10T15:58:29+00:00,FTSEMIB.MI,FTSE MIB,equity,EUR,carry,52732.33,53018.0,,,,,,,1
2026-09-10T15:58:29+00:00,^FTSE,FTSE 100 UK,equity,GBP,carry,10886.34,10728.0,,,,,,,1
2026-09-10T15:58:29+00:00,^GDAXI,DAX Germania,equity,EUR,carry,26293.18,26128.36,,,,,,,1
2026-09-10T15:58:29+00:00,^FCHI,CAC 40 Francia,equity,EUR,carry,8452.28,8501.91,,,,,,,1
2026-09-10T15:58:29+00:00,^STOXX50E,Euro Stoxx 50,equity,,carry,6461.45,6444.46,,,,,,,1
2026-09-10T15:58:29+00:00,^N225,Nikkei 225,equity,JPY,carry,65856.43,65326.42,,,,,,,1
2026-09-10T15:58:29+00:00,^HSI,Hang Seng,equity,HKD,carry,25511.1,25471.15,,,,,,,1
2026-09-10T15:58:29+00:00,000001.SS,Shanghai Composite,equity,CNY,carry,3889.445,3894.422,,,,,,,1
2026-09-10T15:58:29+00:00,^BVSP,Bovespa Brasile,equity,BRL,carry,172458.62,166335.0,,,,,,,1
2026-09-10T15:58:29+00:00,BTC-USD,Bitcoin,crypto,USD,coingecko,77164.64443958088,78450.753039,-1.639,-3.329,5.675,20.361,27.8,2026-09-10,0
2026-09-10T15:58:29+00:00,ETH-USD,Ethereum,crypto,USD,coingecko,2438.0728237928406,2485.069704,-1.891,-1.691,4.794,35.808,32.52,2026-09-10,0
2026-09-10T15:58:29+00:00,SOL-USD,Solana,crypto,USD,coingecko,99.51745622974752,103.360104,-3.718,-3.537,13.537,27.474,50.15,2026-09-10,0
2026-09-10T15:58:29+00:00,GC=F,Oro (spot),commodity,USD,carry,4693.0,4516.3,,,,,,,1
2026-09-10T15:58:29+00:00,SI=F,Argento (spot),commodity,USD,carry,68.29,68.026,,,,,,,1
2026-09-10T15:58:29+00:00,CL=F,Petrolio WTI,commodity,PCT,fred,91.48,87.03,5.113,9.035,11.615,-8.3,36.28,2026-09-01,1
2026-09-10T15:58:29+00:00,BZ=F,Petrolio Brent,commodity,PCT,fred,96.02,89.75,6.986,3.57,-0.959,-2.991,49.82,2026-09-01,1
2026-09-10T15:58:29+00:00,NG=F,Gas naturale,commodity,PCT,fred,2.9,2.9,0.0,7.407,3.203,-2.357,47.86,2026-09-01,1
2026-09-10T15:58:29+00:00,HG=F,Rame,commodity,USD,carry,6.668,6.46,,,,,,,1
2026-09-10T15:58:29+00:00,EURUSD=X,EUR/USD,fx,USD,ecb,1.1616,1.1652,-0.309,0.009,0.615,0.19,4.1,2026-09-10,0
2026-09-10T15:58:29+00:00,GBPUSD=X,GBP/USD,fx,PCT,fred,1.3521,1.3536,-0.111,-0.251,0.483,1.304,3.55,2026-09-04,1
2026-09-10T15:58:29+00:00,JPY=X,USD/JPY,fx,PCT,fred,156.11,155.39,0.463,-2.413,-1.477,-2.504,9.67,2026-09-04,1
2026-09-10T15:58:29+00:00,DX-Y.NYB,Indice dollaro DXY,fx,USD,carry,98.962,98.9,,,,,,,1
2026-09-10T15:58:29+00:00,DTWEXBGS,Indice dollaro Fed (broad),fx,PCT,fred,118.0732,118.127,-0.046,-0.568,-1.203,-1.634,3.14,2026-09-04,1
2026-09-10T15:58:29+00:00,^FVX,US 5Y Treasury Yield,rate,PCT,fred,4.57,4.54,0.661,1.782,5.057,7.277,13.97,2026-09-08,1
2026-09-10T15:58:29+00:00,^TNX,US 10Y Treasury Yield,rate,PCT,fred,4.8,4.78,0.418,1.053,3.226,5.96,12.77,2026-09-08,1
2026-09-10T15:58:29+00:00,^TYX,US 30Y Treasury Yield,rate,PCT,fred,5.25,5.24,0.191,0.0,1.156,4.79,11.32,2026-09-08,1
2026-09-10T19:04:40+00:00,^GSPC,S&P 500,equity,PCT,fred,7636.36,7673.52,-0.484,0.064,-1.506,5.083,8.63,2026-09-09,1
2026-09-10T19:04:40+00:00,^DJI,Dow Jones,equity,PCT,fred,52380.66,52786.07,-0.768,-0.732,-2.956,4.932,10.33,2026-09-09,1
2026-09-10T19:04:40+00:00,^IXIC,Nasdaq Composite,equity,PCT,fred,26253.34,26421.41,-0.636,0.588,-1.323,4.306,12.45,2026-09-09,1
2026-09-10T19:04:40+00:00,^RUT,Russell 2000,equity,USD,carry,3007.096,3017.89,,,,,,,1
2026-09-10T19:04:40+00:00,^VIX,VIX (volatilita),vol,PCT,fred,16.46,15.72,4.707,8.289,7.723,1.605,79.61,2026-09-09,1
2026-09-10T19:04:40+00:00,FTSEMIB.MI,FTSE MIB,equity,EUR,carry,52732.33,53018.0,,,,,,,1
2026-09-10T19:04:40+00:00,^FTSE,FTSE 100 UK,equity,GBP,carry,10886.34,10728.0,,,,,,,1
2026-09-10T19:04:40+00:00,^GDAXI,DAX Germania,equity,EUR,carry,26293.18,26128.36,,,,,,,1
2026-09-10T19:04:40+00:00,^FCHI,CAC 40 Francia,equity,EUR,carry,8452.28,8501.91,,,,,,,1
2026-09-10T19:04:40+00:00,^STOXX50E,Euro Stoxx 50,equity,,carry,6461.45,6444.46,,,,,,,1
2026-09-10T19:04:40+00:00,^N225,Nikkei 225,equity,JPY,carry,65856.43,65326.42,,,,,,,1
2026-09-10T19:04:40+00:00,^HSI,Hang Seng,equity,HKD,carry,25511.1,25471.15,,,,,,,1
2026-09-10T19:04:40+00:00,000001.SS,Shanghai Composite,equity,CNY,carry,3889.445,3894.422,,,,,,,1
2026-09-10T19:04:40+00:00,^BVSP,Bovespa Brasile,equity,BRL,carry,172458.62,166335.0,,,,,,,1
2026-09-10T19:04:40+00:00,BTC-USD,Bitcoin,crypto,USD,coingecko,77165.15584564113,78450.753039,-1.639,-3.328,5.675,20.362,27.8,2026-09-10,0
2026-09-10T19:04:40+00:00,ETH-USD,Ethereum,crypto,USD,coingecko,2465.131861360081,2485.069704,-0.802,-0.6,5.958,37.315,32.27,2026-09-10,0
2026-09-10T19:04:40+00:00,SOL-USD,Solana,crypto,USD,coingecko,99.78159588228205,103.360104,-3.462,-3.281,13.838,27.812,49.99,2026-09-10,0
2026-09-10T19:04:40+00:00,GC=F,Oro (spot),commodity,USD,carry,4693.0,4516.3,,,,,,,1
2026-09-10T19:04:40+00:00,SI=F,Argento (spot),commodity,USD,carry,68.29,68.026,,,,,,,1
2026-09-10T19:04:40+00:00,CL=F,Petrolio WTI,commodity,PCT,fred,97.26,94.21,3.237,6.318,16.117,3.822,33.06,2026-09-09,1
2026-09-10T19:04:40+00:00,BZ=F,Petrolio Brent,commodity,PCT,fred,109.51,106.12,3.194,12.214,18.083,23.545,44.55,2026-09-09,1
2026-09-10T19:04:40+00:00,NG=F,Gas naturale,commodity,PCT,fred,2.81,2.9,-3.103,-3.103,3.309,-14.067,39.58,2026-09-09,1
2026-09-10T19:04:40+00:00,HG=F,Rame,commodity,USD,carry,6.668,6.46,,,,,,,1
2026-09-10T19:04:40+00:00,EURUSD=X,EUR/USD,fx,USD,ecb,1.1616,1.1652,-0.309,0.009,0.615,0.19,4.1,2026-09-10,0
2026-09-10T19:04:40+00:00,GBPUSD=X,GBP/USD,fx,PCT,fred,1.3521,1.3536,-0.111,-0.251,0.483,1.304,3.55,2026-09-04,1
2026-09-10T19:04:40+00:00,JPY=X,USD/JPY,fx,PCT,fred,156.11,155.39,0.463,-2.413,-1.477,-2.504,9.67,2026-09-04,1
2026-09-10T19:04:40+00:00,DX-Y.NYB,Indice dollaro DXY,fx,USD,carry,98.962,98.9,,,,,,,1
2026-09-10T19:04:40+00:00,DTWEXBGS,Indice dollaro Fed (broad),fx,PCT,fred,118.0732,118.127,-0.046,-0.568,-1.203,-1.634,3.14,2026-09-04,1
2026-09-10T19:04:40+00:00,^FVX,US 5Y Treasury Yield,rate,PCT,fred,4.57,4.54,0.661,1.782,5.057,7.277,13.97,2026-09-08,1
2026-09-10T19:04:40+00:00,^TNX,US 10Y Treasury Yield,rate,PCT,fred,4.8,4.78,0.418,1.053,3.226,5.96,12.77,2026-09-08,1
2026-09-10T19:04:40+00:00,^TYX,US 30Y Treasury Yield,rate,PCT,fred,5.25,5.24,0.191,0.0,1.156,4.79,11.32,2026-09-08,1
2026-09-10T23:19:48+00:00,^GSPC,S&P 500,equity,PCT,fred,7636.36,7673.52,-0.484,0.064,-1.506,5.083,8.63,2026-09-09,1
2026-09-10T23:19:48+00:00,^DJI,Dow Jones,equity,PCT,fred,52064.1,52380.66,-0.604,-1.881,-3.212,2.39,10.46,2026-09-10,0
2026-09-10T23:19:48+00:00,^IXIC,Nasdaq Composite,equity,PCT,fred,26253.34,26421.41,-0.636,0.588,-1.323,4.306,12.45,2026-09-09,1
2026-09-10T23:19:48+00:00,^RUT,Russell 2000,equity,USD,carry,3007.096,3017.89,,,,,,,1
2026-09-10T23:19:48+00:00,^VIX,VIX (volatilita),vol,PCT,fred,16.46,15.72,4.707,8.289,7.723,1.605,79.61,2026-09-09,1
2026-09-10T23:19:48+00:00,FTSEMIB.MI,FTSE MIB,equity,EUR,carry,52732.33,53018.0,,,,,,,1
2026-09-10T23:19:48+00:00,^FTSE,FTSE 100 UK,equity,GBP,carry,10886.34,10728.0,,,,,,,1
2026-09-10T23:19:48+00:00,^GDAXI,DAX Germania,equity,EUR,carry,26293.18,26128.36,,,,,,,1
2026-09-10T23:19:48+00:00,^FCHI,CAC 40 Francia,equity,EUR,carry,8452.28,8501.91,,,,,,,1
2026-09-10T23:19:48+00:00,^STOXX50E,Euro Stoxx 50,equity,,carry,6461.45,6444.46,,,,,,,1
2026-09-10T23:19:48+00:00,^N225,Nikkei 225,equity,JPY,carry,65856.43,65326.42,,,,,,,1
2026-09-10T23:19:48+00:00,^HSI,Hang Seng,equity,HKD,carry,25511.1,25471.15,,,,,,,1
2026-09-10T23:19:48+00:00,000001.SS,Shanghai Composite,equity,CNY,carry,3889.445,3894.422,,,,,,,1
2026-09-10T23:19:48+00:00,^BVSP,Bovespa Brasile,equity,BRL,carry,172458.62,166335.0,,,,,,,1
2026-09-10T23:19:48+00:00,BTC-USD,Bitcoin,crypto,USD,coingecko,76658.28434728523,78450.753039,-2.285,-3.963,4.981,19.571,28.31,2026-09-10,0
2026-09-10T23:19:48+00:00,ETH-USD,Ethereum,crypto,USD,coingecko,2439.514827029771,2485.069704,-1.833,-1.633,4.856,35.888,32.49,2026-09-10,0
2026-09-10T23:19:48+00:00,SOL-USD,Solana,crypto,USD,coingecko,98.94846850659688,103.360104,-4.268,-4.088,12.888,26.745,50.54,2026-09-10,0
2026-09-10T23:19:48+00:00,GC=F,Oro (spot),commodity,USD,carry,4693.0,4516.3,,,,,,,1
2026-09-10T23:19:48+00:00,SI=F,Argento (spot),commodity,USD,carry,68.29,68.026,,,,,,,1
2026-09-10T23:19:48+00:00,CL=F,Petrolio WTI,commodity,PCT,fred,97.26,94.21,3.237,6.318,16.117,3.822,33.06,2026-09-09,1
2026-09-10T23:19:48+00:00,BZ=F,Petrolio Brent,commodity,PCT,fred,109.51,106.12,3.194,12.214,18.083,23.545,44.55,2026-09-09,1
2026-09-10T23:19:48+00:00,NG=F,Gas naturale,commodity,PCT,fred,2.81,2.9,-3.103,-3.103,3.309,-14.067,39.58,2026-09-09,1
2026-09-10T23:19:48+00:00,HG=F,Rame,commodity,USD,carry,6.668,6.46,,,,,,,1
2026-09-10T23:19:48+00:00,EURUSD=X,EUR/USD,fx,USD,ecb,1.1616,1.1652,-0.309,0.009,0.615,0.19,4.1,2026-09-10,0
2026-09-10T23:19:48+00:00,GBPUSD=X,GBP/USD,fx,PCT,fred,1.3521,1.3536,-0.111,-0.251,0.483,1.304,3.55,2026-09-04,1
2026-09-10T23:19:48+00:00,JPY=X,USD/JPY,fx,PCT,fred,156.11,155.39,0.463,-2.413,-1.477,-2.504,9.67,2026-09-04,1
2026-09-10T23:19:48+00:00,DX-Y.NYB,Indice dollaro DXY,fx,USD,carry,98.962,98.9,,,,,,,1
2026-09-10T23:19:48+00:00,DTWEXBGS,Indice dollaro Fed (broad),fx,PCT,fred,118.0732,118.127,-0.046,-0.568,-1.203,-1.634,3.14,2026-09-04,1
2026-09-10T23:19:48+00:00,^FVX,US 5Y Treasury Yield,rate,PCT,fred,4.61,4.57,0.875,1.319,4.535,7.963,13.97,2026-09-09,1
2026-09-10T23:19:48+00:00,^TNX,US 10Y Treasury Yield,rate,PCT,fred,4.83,4.8,0.625,0.835,2.331,6.154,12.76,2026-09-09,1
2026-09-10T23:19:48+00:00,^TYX,US 30Y Treasury Yield,rate,PCT,fred,5.28,5.25,0.571,0.19,0.571,4.97,11.47,2026-09-09,1
2026-09-11T10:45:45+00:00,^GSPC,S&P 500,equity,PCT,fred,7591.7,7636.36,-0.585,-0.977,-1.766,2.67,8.73,2026-09-10,1
2026-09-11T10:45:45+00:00,^DJI,Dow Jones,equity,PCT,fred,52064.1,52380.66,-0.604,-1.881,-3.212,2.39,10.46,2026-09-10,1
2026-09-11T10:45:45+00:00,^IXIC,Nasdaq Composite,equity,PCT,fred,26081.72,26253.34,-0.654,-0.519,-1.375,1.054,12.44,2026-09-10,1
2026-09-11T10:45:45+00:00,^RUT,Russell 2000,equity,USD,carry,3007.096,3017.89,,,,,,,1
2026-09-11T10:45:45+00:00,^VIX,VIX (volatilita),vol,PCT,fred,16.46,15.72,4.707,8.289,7.723,1.605,79.61,2026-09-09,1
2026-09-11T10:45:45+00:00,FTSEMIB.MI,FTSE MIB,equity,EUR,carry,52732.33,53018.0,,,,,,,1
2026-09-11T10:45:45+00:00,^FTSE,FTSE 100 UK,equity,GBP,carry,10886.34,10728.0,,,,,,,1
2026-09-11T10:45:45+00:00,^GDAXI,DAX Germania,equity,EUR,carry,26293.18,26128.36,,,,,,,1
2026-09-11T10:45:45+00:00,^FCHI,CAC 40 Francia,equity,EUR,carry,8452.28,8501.91,,,,,,,1
2026-09-11T10:45:45+00:00,^STOXX50E,Euro Stoxx 50,equity,,carry,6461.45,6444.46,,,,,,,1
2026-09-11T10:45:45+00:00,^N225,Nikkei 225,equity,JPY,carry,65856.43,65326.42,,,,,,,1
2026-09-11T10:45:45+00:00,^HSI,Hang Seng,equity,HKD,carry,25511.1,25471.15,,,,,,,1
2026-09-11T10:45:45+00:00,000001.SS,Shanghai Composite,equity,CNY,carry,3889.445,3894.422,,,,,,,1
2026-09-11T10:45:45+00:00,^BVSP,Bovespa Brasile,equity,BRL,carry,172458.62,166335.0,,,,,,,1
2026-09-11T10:45:45+00:00,BTC-USD,Bitcoin,crypto,USD,coingecko,76991.76743896875,78283.060472,-1.65,-4.155,-1.693,20.693,27.98,2026-09-11,0
2026-09-11T10:45:45+00:00,ETH-USD,Ethereum,crypto,USD,coingecko,2463.2066296727903,2467.529168,-0.175,-2.021,-2.058,37.767,29.99,2026-09-11,0
2026-09-11T10:45:45+00:00,SOL-USD,Solana,crypto,USD,coingecko,99.28295858945528,101.568283,-2.25,-6.768,5.965,29.417,50.8,2026-09-11,0
2026-09-11T10:45:45+00:00,GC=F,Oro (spot),commodity,USD,carry,4693.0,4516.3,,,,,,,1
2026-09-11T10:45:45+00:00,SI=F,Argento (spot),commodity,USD,carry,68.29,68.026,,,,,,,1
2026-09-11T10:45:45+00:00,CL=F,Petrolio WTI,commodity,PCT,fred,97.26,94.21,3.237,6.318,16.117,3.822,33.06,2026-09-09,1
2026-09-11T10:45:45+00:00,BZ=F,Petrolio Brent,commodity,PCT,fred,109.51,106.12,3.194,12.214,18.083,23.545,44.55,2026-09-09,1
2026-09-11T10:45:45+00:00,NG=F,Gas naturale,commodity,PCT,fred,2.81,2.9,-3.103,-3.103,3.309,-14.067,39.58,2026-09-09,1
2026-09-11T10:45:45+00:00,HG=F,Rame,commodity,USD,carry,6.668,6.46,,,,,,,1
2026-09-11T10:45:45+00:00,EURUSD=X,EUR/USD,fx,USD,ecb,1.1616,1.1652,-0.309,0.009,0.615,0.19,4.1,2026-09-10,1
2026-09-11T10:45:45+00:00,GBPUSD=X,GBP/USD,fx,PCT,fred,1.3521,1.3536,-0.111,-0.251,0.483,1.304,3.55,2026-09-04,1
2026-09-11T10:45:45+00:00,JPY=X,USD/JPY,fx,PCT,fred,156.11,155.39,0.463,-2.413,-1.477,-2.504,9.67,2026-09-04,1
2026-09-11T10:45:45+00:00,DX-Y.NYB,Indice dollaro DXY,fx,USD,carry,98.962,98.9,,,,,,,1
2026-09-11T10:45:45+00:00,DTWEXBGS,Indice dollaro Fed (broad),fx,PCT,fred,118.0732,118.127,-0.046,-0.568,-1.203,-1.634,3.14,2026-09-04,1
2026-09-11T10:45:45+00:00,^FVX,US 5Y Treasury Yield,rate,PCT,fred,4.61,4.57,0.875,1.319,4.535,7.963,13.97,2026-09-09,1
2026-09-11T10:45:45+00:00,^TNX,US 10Y Treasury Yield,rate,PCT,fred,4.83,4.8,0.625,0.835,2.331,6.154,12.76,2026-09-09,1
2026-09-11T10:45:45+00:00,^TYX,US 30Y Treasury Yield,rate,PCT,fred,5.28,5.25,0.571,0.19,0.571,4.97,11.47,2026-09-09,1
2026-09-11T16:01:36+00:00,^GSPC,S&P 500,equity,PCT,fred,7591.7,7636.36,-0.585,-0.977,-1.766,2.67,8.73,2026-09-10,1
2026-09-11T16:01:36+00:00,^DJI,Dow Jones,equity,PCT,fred,52064.1,52380.66,-0.604,-1.881,-3.212,2.39,10.46,2026-09-10,1
2026-09-11T16:01:36+00:00,^IXIC,Nasdaq Composite,equity,PCT,fred,26081.72,26253.34,-0.654,-0.519,-1.375,1.054,12.44,2026-09-10,1
2026-09-11T16:01:36+00:00,^RUT,Russell 2000,equity,USD,carry,3007.096,3017.89,,,,,,,1
2026-09-11T16:01:36+00:00,^VIX,VIX (volatilita),vol,PCT,fred,17.84,16.46,8.384,24.581,22.612,8.714,84.1,2026-09-10,1
2026-09-11T16:01:36+00:00,FTSEMIB.MI,FTSE MIB,equity,EUR,carry,52732.33,53018.0,,,,,,,1
2026-09-11T16:01:36+00:00,^FTSE,FTSE 100 UK,equity,GBP,carry,10886.34,10728.0,,,,,,,1
2026-09-11T16:01:36+00:00,^GDAXI,DAX Germania,equity,EUR,carry,26293.18,26128.36,,,,,,,1
2026-09-11T16:01:36+00:00,^FCHI,CAC 40 Francia,equity,EUR,carry,8452.28,8501.91,,,,,,,1
2026-09-11T16:01:36+00:00,^STOXX50E,Euro Stoxx 50,equity,,carry,6461.45,6444.46,,,,,,,1
2026-09-11T16:01:36+00:00,^N225,Nikkei 225,equity,JPY,carry,65856.43,65326.42,,,,,,,1
2026-09-11T16:01:36+00:00,^HSI,Hang Seng,equity,HKD,carry,25511.1,25471.15,,,,,,,1
2026-09-11T16:01:36+00:00,000001.SS,Shanghai Composite,equity,CNY,carry,3889.445,3894.422,,,,,,,1
2026-09-11T16:01:36+00:00,^BVSP,Bovespa Brasile,equity,BRL,carry,172458.62,166335.0,,,,,,,1
2026-09-11T16:01:36+00:00,BTC-USD,Bitcoin,crypto,USD,coingecko,77701.85637901259,78283.060472,-0.742,-3.271,-0.786,21.806,28.41,2026-09-11,0
2026-09-11T16:01:36+00:00,ETH-USD,Ethereum,crypto,USD,coingecko,2567.9127870184097,2467.529168,4.068,2.144,2.105,43.623,35.22,2026-09-11,0
2026-09-11T16:01:36+00:00,SOL-USD,Solana,crypto,USD,coingecko,101.60196891520314,101.568283,0.033,-4.59,8.44,32.44,51.68,2026-09-11,0
2026-09-11T16:01:36+00:00,GC=F,Oro (spot),commodity,USD,carry,4693.0,4516.3,,,,,,,1
2026-09-11T16:01:36+00:00,SI=F,Argento (spot),commodity,USD,carry,68.29,68.026,,,,,,,1
2026-09-11T16:01:36+00:00,CL=F,Petrolio WTI,commodity,PCT,fred,97.26,94.21,3.237,6.318,16.117,3.822,33.06,2026-09-09,1
2026-09-11T16:01:36+00:00,BZ=F,Petrolio Brent,commodity,PCT,fred,109.51,106.12,3.194,12.214,18.083,23.545,44.55,2026-09-09,1
2026-09-11T16:01:36+00:00,NG=F,Gas naturale,commodity,PCT,fred,2.81,2.9,-3.103,-3.103,3.309,-14.067,39.58,2026-09-09,1
2026-09-11T16:01:36+00:00,HG=F,Rame,commodity,USD,carry,6.668,6.46,,,,,,,1
2026-09-11T16:01:36+00:00,EURUSD=X,EUR/USD,fx,USD,ecb,1.1592,1.1616,-0.207,-0.258,0.503,0.009,4.08,2026-09-11,0
2026-09-11T16:01:36+00:00,GBPUSD=X,GBP/USD,fx,PCT,fred,1.3521,1.3536,-0.111,-0.251,0.483,1.304,3.55,2026-09-04,1
2026-09-11T16:01:36+00:00,JPY=X,USD/JPY,fx,PCT,fred,156.11,155.39,0.463,-2.413,-1.477,-2.504,9.67,2026-09-04,1
2026-09-11T16:01:36+00:00,DX-Y.NYB,Indice dollaro DXY,fx,USD,carry,98.962,98.9,,,,,,,1
2026-09-11T16:01:36+00:00,DTWEXBGS,Indice dollaro Fed (broad),fx,PCT,fred,118.0732,118.127,-0.046,-0.568,-1.203,-1.634,3.14,2026-09-04,1
2026-09-11T16:01:36+00:00,^FVX,US 5Y Treasury Yield,rate,PCT,fred,4.61,4.57,0.875,1.319,4.535,7.963,13.97,2026-09-09,1
2026-09-11T16:01:36+00:00,^TNX,US 10Y Treasury Yield,rate,PCT,fred,4.83,4.8,0.625,0.835,2.331,6.154,12.76,2026-09-09,1
2026-09-11T16:01:36+00:00,^TYX,US 30Y Treasury Yield,rate,PCT,fred,5.28,5.25,0.571,0.19,0.571,4.97,11.47,2026-09-09,1
2026-09-11T23:28:56+00:00,^GSPC,S&P 500,equity,PCT,fred,7591.7,7636.36,-0.585,-0.977,-1.766,2.67,8.73,2026-09-10,1
2026-09-11T23:28:56+00:00,^DJI,Dow Jones,equity,PCT,fred,52573.29,52064.1,0.978,-2.073,-2.226,2.678,11.18,2026-09-11,0
2026-09-11T23:28:56+00:00,^IXIC,Nasdaq Composite,equity,PCT,fred,26081.72,26253.34,-0.654,-0.519,-1.375,1.054,12.44,2026-09-10,1
2026-09-11T23:28:56+00:00,^RUT,Russell 2000,equity,USD,carry,3007.096,3017.89,,,,,,,1
2026-09-11T23:28:56+00:00,^VIX,VIX (volatilita),vol,PCT,fred,17.84,16.46,8.384,24.581,22.612,8.714,84.1,2026-09-10,1
2026-09-11T23:28:56+00:00,FTSEMIB.MI,FTSE MIB,equity,EUR,carry,52732.33,53018.0,,,,,,,1
2026-09-11T23:28:56+00:00,^FTSE,FTSE 100 UK,equity,GBP,carry,10886.34,10728.0,,,,,,,1
2026-09-11T23:28:56+00:00,^GDAXI,DAX Germania,equity,EUR,carry,26293.18,26128.36,,,,,,,1
2026-09-11T23:28:56+00:00,^FCHI,CAC 40 Francia,equity,EUR,carry,8452.28,8501.91,,,,,,,1
2026-09-11T23:28:56+00:00,^STOXX50E,Euro Stoxx 50,equity,,carry,6461.45,6444.46,,,,,,,1
2026-09-11T23:28:56+00:00,^N225,Nikkei 225,equity,JPY,carry,65856.43,65326.42,,,,,,,1
2026-09-11T23:28:56+00:00,^HSI,Hang Seng,equity,HKD,carry,25511.1,25471.15,,,,,,,1
2026-09-11T23:28:56+00:00,000001.SS,Shanghai Composite,equity,CNY,carry,3889.445,3894.422,,,,,,,1
2026-09-11T23:28:56+00:00,^BVSP,Bovespa Brasile,equity,BRL,carry,172458.62,166335.0,,,,,,,1
2026-09-11T23:28:56+00:00,BTC-USD,Bitcoin,crypto,USD,coingecko,77168.25839179313,78283.060472,-1.424,-3.935,-1.468,20.97,28.05,2026-09-11,0
2026-09-11T23:28:56+00:00,ETH-USD,Ethereum,crypto,USD,coingecko,2513.043140272931,2467.529168,1.845,-0.038,-0.077,40.555,31.68,2026-09-11,0
2026-09-11T23:28:56+00:00,SOL-USD,Solana,crypto,USD,coingecko,102.20657550838374,101.568283,0.628,-4.022,9.086,33.228,52.13,2026-09-11,0
2026-09-11T23:28:56+00:00,GC=F,Oro (spot),commodity,USD,carry,4693.0,4516.3,,,,,,,1
2026-09-11T23:28:56+00:00,SI=F,Argento (spot),commodity,USD,carry,68.29,68.026,,,,,,,1
2026-09-11T23:28:56+00:00,CL=F,Petrolio WTI,commodity,PCT,fred,97.26,94.21,3.237,6.318,16.117,3.822,33.06,2026-09-09,1
2026-09-11T23:28:56+00:00,BZ=F,Petrolio Brent,commodity,PCT,fred,109.51,106.12,3.194,12.214,18.083,23.545,44.55,2026-09-09,1
2026-09-11T23:28:56+00:00,NG=F,Gas naturale,commodity,PCT,fred,2.81,2.9,-3.103,-3.103,3.309,-14.067,39.58,2026-09-09,1
2026-09-11T23:28:56+00:00,HG=F,Rame,commodity,USD,carry,6.668,6.46,,,,,,,1
2026-09-11T23:28:56+00:00,EURUSD=X,EUR/USD,fx,USD,ecb,1.1592,1.1616,-0.207,-0.258,0.503,0.009,4.08,2026-09-11,0
2026-09-11T23:28:56+00:00,GBPUSD=X,GBP/USD,fx,PCT,fred,1.3521,1.3536,-0.111,-0.251,0.483,1.304,3.55,2026-09-04,1
2026-09-11T23:28:56+00:00,JPY=X,USD/JPY,fx,PCT,fred,156.11,155.39,0.463,-2.413,-1.477,-2.504,9.67,2026-09-04,1
2026-09-11T23:28:56+00:00,DX-Y.NYB,Indice dollaro DXY,fx,USD,carry,98.962,98.9,,,,,,,1
2026-09-11T23:28:56+00:00,DTWEXBGS,Indice dollaro Fed (broad),fx,PCT,fred,118.0732,118.127,-0.046,-0.568,-1.203,-1.634,3.14,2026-09-04,1
2026-09-11T23:28:56+00:00,^FVX,US 5Y Treasury Yield,rate,PCT,fred,4.75,4.61,3.037,4.626,8.2,13.636,16.97,2026-09-10,1
2026-09-11T23:28:56+00:00,^TNX,US 10Y Treasury Yield,rate,PCT,fred,4.95,4.83,2.484,3.34,5.319,11.236,15.03,2026-09-10,1
2026-09-11T23:28:56+00:00,^TYX,US 30Y Treasury Yield,rate,PCT,fred,5.37,5.28,1.705,1.898,2.481,8.485,12.89,2026-09-10,1
2026-09-12T10:14:39+00:00,^GSPC,S&P 500,equity,PCT,fred,7656.98,7591.7,0.86,-1.171,-1.181,3.035,9.0,2026-09-11,1
2026-09-12T10:14:39+00:00,^DJI,Dow Jones,equity,PCT,fred,52573.29,52064.1,0.978,-2.073,-2.226,2.678,11.18,2026-09-11,1
2026-09-12T10:14:39+00:00,^IXIC,Nasdaq Composite,equity,PCT,fred,26333.04,26081.72,0.964,-0.944,-0.961,1.716,12.6,2026-09-11,1
2026-09-12T10:14:39+00:00,^RUT,Russell 2000,equity,USD,carry,3007.096,3017.89,,,,,,,1
2026-09-12T10:14:39+00:00,^VIX,VIX (volatilita),vol,PCT,fred,17.84,16.46,8.384,24.581,22.612,8.714,84.1,2026-09-10,1
2026-09-12T10:14:39+00:00,FTSEMIB.MI,FTSE MIB,equity,EUR,carry,52732.33,53018.0,,,,,,,1
2026-09-12T10:14:39+00:00,^FTSE,FTSE 100 UK,equity,GBP,carry,10886.34,10728.0,,,,,,,1
2026-09-12T10:14:39+00:00,^GDAXI,DAX Germania,equity,EUR,carry,26293.18,26128.36,,,,,,,1
2026-09-12T10:14:39+00:00,^FCHI,CAC 40 Francia,equity,EUR,carry,8452.28,8501.91,,,,,,,1
2026-09-12T10:14:39+00:00,^STOXX50E,Euro Stoxx 50,equity,,carry,6461.45,6444.46,,,,,,,1
2026-09-12T10:14:39+00:00,^N225,Nikkei 225,equity,JPY,carry,65856.43,65326.42,,,,,,,1
2026-09-12T10:14:39+00:00,^HSI,Hang Seng,equity,HKD,carry,25511.1,25471.15,,,,,,,1
2026-09-12T10:14:39+00:00,000001.SS,Shanghai Composite,equity,CNY,carry,3889.445,3894.422,,,,,,,1
2026-09-12T10:14:39+00:00,^BVSP,Bovespa Brasile,equity,BRL,carry,172458.62,166335.0,,,,,,,1
2026-09-12T10:14:39+00:00,BTC-USD,Bitcoin,crypto,USD,coingecko,77379.47320943295,76554.98665,1.077,-2.167,0.387,21.386,27.92,2026-09-12,0
2026-09-12T10:14:39+00:00,ETH-USD,Ethereum,crypto,USD,coingecko,2533.789681251294,2437.514813,3.95,1.783,4.555,40.338,31.41,2026-09-12,0
2026-09-12T10:14:39+00:00,SOL-USD,Solana,crypto,USD,coingecko,102.11213232526576,98.631258,3.529,-1.6,8.763,32.838,52.17,2026-09-12,0
2026-09-12T10:14:39+00:00,GC=F,Oro (spot),commodity,USD,carry,4693.0,4516.3,,,,,,,1
2026-09-12T10:14:39+00:00,SI=F,Argento (spot),commodity,USD,carry,68.29,68.026,,,,,,,1
2026-09-12T10:14:39+00:00,CL=F,Petrolio WTI,commodity,PCT,fred,97.26,94.21,3.237,6.318,16.117,3.822,33.06,2026-09-09,1
2026-09-12T10:14:39+00:00,BZ=F,Petrolio Brent,commodity,PCT,fred,109.51,106.12,3.194,12.214,18.083,23.545,44.55,2026-09-09,1
2026-09-12T10:14:39+00:00,NG=F,Gas naturale,commodity,PCT,fred,2.81,2.9,-3.103,-3.103,3.309,-14.067,39.58,2026-09-09,1
2026-09-12T10:14:39+00:00,HG=F,Rame,commodity,USD,carry,6.668,6.46,,,,,,,1
2026-09-12T10:14:39+00:00,EURUSD=X,EUR/USD,fx,USD,ecb,1.1592,1.1616,-0.207,-0.258,0.503,0.009,4.08,2026-09-11,1
2026-09-12T10:14:39+00:00,GBPUSD=X,GBP/USD,fx,PCT,fred,1.3521,1.3536,-0.111,-0.251,0.483,1.304,3.55,2026-09-04,1
2026-09-12T10:14:39+00:00,JPY=X,USD/JPY,fx,PCT,fred,156.11,155.39,0.463,-2.413,-1.477,-2.504,9.67,2026-09-04,1
2026-09-12T10:14:39+00:00,DX-Y.NYB,Indice dollaro DXY,fx,USD,carry,98.962,98.9,,,,,,,1
2026-09-12T10:14:39+00:00,DTWEXBGS,Indice dollaro Fed (broad),fx,PCT,fred,118.0732,118.127,-0.046,-0.568,-1.203,-1.634,3.14,2026-09-04,1
2026-09-12T10:14:39+00:00,^FVX,US 5Y Treasury Yield,rate,PCT,fred,4.75,4.61,3.037,4.626,8.2,13.636,16.97,2026-09-10,1
2026-09-12T10:14:39+00:00,^TNX,US 10Y Treasury Yield,rate,PCT,fred,4.95,4.83,2.484,3.34,5.319,11.236,15.03,2026-09-10,1
2026-09-12T10:14:39+00:00,^TYX,US 30Y Treasury Yield,rate,PCT,fred,5.37,5.28,1.705,1.898,2.481,8.485,12.89,2026-09-10,1
2026-09-12T15:09:22+00:00,^GSPC,S&P 500,equity,PCT,fred,7656.98,7591.7,0.86,-1.171,-1.181,3.035,9.0,2026-09-11,1
2026-09-12T15:09:22+00:00,^DJI,Dow Jones,equity,PCT,fred,52573.29,52064.1,0.978,-2.073,-2.226,2.678,11.18,2026-09-11,1
2026-09-12T15:09:22+00:00,^IXIC,Nasdaq Composite,equity,PCT,fred,26333.04,26081.72,0.964,-0.944,-0.961,1.716,12.6,2026-09-11,1
2026-09-12T15:09:22+00:00,^RUT,Russell 2000,equity,USD,carry,3007.096,3017.89,,,,,,,1
2026-09-12T15:09:22+00:00,^VIX,VIX (volatilita),vol,PCT,fred,17.84,16.46,8.384,24.581,22.612,8.714,84.1,2026-09-10,1
2026-09-12T15:09:22+00:00,FTSEMIB.MI,FTSE MIB,equity,EUR,carry,52732.33,53018.0,,,,,,,1
2026-09-12T15:09:22+00:00,^FTSE,FTSE 100 UK,equity,GBP,carry,10886.34,10728.0,,,,,,,1
2026-09-12T15:09:22+00:00,^GDAXI,DAX Germania,equity,EUR,carry,26293.18,26128.36,,,,,,,1
2026-09-12T15:09:22+00:00,^FCHI,CAC 40 Francia,equity,EUR,carry,8452.28,8501.91,,,,,,,1
2026-09-12T15:09:22+00:00,^STOXX50E,Euro Stoxx 50,equity,,carry,6461.45,6444.46,,,,,,,1
2026-09-12T15:09:22+00:00,^N225,Nikkei 225,equity,JPY,carry,65856.43,65326.42,,,,,,,1
2026-09-12T15:09:22+00:00,^HSI,Hang Seng,equity,HKD,carry,25511.1,25471.15,,,,,,,1
2026-09-12T15:09:22+00:00,000001.SS,Shanghai Composite,equity,CNY,carry,3889.445,3894.422,,,,,,,1
2026-09-12T15:09:22+00:00,^BVSP,Bovespa Brasile,equity,BRL,carry,172458.62,166335.0,,,,,,,1
2026-09-12T15:09:22+00:00,BTC-USD,Bitcoin,crypto,USD,coingecko,77432.68411150918,76554.98665,1.146,-2.1,0.456,21.469,27.93,2026-09-12,0
2026-09-12T15:09:22+00:00,ETH-USD,Ethereum,crypto,USD,coingecko,2539.2610327714333,2437.514813,4.174,2.003,4.78,40.641,31.48,2026-09-12,0
2026-09-12T15:09:22+00:00,SOL-USD,Solana,crypto,USD,coingecko,101.98598847097188,98.631258,3.401,-1.722,8.629,32.674,52.19,2026-09-12,0
2026-09-12T15:09:22+00:00,GC=F,Oro (spot),commodity,USD,carry,4693.0,4516.3,,,,,,,1
2026-09-12T15:09:22+00:00,SI=F,Argento (spot),commodity,USD,carry,68.29,68.026,,,,,,,1
2026-09-12T15:09:22+00:00,CL=F,Petrolio WTI,commodity,PCT,fred,97.26,94.21,3.237,6.318,16.117,3.822,33.06,2026-09-09,1
2026-09-12T15:09:22+00:00,BZ=F,Petrolio Brent,commodity,PCT,fred,109.51,106.12,3.194,12.214,18.083,23.545,44.55,2026-09-09,1
2026-09-12T15:09:22+00:00,NG=F,Gas naturale,commodity,PCT,fred,2.81,2.9,-3.103,-3.103,3.309,-14.067,39.58,2026-09-09,1
2026-09-12T15:09:22+00:00,HG=F,Rame,commodity,USD,carry,6.668,6.46,,,,,,,1
2026-09-12T15:09:22+00:00,EURUSD=X,EUR/USD,fx,USD,ecb,1.1592,1.1616,-0.207,-0.258,0.503,0.009,4.08,2026-09-11,1
2026-09-12T15:09:22+00:00,GBPUSD=X,GBP/USD,fx,PCT,fred,1.3521,1.3536,-0.111,-0.251,0.483,1.304,3.55,2026-09-04,1
2026-09-12T15:09:22+00:00,JPY=X,USD/JPY,fx,PCT,fred,156.11,155.39,0.463,-2.413,-1.477,-2.504,9.67,2026-09-04,1
2026-09-12T15:09:22+00:00,DX-Y.NYB,Indice dollaro DXY,fx,USD,carry,98.962,98.9,,,,,,,1
2026-09-12T15:09:22+00:00,DTWEXBGS,Indice dollaro Fed (broad),fx,PCT,fred,118.0732,118.127,-0.046,-0.568,-1.203,-1.634,3.14,2026-09-04,1
2026-09-12T15:09:22+00:00,^FVX,US 5Y Treasury Yield,rate,PCT,fred,4.75,4.61,3.037,4.626,8.2,13.636,16.97,2026-09-10,1
2026-09-12T15:09:22+00:00,^TNX,US 10Y Treasury Yield,rate,PCT,fred,4.95,4.83,2.484,3.34,5.319,11.236,15.03,2026-09-10,1
2026-09-12T15:09:22+00:00,^TYX,US 30Y Treasury Yield,rate,PCT,fred,5.37,5.28,1.705,1.898,2.481,8.485,12.89,2026-09-10,1
2026-09-12T18:10:25+00:00,^GSPC,S&P 500,equity,PCT,fred,7656.98,7591.7,0.86,-1.171,-1.181,3.035,9.0,2026-09-11,1
2026-09-12T18:10:25+00:00,^DJI,Dow Jones,equity,PCT,fred,52573.29,52064.1,0.978,-2.073,-2.226,2.678,11.18,2026-09-11,1
2026-09-12T18:10:25+00:00,^IXIC,Nasdaq Composite,equity,PCT,fred,26333.04,26081.72,0.964,-0.944,-0.961,1.716,12.6,2026-09-11,1
2026-09-12T18:10:25+00:00,^RUT,Russell 2000,equity,USD,carry,3007.096,3017.89,,,,,,,1
2026-09-12T18:10:25+00:00,^VIX,VIX (volatilita),vol,PCT,fred,17.84,16.46,8.384,24.581,22.612,8.714,84.1,2026-09-10,1
2026-09-12T18:10:25+00:00,FTSEMIB.MI,FTSE MIB,equity,EUR,carry,52732.33,53018.0,,,,,,,1
2026-09-12T18:10:25+00:00,^FTSE,FTSE 100 UK,equity,GBP,carry,10886.34,10728.0,,,,,,,1
2026-09-12T18:10:25+00:00,^GDAXI,DAX Germania,equity,EUR,carry,26293.18,26128.36,,,,,,,1
2026-09-12T18:10:25+00:00,^FCHI,CAC 40 Francia,equity,EUR,carry,8452.28,8501.91,,,,,,,1
2026-09-12T18:10:25+00:00,^STOXX50E,Euro Stoxx 50,equity,,carry,6461.45,6444.46,,,,,,,1
2026-09-12T18:10:25+00:00,^N225,Nikkei 225,equity,JPY,carry,65856.43,65326.42,,,,,,,1
2026-09-12T18:10:25+00:00,^HSI,Hang Seng,equity,HKD,carry,25511.1,25471.15,,,,,,,1
2026-09-12T18:10:25+00:00,000001.SS,Shanghai Composite,equity,CNY,carry,3889.445,3894.422,,,,,,,1
2026-09-12T18:10:25+00:00,^BVSP,Bovespa Brasile,equity,BRL,carry,172458.62,166335.0,,,,,,,1
2026-09-12T18:10:25+00:00,BTC-USD,Bitcoin,crypto,USD,coingecko,77191.83631752555,76554.98665,0.832,-2.404,0.144,21.092,27.91,2026-09-12,0
2026-09-12T18:10:25+00:00,ETH-USD,Ethereum,crypto,USD,coingecko,2525.926193347174,2437.514813,3.627,1.467,4.23,39.903,31.36,2026-09-12,0
2026-09-12T18:10:25+00:00,SOL-USD,Solana,crypto,USD,coingecko,101.82486625881288,98.631258,3.238,-1.877,8.457,32.464,52.23,2026-09-12,0
2026-09-12T18:10:25+00:00,GC=F,Oro (spot),commodity,USD,carry,4693.0,4516.3,,,,,,,1
2026-09-12T18:10:25+00:00,SI=F,Argento (spot),commodity,USD,carry,68.29,68.026,,,,,,,1
2026-09-12T18:10:25+00:00,CL=F,Petrolio WTI,commodity,PCT,fred,97.26,94.21,3.237,6.318,16.117,3.822,33.06,2026-09-09,1
2026-09-12T18:10:25+00:00,BZ=F,Petrolio Brent,commodity,PCT,fred,109.51,106.12,3.194,12.214,18.083,23.545,44.55,2026-09-09,1
2026-09-12T18:10:25+00:00,NG=F,Gas naturale,commodity,PCT,fred,2.81,2.9,-3.103,-3.103,3.309,-14.067,39.58,2026-09-09,1
2026-09-12T18:10:25+00:00,HG=F,Rame,commodity,USD,carry,6.668,6.46,,,,,,,1
2026-09-12T18:10:25+00:00,EURUSD=X,EUR/USD,fx,USD,ecb,1.1592,1.1616,-0.207,-0.258,0.503,0.009,4.08,2026-09-11,1
2026-09-12T18:10:25+00:00,GBPUSD=X,GBP/USD,fx,PCT,fred,1.3521,1.3536,-0.111,-0.251,0.483,1.304,3.55,2026-09-04,1
2026-09-12T18:10:25+00:00,JPY=X,USD/JPY,fx,PCT,fred,156.11,155.39,0.463,-2.413,-1.477,-2.504,9.67,2026-09-04,1
2026-09-12T18:10:25+00:00,DX-Y.NYB,Indice dollaro DXY,fx,USD,carry,98.962,98.9,,,,,,,1
2026-09-12T18:10:25+00:00,DTWEXBGS,Indice dollaro Fed (broad),fx,PCT,fred,118.0732,118.127,-0.046,-0.568,-1.203,-1.634,3.14,2026-09-04,1
2026-09-12T18:10:25+00:00,^FVX,US 5Y Treasury Yield,rate,PCT,fred,4.75,4.61,3.037,4.626,8.2,13.636,16.97,2026-09-10,1
2026-09-12T18:10:25+00:00,^TNX,US 10Y Treasury Yield,rate,PCT,fred,4.95,4.83,2.484,3.34,5.319,11.236,15.03,2026-09-10,1
2026-09-12T18:10:25+00:00,^TYX,US 30Y Treasury Yield,rate,PCT,fred,5.37,5.28,1.705,1.898,2.481,8.485,12.89,2026-09-10,1
2026-09-12T23:09:38+00:00,^GSPC,S&P 500,equity,PCT,fred,7656.98,7591.7,0.86,-1.171,-1.181,3.035,9.0,2026-09-11,1
2026-09-12T23:09:38+00:00,^DJI,Dow Jones,equity,PCT,fred,52573.29,52064.1,0.978,-2.073,-2.226,2.678,11.18,2026-09-11,1
2026-09-12T23:09:38+00:00,^IXIC,Nasdaq Composite,equity,PCT,fred,26333.04,26081.72,0.964,-0.944,-0.961,1.716,12.6,2026-09-11,1
2026-09-12T23:09:38+00:00,^RUT,Russell 2000,equity,USD,carry,3007.096,3017.89,,,,,,,1
2026-09-12T23:09:38+00:00,^VIX,VIX (volatilita),vol,PCT,fred,17.84,16.46,8.384,24.581,22.612,8.714,84.1,2026-09-10,1
2026-09-12T23:09:38+00:00,FTSEMIB.MI,FTSE MIB,equity,EUR,carry,52732.33,53018.0,,,,,,,1
2026-09-12T23:09:38+00:00,^FTSE,FTSE 100 UK,equity,GBP,carry,10886.34,10728.0,,,,,,,1
2026-09-12T23:09:38+00:00,^GDAXI,DAX Germania,equity,EUR,carry,26293.18,26128.36,,,,,,,1
2026-09-12T23:09:38+00:00,^FCHI,CAC 40 Francia,equity,EUR,carry,8452.28,8501.91,,,,,,,1
2026-09-12T23:09:38+00:00,^STOXX50E,Euro Stoxx 50,equity,,carry,6461.45,6444.46,,,,,,,1
2026-09-12T23:09:38+00:00,^N225,Nikkei 225,equity,JPY,carry,65856.43,65326.42,,,,,,,1
2026-09-12T23:09:38+00:00,^HSI,Hang Seng,equity,HKD,carry,25511.1,25471.15,,,,,,,1
2026-09-12T23:09:38+00:00,000001.SS,Shanghai Composite,equity,CNY,carry,3889.445,3894.422,,,,,,,1
2026-09-12T23:09:38+00:00,^BVSP,Bovespa Brasile,equity,BRL,carry,172458.62,166335.0,,,,,,,1
2026-09-12T23:09:38+00:00,BTC-USD,Bitcoin,crypto,USD,coingecko,77250.57033045657,76554.98665,0.909,-2.33,0.22,21.184,27.91,2026-09-12,0
2026-09-12T23:09:38+00:00,ETH-USD,Ethereum,crypto,USD,coingecko,2523.4917580635693,2437.514813,3.527,1.37,4.13,39.768,31.35,2026-09-12,0
2026-09-12T23:09:38+00:00,SOL-USD,Solana,crypto,USD,coingecko,101.67878098012413,98.631258,3.09,-2.018,8.302,32.274,52.27,2026-09-12,0
2026-09-12T23:09:38+00:00,GC=F,Oro (spot),commodity,USD,carry,4693.0,4516.3,,,,,,,1
2026-09-12T23:09:38+00:00,SI=F,Argento (spot),commodity,USD,carry,68.29,68.026,,,,,,,1
2026-09-12T23:09:38+00:00,CL=F,Petrolio WTI,commodity,PCT,fred,97.26,94.21,3.237,6.318,16.117,3.822,33.06,2026-09-09,1
2026-09-12T23:09:38+00:00,BZ=F,Petrolio Brent,commodity,PCT,fred,109.51,106.12,3.194,12.214,18.083,23.545,44.55,2026-09-09,1
2026-09-12T23:09:38+00:00,NG=F,Gas naturale,commodity,PCT,fred,2.81,2.9,-3.103,-3.103,3.309,-14.067,39.58,2026-09-09,1
2026-09-12T23:09:38+00:00,HG=F,Rame,commodity,USD,carry,6.668,6.46,,,,,,,1
2026-09-12T23:09:38+00:00,EURUSD=X,EUR/USD,fx,USD,ecb,1.1592,1.1616,-0.207,-0.258,0.503,0.009,4.08,2026-09-11,1
2026-09-12T23:09:38+00:00,GBPUSD=X,GBP/USD,fx,PCT,fred,1.3521,1.3536,-0.111,-0.251,0.483,1.304,3.55,2026-09-04,1
2026-09-12T23:09:38+00:00,JPY=X,USD/JPY,fx,PCT,fred,156.11,155.39,0.463,-2.413,-1.477,-2.504,9.67,2026-09-04,1
2026-09-12T23:09:38+00:00,DX-Y.NYB,Indice dollaro DXY,fx,USD,carry,98.962,98.9,,,,,,,1
2026-09-12T23:09:38+00:00,DTWEXBGS,Indice dollaro Fed (broad),fx,PCT,fred,118.0732,118.127,-0.046,-0.568,-1.203,-1.634,3.14,2026-09-04,1
2026-09-12T23:09:38+00:00,^FVX,US 5Y Treasury Yield,rate,PCT,fred,4.75,4.61,3.037,4.626,8.2,13.636,16.97,2026-09-10,1
2026-09-12T23:09:38+00:00,^TNX,US 10Y Treasury Yield,rate,PCT,fred,4.95,4.83,2.484,3.34,5.319,11.236,15.03,2026-09-10,1
2026-09-12T23:09:38+00:00,^TYX,US 30Y Treasury Yield,rate,PCT,fred,5.37,5.28,1.705,1.898,2.481,8.485,12.89,2026-09-10,1
2026-09-13T11:15:18+00:00,^GSPC,S&P 500,equity,PCT,fred,7656.98,7591.7,0.86,-1.171,-1.181,3.035,9.0,2026-09-11,1
2026-09-13T11:15:18+00:00,^DJI,Dow Jones,equity,PCT,fred,52573.29,52064.1,0.978,-2.073,-2.226,2.678,11.18,2026-09-11,1
2026-09-13T11:15:18+00:00,^IXIC,Nasdaq Composite,equity,PCT,fred,26333.04,26081.72,0.964,-0.944,-0.961,1.716,12.6,2026-09-11,1
2026-09-13T11:15:18+00:00,^RUT,Russell 2000,equity,USD,carry,3007.096,3017.89,,,,,,,1
2026-09-13T11:15:18+00:00,^VIX,VIX (volatilita),vol,PCT,fred,17.84,16.46,8.384,24.581,22.612,8.714,84.1,2026-09-10,1
2026-09-13T11:15:18+00:00,FTSEMIB.MI,FTSE MIB,equity,EUR,carry,52732.33,53018.0,,,,,,,1
2026-09-13T11:15:18+00:00,^FTSE,FTSE 100 UK,equity,GBP,carry,10886.34,10728.0,,,,,,,1
2026-09-13T11:15:18+00:00,^GDAXI,DAX Germania,equity,EUR,carry,26293.18,26128.36,,,,,,,1
2026-09-13T11:15:18+00:00,^FCHI,CAC 40 Francia,equity,EUR,carry,8452.28,8501.91,,,,,,,1
2026-09-13T11:15:18+00:00,^STOXX50E,Euro Stoxx 50,equity,,carry,6461.45,6444.46,,,,,,,1
2026-09-13T11:15:18+00:00,^N225,Nikkei 225,equity,JPY,carry,65856.43,65326.42,,,,,,,1
2026-09-13T11:15:18+00:00,^HSI,Hang Seng,equity,HKD,carry,25511.1,25471.15,,,,,,,1
2026-09-13T11:15:18+00:00,000001.SS,Shanghai Composite,equity,CNY,carry,3889.445,3894.422,,,,,,,1
2026-09-13T11:15:18+00:00,^BVSP,Bovespa Brasile,equity,BRL,carry,172458.62,166335.0,,,,,,,1
2026-09-13T11:15:18+00:00,BTC-USD,Bitcoin,crypto,USD,coingecko,76534.91114459088,77203.534448,-0.866,-2.442,-1.515,22.89,27.39,2026-09-13,0
2026-09-13T11:15:18+00:00,ETH-USD,Ethereum,crypto,USD,coingecko,2470.5540320682353,2514.846819,-1.761,-0.584,0.331,39.257,32.29,2026-09-13,0
2026-09-13T11:15:18+00:00,SOL-USD,Solana,crypto,USD,coingecko,99.60428662456091,102.394403,-2.725,-3.634,4.399,32.928,51.47,2026-09-13,0
2026-09-13T11:15:18+00:00,GC=F,Oro (spot),commodity,USD,carry,4693.0,4516.3,,,,,,,1
2026-09-13T11:15:18+00:00,SI=F,Argento (spot),commodity,USD,carry,68.29,68.026,,,,,,,1
2026-09-13T11:15:18+00:00,CL=F,Petrolio WTI,commodity,PCT,fred,97.26,94.21,3.237,6.318,16.117,3.822,33.06,2026-09-09,1
2026-09-13T11:15:18+00:00,BZ=F,Petrolio Brent,commodity,PCT,fred,109.51,106.12,3.194,12.214,18.083,23.545,44.55,2026-09-09,1
2026-09-13T11:15:18+00:00,NG=F,Gas naturale,commodity,PCT,fred,2.81,2.9,-3.103,-3.103,3.309,-14.067,39.58,2026-09-09,1
2026-09-13T11:15:18+00:00,HG=F,Rame,commodity,USD,carry,6.668,6.46,,,,,,,1
2026-09-13T11:15:18+00:00,EURUSD=X,EUR/USD,fx,USD,ecb,1.1592,1.1616,-0.207,-0.258,0.503,0.009,4.08,2026-09-11,1
2026-09-13T11:15:18+00:00,GBPUSD=X,GBP/USD,fx,PCT,fred,1.3521,1.3536,-0.111,-0.251,0.483,1.304,3.55,2026-09-04,1
2026-09-13T11:15:18+00:00,JPY=X,USD/JPY,fx,PCT,fred,156.11,155.39,0.463,-2.413,-1.477,-2.504,9.67,2026-09-04,1
2026-09-13T11:15:18+00:00,DX-Y.NYB,Indice dollaro DXY,fx,USD,carry,98.962,98.9,,,,,,,1
2026-09-13T11:15:18+00:00,DTWEXBGS,Indice dollaro Fed (broad),fx,PCT,fred,118.0732,118.127,-0.046,-0.568,-1.203,-1.634,3.14,2026-09-04,1
2026-09-13T11:15:18+00:00,^FVX,US 5Y Treasury Yield,rate,PCT,fred,4.75,4.61,3.037,4.626,8.2,13.636,16.97,2026-09-10,1
2026-09-13T11:15:18+00:00,^TNX,US 10Y Treasury Yield,rate,PCT,fred,4.95,4.83,2.484,3.34,5.319,11.236,15.03,2026-09-10,1
2026-09-13T11:15:18+00:00,^TYX,US 30Y Treasury Yield,rate,PCT,fred,5.37,5.28,1.705,1.898,2.481,8.485,12.89,2026-09-10,1
2026-09-13T15:45:22+00:00,^GSPC,S&P 500,equity,PCT,fred,7656.98,7591.7,0.86,-1.171,-1.181,3.035,9.0,2026-09-11,1
2026-09-13T15:45:22+00:00,^DJI,Dow Jones,equity,PCT,fred,52573.29,52064.1,0.978,-2.073,-2.226,2.678,11.18,2026-09-11,1
2026-09-13T15:45:22+00:00,^IXIC,Nasdaq Composite,equity,PCT,fred,26333.04,26081.72,0.964,-0.944,-0.961,1.716,12.6,2026-09-11,1
2026-09-13T15:45:22+00:00,^RUT,Russell 2000,equity,USD,carry,3007.096,3017.89,,,,,,,1
2026-09-13T15:45:22+00:00,^VIX,VIX (volatilita),vol,PCT,fred,17.84,16.46,8.384,24.581,22.612,8.714,84.1,2026-09-10,1
2026-09-13T15:45:22+00:00,FTSEMIB.MI,FTSE MIB,equity,EUR,carry,52732.33,53018.0,,,,,,,1
2026-09-13T15:45:22+00:00,^FTSE,FTSE 100 UK,equity,GBP,carry,10886.34,10728.0,,,,,,,1
2026-09-13T15:45:22+00:00,^GDAXI,DAX Germania,equity,EUR,carry,26293.18,26128.36,,,,,,,1
2026-09-13T15:45:22+00:00,^FCHI,CAC 40 Francia,equity,EUR,carry,8452.28,8501.91,,,,,,,1
2026-09-13T15:45:22+00:00,^STOXX50E,Euro Stoxx 50,equity,,carry,6461.45,6444.46,,,,,,,1
2026-09-13T15:45:22+00:00,^N225,Nikkei 225,equity,JPY,carry,65856.43,65326.42,,,,,,,1
2026-09-13T15:45:22+00:00,^HSI,Hang Seng,equity,HKD,carry,25511.1,25471.15,,,,,,,1
2026-09-13T15:45:22+00:00,000001.SS,Shanghai Composite,equity,CNY,carry,3889.445,3894.422,,,,,,,1
2026-09-13T15:45:22+00:00,^BVSP,Bovespa Brasile,equity,BRL,carry,172458.62,166335.0,,,,,,,1
2026-09-13T15:45:22+00:00,BTC-USD,Bitcoin,crypto,USD,coingecko,77068.90524293136,77203.534448,-0.174,-1.761,-0.828,23.748,27.24,2026-09-13,0
2026-09-13T15:45:22+00:00,ETH-USD,Ethereum,crypto,USD,coingecko,2488.4010009332433,2514.846819,-1.052,0.134,1.056,40.263,31.75,2026-09-13,0
2026-09-13T15:45:22+00:00,SOL-USD,Solana,crypto,USD,coingecko,100.33886975011531,102.394403,-2.007,-2.923,5.169,33.908,51.13,2026-09-13,0
2026-09-13T15:45:22+00:00,GC=F,Oro (spot),commodity,USD,carry,4693.0,4516.3,,,,,,,1
2026-09-13T15:45:22+00:00,SI=F,Argento (spot),commodity,USD,carry,68.29,68.026,,,,,,,1
2026-09-13T15:45:22+00:00,CL=F,Petrolio WTI,commodity,PCT,fred,97.26,94.21,3.237,6.318,16.117,3.822,33.06,2026-09-09,1
2026-09-13T15:45:22+00:00,BZ=F,Petrolio Brent,commodity,PCT,fred,109.51,106.12,3.194,12.214,18.083,23.545,44.55,2026-09-09,1
2026-09-13T15:45:22+00:00,NG=F,Gas naturale,commodity,PCT,fred,2.81,2.9,-3.103,-3.103,3.309,-14.067,39.58,2026-09-09,1
2026-09-13T15:45:22+00:00,HG=F,Rame,commodity,USD,carry,6.668,6.46,,,,,,,1
2026-09-13T15:45:22+00:00,EURUSD=X,EUR/USD,fx,USD,ecb,1.1592,1.1616,-0.207,-0.258,0.503,0.009,4.08,2026-09-11,1
2026-09-13T15:45:22+00:00,GBPUSD=X,GBP/USD,fx,PCT,fred,1.3521,1.3536,-0.111,-0.251,0.483,1.304,3.55,2026-09-04,1
2026-09-13T15:45:22+00:00,JPY=X,USD/JPY,fx,PCT,fred,156.11,155.39,0.463,-2.413,-1.477,-2.504,9.67,2026-09-04,1
2026-09-13T15:45:22+00:00,DX-Y.NYB,Indice dollaro DXY,fx,USD,carry,98.962,98.9,,,,,,,1
2026-09-13T15:45:22+00:00,DTWEXBGS,Indice dollaro Fed (broad),fx,PCT,fred,118.0732,118.127,-0.046,-0.568,-1.203,-1.634,3.14,2026-09-04,1
2026-09-13T15:45:22+00:00,^FVX,US 5Y Treasury Yield,rate,PCT,fred,4.75,4.61,3.037,4.626,8.2,13.636,16.97,2026-09-10,1
2026-09-13T15:45:22+00:00,^TNX,US 10Y Treasury Yield,rate,PCT,fred,4.95,4.83,2.484,3.34,5.319,11.236,15.03,2026-09-10,1
2026-09-13T15:45:22+00:00,^TYX,US 30Y Treasury Yield,rate,PCT,fred,5.37,5.28,1.705,1.898,2.481,8.485,12.89,2026-09-10,1
2026-09-13T18:35:52+00:00,^GSPC,S&P 500,equity,PCT,fred,7656.98,7591.7,0.86,-1.171,-1.181,3.035,9.0,2026-09-11,1
2026-09-13T18:35:52+00:00,^DJI,Dow Jones,equity,PCT,fred,52573.29,52064.1,0.978,-2.073,-2.226,2.678,11.18,2026-09-11,1
2026-09-13T18:35:52+00:00,^IXIC,Nasdaq Composite,equity,PCT,fred,26333.04,26081.72,0.964,-0.944,-0.961,1.716,12.6,2026-09-11,1
2026-09-13T18:35:52+00:00,^RUT,Russell 2000,equity,USD,carry,3007.096,3017.89,,,,,,,1
2026-09-13T18:35:52+00:00,^VIX,VIX (volatilita),vol,PCT,fred,17.84,16.46,8.384,24.581,22.612,8.714,84.1,2026-09-10,1
2026-09-13T18:35:52+00:00,FTSEMIB.MI,FTSE MIB,equity,EUR,carry,52732.33,53018.0,,,,,,,1
2026-09-13T18:35:52+00:00,^FTSE,FTSE 100 UK,equity,GBP,carry,10886.34,10728.0,,,,,,,1
2026-09-13T18:35:52+00:00,^GDAXI,DAX Germania,equity,EUR,carry,26293.18,26128.36,,,,,,,1
2026-09-13T18:35:52+00:00,^FCHI,CAC 40 Francia,equity,EUR,carry,8452.28,8501.91,,,,,,,1
2026-09-13T18:35:52+00:00,^STOXX50E,Euro Stoxx 50,equity,,carry,6461.45,6444.46,,,,,,,1
2026-09-13T18:35:52+00:00,^N225,Nikkei 225,equity,JPY,carry,65856.43,65326.42,,,,,,,1
2026-09-13T18:35:52+00:00,^HSI,Hang Seng,equity,HKD,carry,25511.1,25471.15,,,,,,,1
2026-09-13T18:35:52+00:00,000001.SS,Shanghai Composite,equity,CNY,carry,3889.445,3894.422,,,,,,,1
2026-09-13T18:35:52+00:00,^BVSP,Bovespa Brasile,equity,BRL,carry,172458.62,166335.0,,,,,,,1
2026-09-13T18:35:52+00:00,BTC-USD,Bitcoin,crypto,USD,coingecko,77302.56508558278,77203.534448,0.128,-1.464,-0.527,24.123,27.24,2026-09-13,0
2026-09-13T18:35:52+00:00,ETH-USD,Ethereum,crypto,USD,coingecko,2506.8184273548463,2514.846819,-0.319,0.875,1.804,41.302,31.4,2026-09-13,0
2026-09-13T18:35:52+00:00,SOL-USD,Solana,crypto,USD,coingecko,101.16220993630918,102.394403,-1.203,-2.126,6.032,35.007,50.89,2026-09-13,0
2026-09-13T18:35:52+00:00,GC=F,Oro (spot),commodity,USD,carry,4693.0,4516.3,,,,,,,1
2026-09-13T18:35:52+00:00,SI=F,Argento (spot),commodity,USD,carry,68.29,68.026,,,,,,,1
2026-09-13T18:35:52+00:00,CL=F,Petrolio WTI,commodity,PCT,fred,97.26,94.21,3.237,6.318,16.117,3.822,33.06,2026-09-09,1
2026-09-13T18:35:52+00:00,BZ=F,Petrolio Brent,commodity,PCT,fred,109.51,106.12,3.194,12.214,18.083,23.545,44.55,2026-09-09,1
2026-09-13T18:35:52+00:00,NG=F,Gas naturale,commodity,PCT,fred,2.81,2.9,-3.103,-3.103,3.309,-14.067,39.58,2026-09-09,1
2026-09-13T18:35:52+00:00,HG=F,Rame,commodity,USD,carry,6.668,6.46,,,,,,,1
2026-09-13T18:35:52+00:00,EURUSD=X,EUR/USD,fx,USD,ecb,1.1592,1.1616,-0.207,-0.258,0.503,0.009,4.08,2026-09-11,1
2026-09-13T18:35:52+00:00,GBPUSD=X,GBP/USD,fx,PCT,fred,1.3521,1.3536,-0.111,-0.251,0.483,1.304,3.55,2026-09-04,1
2026-09-13T18:35:52+00:00,JPY=X,USD/JPY,fx,PCT,fred,156.11,155.39,0.463,-2.413,-1.477,-2.504,9.67,2026-09-04,1
2026-09-13T18:35:52+00:00,DX-Y.NYB,Indice dollaro DXY,fx,USD,carry,98.962,98.9,,,,,,,1
2026-09-13T18:35:52+00:00,DTWEXBGS,Indice dollaro Fed (broad),fx,PCT,fred,118.0732,118.127,-0.046,-0.568,-1.203,-1.634,3.14,2026-09-04,1
2026-09-13T18:35:52+00:00,^FVX,US 5Y Treasury Yield,rate,PCT,fred,4.75,4.61,3.037,4.626,8.2,13.636,16.97,2026-09-10,1
2026-09-13T18:35:52+00:00,^TNX,US 10Y Treasury Yield,rate,PCT,fred,4.95,4.83,2.484,3.34,5.319,11.236,15.03,2026-09-10,1
2026-09-13T18:35:52+00:00,^TYX,US 30Y Treasury Yield,rate,PCT,fred,5.37,5.28,1.705,1.898,2.481,8.485,12.89,2026-09-10,1
2026-09-13T23:20:00+00:00,^GSPC,S&P 500,equity,PCT,fred,7656.98,7591.7,0.86,-1.171,-1.181,3.035,9.0,2026-09-11,1
2026-09-13T23:20:00+00:00,^DJI,Dow Jones,equity,PCT,fred,52573.29,52064.1,0.978,-2.073,-2.226,2.678,11.18,2026-09-11,1
2026-09-13T23:20:00+00:00,^IXIC,Nasdaq Composite,equity,PCT,fred,26333.04,26081.72,0.964,-0.944,-0.961,1.716,12.6,2026-09-11,1
2026-09-13T23:20:00+00:00,^RUT,Russell 2000,equity,USD,carry,3007.096,3017.89,,,,,,,1
2026-09-13T23:20:00+00:00,^VIX,VIX (volatilita),vol,PCT,fred,17.84,16.46,8.384,24.581,22.612,8.714,84.1,2026-09-10,1
2026-09-13T23:20:00+00:00,FTSEMIB.MI,FTSE MIB,equity,EUR,carry,52732.33,53018.0,,,,,,,1
2026-09-13T23:20:00+00:00,^FTSE,FTSE 100 UK,equity,GBP,carry,10886.34,10728.0,,,,,,,1
2026-09-13T23:20:00+00:00,^GDAXI,DAX Germania,equity,EUR,carry,26293.18,26128.36,,,,,,,1
2026-09-13T23:20:00+00:00,^FCHI,CAC 40 Francia,equity,EUR,carry,8452.28,8501.91,,,,,,,1
2026-09-13T23:20:00+00:00,^STOXX50E,Euro Stoxx 50,equity,,carry,6461.45,6444.46,,,,,,,1
2026-09-13T23:20:00+00:00,^N225,Nikkei 225,equity,JPY,carry,65856.43,65326.42,,,,,,,1
2026-09-13T23:20:00+00:00,^HSI,Hang Seng,equity,HKD,carry,25511.1,25471.15,,,,,,,1
2026-09-13T23:20:00+00:00,000001.SS,Shanghai Composite,equity,CNY,carry,3889.445,3894.422,,,,,,,1
2026-09-13T23:20:00+00:00,^BVSP,Bovespa Brasile,equity,BRL,carry,172458.62,166335.0,,,,,,,1
2026-09-13T23:20:00+00:00,BTC-USD,Bitcoin,crypto,USD,coingecko,76658.17711433517,77203.534448,-0.706,-2.285,-1.356,23.088,27.34,2026-09-13,0
2026-09-13T23:20:00+00:00,ETH-USD,Ethereum,crypto,USD,coingecko,2472.570248776782,2514.846819,-1.681,-0.503,0.413,39.371,32.22,2026-09-13,0
2026-09-13T23:20:00+00:00,SOL-USD,Solana,crypto,USD,coingecko,99.5123849840873,102.394403,-2.815,-3.723,4.302,32.805,51.52,2026-09-13,0
2026-09-13T23:20:00+00:00,GC=F,Oro (spot),commodity,USD,carry,4693.0,4516.3,,,,,,,1
2026-09-13T23:20:00+00:00,SI=F,Argento (spot),commodity,USD,carry,68.29,68.026,,,,,,,1
2026-09-13T23:20:00+00:00,CL=F,Petrolio WTI,commodity,PCT,fred,97.26,94.21,3.237,6.318,16.117,3.822,33.06,2026-09-09,1
2026-09-13T23:20:00+00:00,BZ=F,Petrolio Brent,commodity,PCT,fred,109.51,106.12,3.194,12.214,18.083,23.545,44.55,2026-09-09,1
2026-09-13T23:20:00+00:00,NG=F,Gas naturale,commodity,PCT,fred,2.81,2.9,-3.103,-3.103,3.309,-14.067,39.58,2026-09-09,1
2026-09-13T23:20:00+00:00,HG=F,Rame,commodity,USD,carry,6.668,6.46,,,,,,,1
2026-09-13T23:20:00+00:00,EURUSD=X,EUR/USD,fx,USD,ecb,1.1592,1.1616,-0.207,-0.258,0.503,0.009,4.08,2026-09-11,1
2026-09-13T23:20:00+00:00,GBPUSD=X,GBP/USD,fx,PCT,fred,1.3521,1.3536,-0.111,-0.251,0.483,1.304,3.55,2026-09-04,1
2026-09-13T23:20:00+00:00,JPY=X,USD/JPY,fx,PCT,fred,156.11,155.39,0.463,-2.413,-1.477,-2.504,9.67,2026-09-04,1
2026-09-13T23:20:00+00:00,DX-Y.NYB,Indice dollaro DXY,fx,USD,carry,98.962,98.9,,,,,,,1
2026-09-13T23:20:00+00:00,DTWEXBGS,Indice dollaro Fed (broad),fx,PCT,fred,118.0732,118.127,-0.046,-0.568,-1.203,-1.634,3.14,2026-09-04,1
2026-09-13T23:20:00+00:00,^FVX,US 5Y Treasury Yield,rate,PCT,fred,4.75,4.61,3.037,4.626,8.2,13.636,16.97,2026-09-10,1
2026-09-13T23:20:00+00:00,^TNX,US 10Y Treasury Yield,rate,PCT,fred,4.95,4.83,2.484,3.34,5.319,11.236,15.03,2026-09-10,1
2026-09-13T23:20:00+00:00,^TYX,US 30Y Treasury Yield,rate,PCT,fred,5.37,5.28,1.705,1.898,2.481,8.485,12.89,2026-09-10,1
2026-09-14T12:03:35+00:00,^GSPC,S&P 500,equity,PCT,fred,7656.98,7591.7,0.86,-1.171,-1.181,3.035,9.0,2026-09-11,1
2026-09-14T12:03:35+00:00,^DJI,Dow Jones,equity,PCT,fred,52573.29,52064.1,0.978,-2.073,-2.226,2.678,11.18,2026-09-11,1
2026-09-14T12:03:35+00:00,^IXIC,Nasdaq Composite,equity,PCT,fred,26333.04,26081.72,0.964,-0.944,-0.961,1.716,12.6,2026-09-11,1
2026-09-14T12:03:35+00:00,^RUT,Russell 2000,equity,USD,carry,3007.096,3017.89,,,,,,,1
2026-09-14T12:03:35+00:00,^VIX,VIX (volatilita),vol,PCT,fred,17.84,16.46,8.384,24.581,22.612,8.714,84.1,2026-09-10,1
2026-09-14T12:03:35+00:00,FTSEMIB.MI,FTSE MIB,equity,EUR,carry,52732.33,53018.0,,,,,,,1
2026-09-14T12:03:35+00:00,^FTSE,FTSE 100 UK,equity,GBP,carry,10886.34,10728.0,,,,,,,1
2026-09-14T12:03:35+00:00,^GDAXI,DAX Germania,equity,EUR,carry,26293.18,26128.36,,,,,,,1
2026-09-14T12:03:35+00:00,^FCHI,CAC 40 Francia,equity,EUR,carry,8452.28,8501.91,,,,,,,1
2026-09-14T12:03:35+00:00,^STOXX50E,Euro Stoxx 50,equity,,carry,6461.45,6444.46,,,,,,,1
2026-09-14T12:03:35+00:00,^N225,Nikkei 225,equity,JPY,carry,65856.43,65326.42,,,,,,,1
2026-09-14T12:03:35+00:00,^HSI,Hang Seng,equity,HKD,carry,25511.1,25471.15,,,,,,,1
2026-09-14T12:03:35+00:00,000001.SS,Shanghai Composite,equity,CNY,carry,3889.445,3894.422,,,,,,,1
2026-09-14T12:03:35+00:00,^BVSP,Bovespa Brasile,equity,BRL,carry,172458.62,166335.0,,,,,,,1
2026-09-14T12:03:35+00:00,BTC-USD,Bitcoin,crypto,USD,coingecko,77750.18784466949,77261.627221,0.632,-0.681,-1.549,19.646,27.62,2026-09-14,0
2026-09-14T12:03:35+00:00,ETH-USD,Ethereum,crypto,USD,coingecko,2507.927252351015,2525.267262,-0.687,1.637,1.05,32.673,31.78,2026-09-14,0
2026-09-14T12:03:35+00:00,SOL-USD,Solana,crypto,USD,coingecko,101.31778911453246,101.752393,-0.427,-0.247,2.479,30.214,51.26,2026-09-14,0
2026-09-14T12:03:35+00:00,GC=F,Oro (spot),commodity,USD,carry,4693.0,4516.3,,,,,,,1
2026-09-14T12:03:35+00:00,SI=F,Argento (spot),commodity,USD,carry,68.29,68.026,,,,,,,1
2026-09-14T12:03:35+00:00,CL=F,Petrolio WTI,commodity,PCT,fred,97.26,94.21,3.237,6.318,16.117,3.822,33.06,2026-09-09,1
2026-09-14T12:03:35+00:00,BZ=F,Petrolio Brent,commodity,PCT,fred,109.51,106.12,3.194,12.214,18.083,23.545,44.55,2026-09-09,1
2026-09-14T12:03:35+00:00,NG=F,Gas naturale,commodity,PCT,fred,2.81,2.9,-3.103,-3.103,3.309,-14.067,39.58,2026-09-09,1
2026-09-14T12:03:35+00:00,HG=F,Rame,commodity,USD,carry,6.668,6.46,,,,,,,1
2026-09-14T12:03:35+00:00,EURUSD=X,EUR/USD,fx,USD,ecb,1.1592,1.1616,-0.207,-0.258,0.503,0.009,4.08,2026-09-11,1
2026-09-14T12:03:35+00:00,GBPUSD=X,GBP/USD,fx,PCT,fred,1.3521,1.3536,-0.111,-0.251,0.483,1.304,3.55,2026-09-04,1
2026-09-14T12:03:35+00:00,JPY=X,USD/JPY,fx,PCT,fred,156.11,155.39,0.463,-2.413,-1.477,-2.504,9.67,2026-09-04,1
2026-09-14T12:03:35+00:00,DX-Y.NYB,Indice dollaro DXY,fx,USD,carry,98.962,98.9,,,,,,,1
2026-09-14T12:03:35+00:00,DTWEXBGS,Indice dollaro Fed (broad),fx,PCT,fred,118.0732,118.127,-0.046,-0.568,-1.203,-1.634,3.14,2026-09-04,1
2026-09-14T12:03:35+00:00,^FVX,US 5Y Treasury Yield,rate,PCT,fred,4.75,4.61,3.037,4.626,8.2,13.636,16.97,2026-09-10,1
2026-09-14T12:03:35+00:00,^TNX,US 10Y Treasury Yield,rate,PCT,fred,4.95,4.83,2.484,3.34,5.319,11.236,15.03,2026-09-10,1
2026-09-14T12:03:35+00:00,^TYX,US 30Y Treasury Yield,rate,PCT,fred,5.37,5.28,1.705,1.898,2.481,8.485,12.89,2026-09-10,1
2026-09-14T20:10:34+00:00,^GSPC,S&P 500,equity,PCT,fred,7656.98,7591.7,0.86,-1.171,-1.181,3.035,9.0,2026-09-11,1
2026-09-14T20:10:34+00:00,^DJI,Dow Jones,equity,PCT,fred,52573.29,52064.1,0.978,-2.073,-2.226,2.678,11.18,2026-09-11,1
2026-09-14T20:10:34+00:00,^IXIC,Nasdaq Composite,equity,PCT,fred,26333.04,26081.72,0.964,-0.944,-0.961,1.716,12.6,2026-09-11,1
2026-09-14T20:10:34+00:00,^RUT,Russell 2000,equity,USD,carry,3007.096,3017.89,,,,,,,1
2026-09-14T20:10:34+00:00,^VIX,VIX (volatilita),vol,PCT,fred,15.84,17.84,-11.211,9.016,8.271,-14.1,94.12,2026-09-11,1
2026-09-14T20:10:34+00:00,FTSEMIB.MI,FTSE MIB,equity,EUR,carry,52732.33,53018.0,,,,,,,1
2026-09-14T20:10:34+00:00,^FTSE,FTSE 100 UK,equity,GBP,carry,10886.34,10728.0,,,,,,,1
2026-09-14T20:10:34+00:00,^GDAXI,DAX Germania,equity,EUR,carry,26293.18,26128.36,,,,,,,1
2026-09-14T20:10:34+00:00,^FCHI,CAC 40 Francia,equity,EUR,carry,8452.28,8501.91,,,,,,,1
2026-09-14T20:10:34+00:00,^STOXX50E,Euro Stoxx 50,equity,,carry,6461.45,6444.46,,,,,,,1
2026-09-14T20:10:34+00:00,^N225,Nikkei 225,equity,JPY,carry,65856.43,65326.42,,,,,,,1
2026-09-14T20:10:34+00:00,^HSI,Hang Seng,equity,HKD,carry,25511.1,25471.15,,,,,,,1
2026-09-14T20:10:34+00:00,000001.SS,Shanghai Composite,equity,CNY,carry,3889.445,3894.422,,,,,,,1
2026-09-14T20:10:34+00:00,^BVSP,Bovespa Brasile,equity,BRL,carry,172458.62,166335.0,,,,,,,1
2026-09-14T20:10:34+00:00,BTC-USD,Bitcoin,crypto,USD,coingecko,79029.63936848493,77261.627221,2.288,0.954,0.071,21.615,29.21,2026-09-14,0
2026-09-14T20:10:34+00:00,ETH-USD,Ethereum,crypto,USD,coingecko,2543.8624028851264,2525.267262,0.736,3.094,2.497,34.574,32.85,2026-09-14,0
2026-09-14T20:10:34+00:00,SOL-USD,Solana,crypto,USD,coingecko,103.41824290131076,101.752393,1.637,1.821,4.603,32.914,52.73,2026-09-14,0
2026-09-14T20:10:34+00:00,GC=F,Oro (spot),commodity,USD,carry,4693.0,4516.3,,,,,,,1
2026-09-14T20:10:34+00:00,SI=F,Argento (spot),commodity,USD,carry,68.29,68.026,,,,,,,1
2026-09-14T20:10:34+00:00,CL=F,Petrolio WTI,commodity,PCT,fred,97.26,94.21,3.237,6.318,16.117,3.822,33.06,2026-09-09,1
2026-09-14T20:10:34+00:00,BZ=F,Petrolio Brent,commodity,PCT,fred,109.51,106.12,3.194,12.214,18.083,23.545,44.55,2026-09-09,1
2026-09-14T20:10:34+00:00,NG=F,Gas naturale,commodity,PCT,fred,2.81,2.9,-3.103,-3.103,3.309,-14.067,39.58,2026-09-09,1
2026-09-14T20:10:34+00:00,HG=F,Rame,commodity,USD,carry,6.668,6.46,,,,,,,1
2026-09-14T20:10:34+00:00,EURUSD=X,EUR/USD,fx,USD,ecb,1.1551,1.1592,-0.354,-0.611,-0.138,0.785,4.19,2026-09-14,0
2026-09-14T20:10:34+00:00,GBPUSD=X,GBP/USD,fx,PCT,fred,1.3521,1.3536,-0.111,-0.251,0.483,1.304,3.55,2026-09-04,1
2026-09-14T20:10:34+00:00,JPY=X,USD/JPY,fx,PCT,fred,156.11,155.39,0.463,-2.413,-1.477,-2.504,9.67,2026-09-04,1
2026-09-14T20:10:34+00:00,DX-Y.NYB,Indice dollaro DXY,fx,USD,carry,98.962,98.9,,,,,,,1
2026-09-14T20:10:34+00:00,DTWEXBGS,Indice dollaro Fed (broad),fx,PCT,fred,118.0732,118.127,-0.046,-0.568,-1.203,-1.634,3.14,2026-09-04,1
2026-09-14T20:10:34+00:00,^FVX,US 5Y Treasury Yield,rate,PCT,fred,4.75,4.61,3.037,4.626,8.2,13.636,16.97,2026-09-10,1
2026-09-14T20:10:34+00:00,^TNX,US 10Y Treasury Yield,rate,PCT,fred,4.95,4.83,2.484,3.34,5.319,11.236,15.03,2026-09-10,1
2026-09-14T20:10:34+00:00,^TYX,US 30Y Treasury Yield,rate,PCT,fred,5.37,5.28,1.705,1.898,2.481,8.485,12.89,2026-09-10,1
2026-09-14T23:56:43+00:00,^GSPC,S&P 500,equity,PCT,fred,7656.98,7591.7,0.86,-1.171,-1.181,3.035,9.0,2026-09-11,1
2026-09-14T23:56:43+00:00,^DJI,Dow Jones,equity,PCT,fred,52421.2,52573.29,-0.289,-1.859,-2.635,1.452,11.19,2026-09-14,0
2026-09-14T23:56:43+00:00,^IXIC,Nasdaq Composite,equity,PCT,fred,26333.04,26081.72,0.964,-0.944,-0.961,1.716,12.6,2026-09-11,1
2026-09-14T23:56:43+00:00,^RUT,Russell 2000,equity,USD,carry,3007.096,3017.89,,,,,,,1
2026-09-14T23:56:43+00:00,^VIX,VIX (volatilita),vol,PCT,fred,15.84,17.84,-11.211,9.016,8.271,-14.1,94.12,2026-09-11,1
2026-09-14T23:56:43+00:00,FTSEMIB.MI,FTSE MIB,equity,EUR,carry,52732.33,53018.0,,,,,,,1
2026-09-14T23:56:43+00:00,^FTSE,FTSE 100 UK,equity,GBP,carry,10886.34,10728.0,,,,,,,1
2026-09-14T23:56:43+00:00,^GDAXI,DAX Germania,equity,EUR,carry,26293.18,26128.36,,,,,,,1
2026-09-14T23:56:43+00:00,^FCHI,CAC 40 Francia,equity,EUR,carry,8452.28,8501.91,,,,,,,1
2026-09-14T23:56:43+00:00,^STOXX50E,Euro Stoxx 50,equity,,carry,6461.45,6444.46,,,,,,,1
2026-09-14T23:56:43+00:00,^N225,Nikkei 225,equity,JPY,carry,65856.43,65326.42,,,,,,,1
2026-09-14T23:56:43+00:00,^HSI,Hang Seng,equity,HKD,carry,25511.1,25471.15,,,,,,,1
2026-09-14T23:56:43+00:00,000001.SS,Shanghai Composite,equity,CNY,carry,3889.445,3894.422,,,,,,,1
2026-09-14T23:56:43+00:00,^BVSP,Bovespa Brasile,equity,BRL,carry,172458.62,166335.0,,,,,,,1
2026-09-14T23:56:43+00:00,BTC-USD,Bitcoin,crypto,USD,coingecko,78174.01945196647,77261.627221,1.181,-0.139,-1.013,20.298,28.02,2026-09-14,0
2026-09-14T23:56:43+00:00,ETH-USD,Ethereum,crypto,USD,coingecko,2516.1300038991917,2525.267262,-0.362,1.97,1.38,33.107,31.96,2026-09-14,0
2026-09-14T23:56:43+00:00,SOL-USD,Solana,crypto,USD,coingecko,102.53371096096235,101.752393,0.768,0.951,3.709,31.777,51.98,2026-09-14,0
2026-09-14T23:56:43+00:00,GC=F,Oro (spot),commodity,USD,carry,4693.0,4516.3,,,,,,,1
2026-09-14T23:56:43+00:00,SI=F,Argento (spot),commodity,USD,carry,68.29,68.026,,,,,,,1
2026-09-14T23:56:43+00:00,CL=F,Petrolio WTI,commodity,PCT,fred,97.26,94.21,3.237,6.318,16.117,3.822,33.06,2026-09-09,1
2026-09-14T23:56:43+00:00,BZ=F,Petrolio Brent,commodity,PCT,fred,109.51,106.12,3.194,12.214,18.083,23.545,44.55,2026-09-09,1
2026-09-14T23:56:43+00:00,NG=F,Gas naturale,commodity,PCT,fred,2.81,2.9,-3.103,-3.103,3.309,-14.067,39.58,2026-09-09,1
2026-09-14T23:56:43+00:00,HG=F,Rame,commodity,USD,carry,6.668,6.46,,,,,,,1
2026-09-14T23:56:43+00:00,EURUSD=X,EUR/USD,fx,USD,ecb,1.1551,1.1592,-0.354,-0.611,-0.138,0.785,4.19,2026-09-14,0
2026-09-14T23:56:43+00:00,GBPUSD=X,GBP/USD,fx,PCT,fred,1.3524,1.3532,-0.059,-0.089,0.096,0.82,3.53,2026-09-11,1
2026-09-14T23:56:43+00:00,JPY=X,USD/JPY,fx,PCT,fred,153.71,154.06,-0.227,-1.081,-3.467,-4.075,9.98,2026-09-11,1
2026-09-14T23:56:43+00:00,DX-Y.NYB,Indice dollaro DXY,fx,USD,carry,98.962,98.9,,,,,,,1
2026-09-14T23:56:43+00:00,DTWEXBGS,Indice dollaro Fed (broad),fx,PCT,fred,118.2126,118.0787,0.113,0.072,-0.76,-1.083,3.25,2026-09-11,1
2026-09-14T23:56:43+00:00,^FVX,US 5Y Treasury Yield,rate,PCT,fred,4.78,4.75,0.632,5.752,9.132,13.539,15.62,2026-09-11,1
2026-09-14T23:56:43+00:00,^TNX,US 10Y Treasury Yield,rate,PCT,fred,4.96,4.95,0.202,3.983,5.983,10.714,14.16,2026-09-11,1
2026-09-14T23:56:43+00:00,^TYX,US 30Y Treasury Yield,rate,PCT,fred,5.35,5.37,-0.372,1.905,2.099,7.646,12.77,2026-09-11,1
2026-09-15T11:16:54+00:00,^GSPC,S&P 500,equity,PCT,fred,7619.98,7656.98,-0.483,-1.278,-2.295,0.87,9.1,2026-09-14,1
2026-09-15T11:16:54+00:00,^DJI,Dow Jones,equity,PCT,fred,52421.2,52573.29,-0.289,-1.859,-2.635,1.452,11.19,2026-09-14,1
2026-09-15T11:16:54+00:00,^IXIC,Nasdaq Composite,equity,PCT,fred,26186.41,26333.04,-0.557,-1.209,-2.301,-1.865,12.7,2026-09-14,1
2026-09-15T11:16:54+00:00,^RUT,Russell 2000,equity,USD,carry,3007.096,3017.89,,,,,,,1
2026-09-15T11:16:54+00:00,^VIX,VIX (volatilita),vol,PCT,fred,15.84,17.84,-11.211,9.016,8.271,-14.1,94.12,2026-09-11,1
2026-09-15T11:16:54+00:00,FTSEMIB.MI,FTSE MIB,equity,EUR,carry,52732.33,53018.0,,,,,,,1
2026-09-15T11:16:54+00:00,^FTSE,FTSE 100 UK,equity,GBP,carry,10886.34,10728.0,,,,,,,1
2026-09-15T11:16:54+00:00,^GDAXI,DAX Germania,equity,EUR,carry,26293.18,26128.36,,,,,,,1
2026-09-15T11:16:54+00:00,^FCHI,CAC 40 Francia,equity,EUR,carry,8452.28,8501.91,,,,,,,1
2026-09-15T11:16:54+00:00,^STOXX50E,Euro Stoxx 50,equity,,carry,6461.45,6444.46,,,,,,,1
2026-09-15T11:16:54+00:00,^N225,Nikkei 225,equity,JPY,carry,65856.43,65326.42,,,,,,,1
2026-09-15T11:16:54+00:00,^HSI,Hang Seng,equity,HKD,carry,25511.1,25471.15,,,,,,,1
2026-09-15T11:16:54+00:00,000001.SS,Shanghai Composite,equity,CNY,carry,3889.445,3894.422,,,,,,,1
2026-09-15T11:16:54+00:00,^BVSP,Bovespa Brasile,equity,BRL,carry,172458.62,166335.0,,,,,,,1
2026-09-15T11:16:54+00:00,BTC-USD,Bitcoin,crypto,USD,coingecko,77008.20194770131,76819.044967,0.246,0.592,-1.914,18.992,28.38,2026-09-15,0
2026-09-15T11:16:54+00:00,ETH-USD,Ethereum,crypto,USD,coingecko,2482.261404656891,2476.682526,0.225,1.836,1.648,29.503,30.92,2026-09-15,0
2026-09-15T11:16:54+00:00,SOL-USD,Solana,crypto,USD,coingecko,100.83359064765595,99.326005,1.518,2.233,4.408,30.548,48.4,2026-09-15,0
2026-09-15T11:16:54+00:00,GC=F,Oro (spot),commodity,USD,carry,4693.0,4516.3,,,,,,,1
2026-09-15T11:16:54+00:00,SI=F,Argento (spot),commodity,USD,carry,68.29,68.026,,,,,,,1
2026-09-15T11:16:54+00:00,CL=F,Petrolio WTI,commodity,PCT,fred,97.26,94.21,3.237,6.318,16.117,3.822,33.06,2026-09-09,1
2026-09-15T11:16:54+00:00,BZ=F,Petrolio Brent,commodity,PCT,fred,109.51,106.12,3.194,12.214,18.083,23.545,44.55,2026-09-09,1
2026-09-15T11:16:54+00:00,NG=F,Gas naturale,commodity,PCT,fred,2.81,2.9,-3.103,-3.103,3.309,-14.067,39.58,2026-09-09,1
2026-09-15T11:16:54+00:00,HG=F,Rame,commodity,USD,carry,6.668,6.46,,,,,,,1
2026-09-15T11:16:54+00:00,EURUSD=X,EUR/USD,fx,USD,ecb,1.1551,1.1592,-0.354,-0.611,-0.138,0.785,4.19,2026-09-14,1
2026-09-15T11:16:54+00:00,GBPUSD=X,GBP/USD,fx,PCT,fred,1.3524,1.3532,-0.059,-0.089,0.096,0.82,3.53,2026-09-11,1
2026-09-15T11:16:54+00:00,JPY=X,USD/JPY,fx,PCT,fred,153.71,154.06,-0.227,-1.081,-3.467,-4.075,9.98,2026-09-11,1
2026-09-15T11:16:54+00:00,DX-Y.NYB,Indice dollaro DXY,fx,USD,carry,98.962,98.9,,,,,,,1
2026-09-15T11:16:54+00:00,DTWEXBGS,Indice dollaro Fed (broad),fx,PCT,fred,118.2126,118.0787,0.113,0.072,-0.76,-1.083,3.25,2026-09-11,1
2026-09-15T11:16:54+00:00,^FVX,US 5Y Treasury Yield,rate,PCT,fred,4.78,4.75,0.632,5.752,9.132,13.539,15.62,2026-09-11,1
2026-09-15T11:16:54+00:00,^TNX,US 10Y Treasury Yield,rate,PCT,fred,4.96,4.95,0.202,3.983,5.983,10.714,14.16,2026-09-11,1
2026-09-15T11:16:54+00:00,^TYX,US 30Y Treasury Yield,rate,PCT,fred,5.35,5.37,-0.372,1.905,2.099,7.646,12.77,2026-09-11,1
2026-09-15T16:27:52+00:00,^GSPC,S&P 500,equity,PCT,fred,7619.98,7656.98,-0.483,-1.278,-2.295,0.87,9.1,2026-09-14,1
2026-09-15T16:27:52+00:00,^DJI,Dow Jones,equity,PCT,fred,52421.2,52573.29,-0.289,-1.859,-2.635,1.452,11.19,2026-09-14,1
2026-09-15T16:27:52+00:00,^IXIC,Nasdaq Composite,equity,PCT,fred,26186.41,26333.04,-0.557,-1.209,-2.301,-1.865,12.7,2026-09-14,1
2026-09-15T16:27:52+00:00,^RUT,Russell 2000,equity,USD,carry,3007.096,3017.89,,,,,,,1
2026-09-15T16:27:52+00:00,^VIX,VIX (volatilita),vol,PCT,fred,17.1,15.84,7.955,11.765,20.0,4.268,95.37,2026-09-14,1
2026-09-15T16:27:52+00:00,FTSEMIB.MI,FTSE MIB,equity,EUR,carry,52732.33,53018.0,,,,,,,1
2026-09-15T16:27:52+00:00,^FTSE,FTSE 100 UK,equity,GBP,carry,10886.34,10728.0,,,,,,,1
2026-09-15T16:27:52+00:00,^GDAXI,DAX Germania,equity,EUR,carry,26293.18,26128.36,,,,,,,1
2026-09-15T16:27:52+00:00,^FCHI,CAC 40 Francia,equity,EUR,carry,8452.28,8501.91,,,,,,,1
2026-09-15T16:27:52+00:00,^STOXX50E,Euro Stoxx 50,equity,,carry,6461.45,6444.46,,,,,,,1
2026-09-15T16:27:52+00:00,^N225,Nikkei 225,equity,JPY,carry,65856.43,65326.42,,,,,,,1
2026-09-15T16:27:52+00:00,^HSI,Hang Seng,equity,HKD,carry,25511.1,25471.15,,,,,,,1
2026-09-15T16:27:52+00:00,000001.SS,Shanghai Composite,equity,CNY,carry,3889.445,3894.422,,,,,,,1
2026-09-15T16:27:52+00:00,^BVSP,Bovespa Brasile,equity,BRL,carry,172458.62,166335.0,,,,,,,1
2026-09-15T16:27:52+00:00,BTC-USD,Bitcoin,crypto,USD,coingecko,76401.55109202368,76819.044967,-0.543,-0.2,-2.687,18.055,29.01,2026-09-15,0
2026-09-15T16:27:52+00:00,ETH-USD,Ethereum,crypto,USD,coingecko,2420.9595796679037,2476.682526,-2.25,-0.679,-0.862,26.305,33.36,2026-09-15,0
2026-09-15T16:27:52+00:00,SOL-USD,Solana,crypto,USD,coingecko,99.2010307765956,99.326005,-0.126,0.578,2.718,28.434,49.43,2026-09-15,0
2026-09-15T16:27:52+00:00,GC=F,Oro (spot),commodity,USD,carry,4693.0,4516.3,,,,,,,1
2026-09-15T16:27:52+00:00,SI=F,Argento (spot),commodity,USD,carry,68.29,68.026,,,,,,,1
2026-09-15T16:27:52+00:00,CL=F,Petrolio WTI,commodity,PCT,fred,97.26,94.21,3.237,6.318,16.117,3.822,33.06,2026-09-09,1
2026-09-15T16:27:52+00:00,BZ=F,Petrolio Brent,commodity,PCT,fred,109.51,106.12,3.194,12.214,18.083,23.545,44.55,2026-09-09,1
2026-09-15T16:27:52+00:00,NG=F,Gas naturale,commodity,PCT,fred,2.81,2.9,-3.103,-3.103,3.309,-14.067,39.58,2026-09-09,1
2026-09-15T16:27:52+00:00,HG=F,Rame,commodity,USD,carry,6.668,6.46,,,,,,,1
2026-09-15T16:27:52+00:00,EURUSD=X,EUR/USD,fx,USD,ecb,1.1539,1.1551,-0.104,-0.646,-0.466,0.628,4.18,2026-09-15,0
2026-09-15T16:27:52+00:00,GBPUSD=X,GBP/USD,fx,PCT,fred,1.3524,1.3532,-0.059,-0.089,0.096,0.82,3.53,2026-09-11,1
2026-09-15T16:27:52+00:00,JPY=X,USD/JPY,fx,PCT,fred,153.71,154.06,-0.227,-1.081,-3.467,-4.075,9.98,2026-09-11,1
2026-09-15T16:27:52+00:00,DX-Y.NYB,Indice dollaro DXY,fx,USD,carry,98.962,98.9,,,,,,,1
2026-09-15T16:27:52+00:00,DTWEXBGS,Indice dollaro Fed (broad),fx,PCT,fred,118.2126,118.0787,0.113,0.072,-0.76,-1.083,3.25,2026-09-11,1
2026-09-15T16:27:52+00:00,^FVX,US 5Y Treasury Yield,rate,PCT,fred,4.78,4.75,0.632,5.752,9.132,13.539,15.62,2026-09-11,1
2026-09-15T16:27:52+00:00,^TNX,US 10Y Treasury Yield,rate,PCT,fred,4.96,4.95,0.202,3.983,5.983,10.714,14.16,2026-09-11,1
2026-09-15T16:27:52+00:00,^TYX,US 30Y Treasury Yield,rate,PCT,fred,5.35,5.37,-0.372,1.905,2.099,7.646,12.77,2026-09-11,1
2026-09-15T23:35:41+00:00,^GSPC,S&P 500,equity,PCT,fred,7619.98,7656.98,-0.483,-1.278,-2.295,0.87,9.1,2026-09-14,1
2026-09-15T23:35:41+00:00,^DJI,Dow Jones,equity,PCT,fred,52093.11,52421.2,-0.626,-1.313,-3.051,0.18,11.25,2026-09-15,0
2026-09-15T23:35:41+00:00,^IXIC,Nasdaq Composite,equity,PCT,fred,26186.41,26333.04,-0.557,-1.209,-2.301,-1.865,12.7,2026-09-14,1
2026-09-15T23:35:41+00:00,^RUT,Russell 2000,equity,USD,carry,3007.096,3017.89,,,,,,,1
2026-09-15T23:35:41+00:00,^VIX,VIX (volatilita),vol,PCT,fred,17.1,15.84,7.955,11.765,20.0,4.268,95.37,2026-09-14,1
2026-09-15T23:35:41+00:00,FTSEMIB.MI,FTSE MIB,equity,EUR,carry,52732.33,53018.0,,,,,,,1
2026-09-15T23:35:41+00:00,^FTSE,FTSE 100 UK,equity,GBP,carry,10886.34,10728.0,,,,,,,1
2026-09-15T23:35:41+00:00,^GDAXI,DAX Germania,equity,EUR,carry,26293.18,26128.36,,,,,,,1
2026-09-15T23:35:41+00:00,^FCHI,CAC 40 Francia,equity,EUR,carry,8452.28,8501.91,,,,,,,1
2026-09-15T23:35:41+00:00,^STOXX50E,Euro Stoxx 50,equity,,carry,6461.45,6444.46,,,,,,,1
2026-09-15T23:35:41+00:00,^N225,Nikkei 225,equity,JPY,carry,65856.43,65326.42,,,,,,,1
2026-09-15T23:35:41+00:00,^HSI,Hang Seng,equity,HKD,carry,25511.1,25471.15,,,,,,,1
2026-09-15T23:35:41+00:00,000001.SS,Shanghai Composite,equity,CNY,carry,3889.445,3894.422,,,,,,,1
2026-09-15T23:35:41+00:00,^BVSP,Bovespa Brasile,equity,BRL,carry,172458.62,166335.0,,,,,,,1
2026-09-15T23:35:41+00:00,BTC-USD,Bitcoin,crypto,USD,coingecko,75631.9996574525,76819.044967,-1.545,-1.206,-3.667,16.865,30.15,2026-09-15,0
2026-09-15T23:35:41+00:00,ETH-USD,Ethereum,crypto,USD,coingecko,2401.6432817829896,2476.682526,-3.03,-1.472,-1.653,25.297,34.54,2026-09-15,0
2026-09-15T23:35:41+00:00,SOL-USD,Solana,crypto,USD,coingecko,97.21638575596926,99.326005,-2.124,-1.435,0.663,25.865,51.49,2026-09-15,0
2026-09-15T23:35:41+00:00,GC=F,Oro (spot),commodity,USD,carry,4693.0,4516.3,,,,,,,1
2026-09-15T23:35:41+00:00,SI=F,Argento (spot),commodity,USD,carry,68.29,68.026,,,,,,,1
2026-09-15T23:35:41+00:00,CL=F,Petrolio WTI,commodity,PCT,fred,97.26,94.21,3.237,6.318,16.117,3.822,33.06,2026-09-09,1
2026-09-15T23:35:41+00:00,BZ=F,Petrolio Brent,commodity,PCT,fred,109.51,106.12,3.194,12.214,18.083,23.545,44.55,2026-09-09,1
2026-09-15T23:35:41+00:00,NG=F,Gas naturale,commodity,PCT,fred,2.81,2.9,-3.103,-3.103,3.309,-14.067,39.58,2026-09-09,1
2026-09-15T23:35:41+00:00,HG=F,Rame,commodity,USD,carry,6.668,6.46,,,,,,,1
2026-09-15T23:35:41+00:00,EURUSD=X,EUR/USD,fx,USD,ecb,1.1539,1.1551,-0.104,-0.646,-0.466,0.628,4.18,2026-09-15,0
2026-09-15T23:35:41+00:00,GBPUSD=X,GBP/USD,fx,PCT,fred,1.3524,1.3532,-0.059,-0.089,0.096,0.82,3.53,2026-09-11,1
2026-09-15T23:35:41+00:00,JPY=X,USD/JPY,fx,PCT,fred,153.71,154.06,-0.227,-1.081,-3.467,-4.075,9.98,2026-09-11,1
2026-09-15T23:35:41+00:00,DX-Y.NYB,Indice dollaro DXY,fx,USD,carry,98.962,98.9,,,,,,,1
2026-09-15T23:35:41+00:00,DTWEXBGS,Indice dollaro Fed (broad),fx,PCT,fred,118.2126,118.0787,0.113,0.072,-0.76,-1.083,3.25,2026-09-11,1
2026-09-15T23:35:41+00:00,^FVX,US 5Y Treasury Yield,rate,PCT,fred,4.8,4.78,0.418,5.727,11.111,14.833,15.55,2026-09-14,1
2026-09-15T23:35:41+00:00,^TNX,US 10Y Treasury Yield,rate,PCT,fred,4.97,4.96,0.202,3.975,7.343,11.186,13.9,2026-09-14,1
2026-09-15T23:35:41+00:00,^TYX,US 30Y Treasury Yield,rate,PCT,fred,5.34,5.35,-0.187,1.908,2.495,7.445,12.59,2026-09-14,1
2026-09-16T10:58:51+00:00,^GSPC,S&P 500,equity,PCT,fred,7585.73,7619.98,-0.449,-1.144,-2.569,0.99,9.06,2026-09-15,1
2026-09-16T10:58:51+00:00,^DJI,Dow Jones,equity,PCT,fred,52093.11,52421.2,-0.626,-1.313,-3.051,0.18,11.25,2026-09-15,1
2026-09-16T10:58:51+00:00,^IXIC,Nasdaq Composite,equity,PCT,fred,25981.57,26186.41,-0.782,-1.665,-2.797,-1.497,12.91,2026-09-15,1
2026-09-16T10:58:51+00:00,^RUT,Russell 2000,equity,USD,carry,3007.096,3017.89,,,,,,,1
2026-09-16T10:58:51+00:00,^VIX,VIX (volatilita),vol,PCT,fred,17.1,15.84,7.955,11.765,20.0,4.268,95.37,2026-09-14,1
2026-09-16T10:58:51+00:00,FTSEMIB.MI,FTSE MIB,equity,EUR,carry,52732.33,53018.0,,,,,,,1
2026-09-16T10:58:51+00:00,^FTSE,FTSE 100 UK,equity,GBP,carry,10886.34,10728.0,,,,,,,1
2026-09-16T10:58:51+00:00,^GDAXI,DAX Germania,equity,EUR,carry,26293.18,26128.36,,,,,,,1
2026-09-16T10:58:51+00:00,^FCHI,CAC 40 Francia,equity,EUR,carry,8452.28,8501.91,,,,,,,1
2026-09-16T10:58:51+00:00,^STOXX50E,Euro Stoxx 50,equity,,carry,6461.45,6444.46,,,,,,,1
2026-09-16T10:58:51+00:00,^N225,Nikkei 225,equity,JPY,carry,65856.43,65326.42,,,,,,,1
2026-09-16T10:58:51+00:00,^HSI,Hang Seng,equity,HKD,carry,25511.1,25471.15,,,,,,,1
2026-09-16T10:58:51+00:00,000001.SS,Shanghai Composite,equity,CNY,carry,3889.445,3894.422,,,,,,,1
2026-09-16T10:58:51+00:00,^BVSP,Bovespa Brasile,equity,BRL,carry,172458.62,166335.0,,,,,,,1
2026-09-16T10:58:51+00:00,BTC-USD,Bitcoin,crypto,USD,coingecko,75854.53581986109,78173.351583,-2.966,-1.747,-4.004,18.909,29.56,2026-09-16,0
2026-09-16T10:58:51+00:00,ETH-USD,Ethereum,crypto,USD,coingecko,2401.3595795634315,2514.75955,-4.509,-4.513,-4.189,28.897,34.81,2026-09-16,0
2026-09-16T10:58:51+00:00,SOL-USD,Solana,crypto,USD,coingecko,97.112108969815,102.513653,-5.269,-5.159,-4.838,29.02,44.53,2026-09-16,0
2026-09-16T10:58:51+00:00,GC=F,Oro (spot),commodity,USD,carry,4693.0,4516.3,,,,,,,1
2026-09-16T10:58:51+00:00,SI=F,Argento (spot),commodity,USD,carry,68.29,68.026,,,,,,,1
2026-09-16T10:58:51+00:00,CL=F,Petrolio WTI,commodity,PCT,fred,97.26,94.21,3.237,6.318,16.117,3.822,33.06,2026-09-09,1
2026-09-16T10:58:51+00:00,BZ=F,Petrolio Brent,commodity,PCT,fred,109.51,106.12,3.194,12.214,18.083,23.545,44.55,2026-09-09,1
2026-09-16T10:58:51+00:00,NG=F,Gas naturale,commodity,PCT,fred,2.81,2.9,-3.103,-3.103,3.309,-14.067,39.58,2026-09-09,1
2026-09-16T10:58:51+00:00,HG=F,Rame,commodity,USD,carry,6.668,6.46,,,,,,,1
2026-09-16T10:58:51+00:00,EURUSD=X,EUR/USD,fx,USD,ecb,1.1539,1.1551,-0.104,-0.646,-0.466,0.628,4.18,2026-09-15,1
2026-09-16T10:58:51+00:00,GBPUSD=X,GBP/USD,fx,PCT,fred,1.3524,1.3532,-0.059,-0.089,0.096,0.82,3.53,2026-09-11,1
2026-09-16T10:58:51+00:00,JPY=X,USD/JPY,fx,PCT,fred,153.71,154.06,-0.227,-1.081,-3.467,-4.075,9.98,2026-09-11,1
2026-09-16T10:58:51+00:00,DX-Y.NYB,Indice dollaro DXY,fx,USD,carry,98.962,98.9,,,,,,,1
2026-09-16T10:58:51+00:00,DTWEXBGS,Indice dollaro Fed (broad),fx,PCT,fred,118.2126,118.0787,0.113,0.072,-0.76,-1.083,3.25,2026-09-11,1
2026-09-16T10:58:51+00:00,^FVX,US 5Y Treasury Yield,rate,PCT,fred,4.8,4.78,0.418,5.727,11.111,14.833,15.55,2026-09-14,1
2026-09-16T10:58:51+00:00,^TNX,US 10Y Treasury Yield,rate,PCT,fred,4.97,4.96,0.202,3.975,7.343,11.186,13.9,2026-09-14,1
2026-09-16T10:58:51+00:00,^TYX,US 30Y Treasury Yield,rate,PCT,fred,5.34,5.35,-0.187,1.908,2.495,7.445,12.59,2026-09-14,1
2026-09-16T16:18:52+00:00,^GSPC,S&P 500,equity,PCT,fred,7585.73,7619.98,-0.449,-1.144,-2.569,0.99,9.06,2026-09-15,1
2026-09-16T16:18:52+00:00,^DJI,Dow Jones,equity,PCT,fred,52093.11,52421.2,-0.626,-1.313,-3.051,0.18,11.25,2026-09-15,1
2026-09-16T16:18:52+00:00,^IXIC,Nasdaq Composite,equity,PCT,fred,25981.57,26186.41,-0.782,-1.665,-2.797,-1.497,12.91,2026-09-15,1
2026-09-16T16:18:52+00:00,^RUT,Russell 2000,equity,USD,carry,3007.096,3017.89,,,,,,,1
2026-09-16T16:18:52+00:00,^VIX,VIX (volatilita),vol,PCT,fred,17.2,17.1,0.585,9.415,13.232,2.503,94.46,2026-09-15,1
2026-09-16T16:18:52+00:00,FTSEMIB.MI,FTSE MIB,equity,EUR,carry,52732.33,53018.0,,,,,,,1
2026-09-16T16:18:52+00:00,^FTSE,FTSE 100 UK,equity,GBP,carry,10886.34,10728.0,,,,,,,1
2026-09-16T16:18:52+00:00,^GDAXI,DAX Germania,equity,EUR,carry,26293.18,26128.36,,,,,,,1
2026-09-16T16:18:52+00:00,^FCHI,CAC 40 Francia,equity,EUR,carry,8452.28,8501.91,,,,,,,1
2026-09-16T16:18:52+00:00,^STOXX50E,Euro Stoxx 50,equity,,carry,6461.45,6444.46,,,,,,,1
2026-09-16T16:18:52+00:00,^N225,Nikkei 225,equity,JPY,carry,65856.43,65326.42,,,,,,,1
2026-09-16T16:18:52+00:00,^HSI,Hang Seng,equity,HKD,carry,25511.1,25471.15,,,,,,,1
2026-09-16T16:18:52+00:00,000001.SS,Shanghai Composite,equity,CNY,carry,3889.445,3894.422,,,,,,,1
2026-09-16T16:18:52+00:00,^BVSP,Bovespa Brasile,equity,BRL,carry,172458.62,166335.0,,,,,,,1
2026-09-16T16:18:52+00:00,BTC-USD,Bitcoin,crypto,USD,coingecko,75748.75071384583,78173.351583,-3.102,-1.884,-4.137,18.743,29.53,2026-09-16,0
2026-09-16T16:18:52+00:00,ETH-USD,Ethereum,crypto,USD,coingecko,2393.208131765438,2514.75955,-4.834,-4.837,-4.514,28.459,34.79,2026-09-16,0
2026-09-16T16:18:52+00:00,SOL-USD,Solana,crypto,USD,coingecko,97.22071403589278,102.513653,-5.163,-5.053,-4.731,29.164,44.56,2026-09-16,0
2026-09-16T16:18:52+00:00,GC=F,Oro (spot),commodity,USD,carry,4693.0,4516.3,,,,,,,1
2026-09-16T16:18:52+00:00,SI=F,Argento (spot),commodity,USD,carry,68.29,68.026,,,,,,,1
2026-09-16T16:18:52+00:00,CL=F,Petrolio WTI,commodity,PCT,fred,97.26,94.21,3.237,6.318,16.117,3.822,33.06,2026-09-09,1
2026-09-16T16:18:52+00:00,BZ=F,Petrolio Brent,commodity,PCT,fred,109.51,106.12,3.194,12.214,18.083,23.545,44.55,2026-09-09,1
2026-09-16T16:18:52+00:00,NG=F,Gas naturale,commodity,PCT,fred,2.81,2.9,-3.103,-3.103,3.309,-14.067,39.58,2026-09-09,1
2026-09-16T16:18:52+00:00,HG=F,Rame,commodity,USD,carry,6.668,6.46,,,,,,,1
2026-09-16T16:18:52+00:00,EURUSD=X,EUR/USD,fx,USD,ecb,1.1537,1.1539,-0.017,-0.987,-0.337,0.707,4.06,2026-09-16,0
2026-09-16T16:18:52+00:00,GBPUSD=X,GBP/USD,fx,PCT,fred,1.3524,1.3532,-0.059,-0.089,0.096,0.82,3.53,2026-09-11,1
2026-09-16T16:18:52+00:00,JPY=X,USD/JPY,fx,PCT,fred,153.71,154.06,-0.227,-1.081,-3.467,-4.075,9.98,2026-09-11,1
2026-09-16T16:18:52+00:00,DX-Y.NYB,Indice dollaro DXY,fx,USD,carry,98.962,98.9,,,,,,,1
2026-09-16T16:18:52+00:00,DTWEXBGS,Indice dollaro Fed (broad),fx,PCT,fred,118.2126,118.0787,0.113,0.072,-0.76,-1.083,3.25,2026-09-11,1
2026-09-16T16:18:52+00:00,^FVX,US 5Y Treasury Yield,rate,PCT,fred,4.8,4.78,0.418,5.727,11.111,14.833,15.55,2026-09-14,1
2026-09-16T16:18:52+00:00,^TNX,US 10Y Treasury Yield,rate,PCT,fred,4.97,4.96,0.202,3.975,7.343,11.186,13.9,2026-09-14,1
2026-09-16T16:18:52+00:00,^TYX,US 30Y Treasury Yield,rate,PCT,fred,5.34,5.35,-0.187,1.908,2.495,7.445,12.59,2026-09-14,1
2026-09-16T23:44:10+00:00,^GSPC,S&P 500,equity,PCT,fred,7585.73,7619.98,-0.449,-1.144,-2.569,0.99,9.06,2026-09-15,1
2026-09-16T23:44:10+00:00,^DJI,Dow Jones,equity,PCT,fred,51461.9,52093.11,-1.212,-1.754,-3.737,-0.06,11.89,2026-09-16,0
2026-09-16T23:44:10+00:00,^IXIC,Nasdaq Composite,equity,PCT,fred,25981.57,26186.41,-0.782,-1.665,-2.797,-1.497,12.91,2026-09-15,1
2026-09-16T23:44:10+00:00,^RUT,Russell 2000,equity,USD,carry,3007.096,3017.89,,,,,,,1
2026-09-16T23:44:10+00:00,^VIX,VIX (volatilita),vol,PCT,fred,17.2,17.1,0.585,9.415,13.232,2.503,94.46,2026-09-15,1
2026-09-16T23:44:10+00:00,FTSEMIB.MI,FTSE MIB,equity,EUR,carry,52732.33,53018.0,,,,,,,1
2026-09-16T23:44:10+00:00,^FTSE,FTSE 100 UK,equity,GBP,carry,10886.34,10728.0,,,,,,,1
2026-09-16T23:44:10+00:00,^GDAXI,DAX Germania,equity,EUR,carry,26293.18,26128.36,,,,,,,1
2026-09-16T23:44:10+00:00,^FCHI,CAC 40 Francia,equity,EUR,carry,8452.28,8501.91,,,,,,,1
2026-09-16T23:44:10+00:00,^STOXX50E,Euro Stoxx 50,equity,,carry,6461.45,6444.46,,,,,,,1
2026-09-16T23:44:10+00:00,^N225,Nikkei 225,equity,JPY,carry,65856.43,65326.42,,,,,,,1
2026-09-16T23:44:10+00:00,^HSI,Hang Seng,equity,HKD,carry,25511.1,25471.15,,,,,,,1
2026-09-16T23:44:10+00:00,000001.SS,Shanghai Composite,equity,CNY,carry,3889.445,3894.422,,,,,,,1
2026-09-16T23:44:10+00:00,^BVSP,Bovespa Brasile,equity,BRL,carry,172458.62,166335.0,,,,,,,1
2026-09-16T23:44:10+00:00,BTC-USD,Bitcoin,crypto,USD,coingecko,76109.3216518095,78173.351583,-2.64,-1.417,-3.681,19.308,29.68,2026-09-16,0
2026-09-16T23:44:10+00:00,ETH-USD,Ethereum,crypto,USD,coingecko,2416.4974361754103,2514.75955,-3.907,-3.911,-3.585,29.71,34.97,2026-09-16,0
2026-09-16T23:44:10+00:00,SOL-USD,Solana,crypto,USD,coingecko,98.60662977157756,102.513653,-3.811,-3.699,-3.373,31.005,45.23,2026-09-16,0
2026-09-16T23:44:10+00:00,GC=F,Oro (spot),commodity,USD,carry,4693.0,4516.3,,,,,,,1
2026-09-16T23:44:10+00:00,SI=F,Argento (spot),commodity,USD,carry,68.29,68.026,,,,,,,1
2026-09-16T23:44:10+00:00,CL=F,Petrolio WTI,commodity,PCT,fred,107.02,102.42,4.491,13.597,27.42,34.11,40.01,2026-09-15,1
2026-09-16T23:44:10+00:00,BZ=F,Petrolio Brent,commodity,PCT,fred,130.8,121.25,7.876,23.257,42.143,64.839,61.09,2026-09-15,1
2026-09-16T23:44:10+00:00,NG=F,Gas naturale,commodity,PCT,fred,2.97,2.85,4.211,2.414,6.452,-4.194,46.53,2026-09-15,1
2026-09-16T23:44:10+00:00,HG=F,Rame,commodity,USD,carry,6.668,6.46,,,,,,,1
2026-09-16T23:44:10+00:00,EURUSD=X,EUR/USD,fx,USD,ecb,1.1537,1.1539,-0.017,-0.987,-0.337,0.707,4.06,2026-09-16,0
2026-09-16T23:44:10+00:00,GBPUSD=X,GBP/USD,fx,PCT,fred,1.3524,1.3532,-0.059,-0.089,0.096,0.82,3.53,2026-09-11,1
2026-09-16T23:44:10+00:00,JPY=X,USD/JPY,fx,PCT,fred,153.71,154.06,-0.227,-1.081,-3.467,-4.075,9.98,2026-09-11,1
2026-09-16T23:44:10+00:00,DX-Y.NYB,Indice dollaro DXY,fx,USD,carry,98.962,98.9,,,,,,,1
2026-09-16T23:44:10+00:00,DTWEXBGS,Indice dollaro Fed (broad),fx,PCT,fred,118.2126,118.0787,0.113,0.072,-0.76,-1.083,3.25,2026-09-11,1
2026-09-16T23:44:10+00:00,^FVX,US 5Y Treasury Yield,rate,PCT,fred,4.83,4.8,0.625,5.689,10.78,16.106,15.55,2026-09-15,1
2026-09-16T23:44:10+00:00,^TNX,US 10Y Treasury Yield,rate,PCT,fred,5.0,4.97,0.604,4.167,6.838,12.867,13.8,2026-09-15,1
2026-09-16T23:44:10+00:00,^TYX,US 30Y Treasury Yield,rate,PCT,fred,5.36,5.34,0.375,2.095,2.095,8.722,12.02,2026-09-15,1
2026-09-17T11:09:42+00:00,^GSPC,S&P 500,equity,PCT,fred,7551.81,7585.73,-0.447,-1.107,-2.495,1.775,8.89,2026-09-16,1
2026-09-17T11:09:42+00:00,^DJI,Dow Jones,equity,PCT,fred,51461.9,52093.11,-1.212,-1.754,-3.737,-0.06,11.89,2026-09-16,1
2026-09-17T11:09:42+00:00,^IXIC,Nasdaq Composite,equity,PCT,fred,25978.42,25981.57,-0.012,-1.047,-2.501,-0.166,12.09,2026-09-16,1
2026-09-17T11:09:42+00:00,^RUT,Russell 2000,equity,USD,carry,3007.096,3017.89,,,,,,,1
2026-09-17T11:09:42+00:00,^VIX,VIX (volatilita),vol,PCT,fred,17.2,17.1,0.585,9.415,13.232,2.503,94.46,2026-09-15,1
2026-09-17T11:09:42+00:00,FTSEMIB.MI,FTSE MIB,equity,EUR,carry,52732.33,53018.0,,,,,,,1
2026-09-17T11:09:42+00:00,^FTSE,FTSE 100 UK,equity,GBP,carry,10886.34,10728.0,,,,,,,1
2026-09-17T11:09:42+00:00,^GDAXI,DAX Germania,equity,EUR,carry,26293.18,26128.36,,,,,,,1
2026-09-17T11:09:42+00:00,^FCHI,CAC 40 Francia,equity,EUR,carry,8452.28,8501.91,,,,,,,1
2026-09-17T11:09:42+00:00,^STOXX50E,Euro Stoxx 50,equity,,carry,6461.45,6444.46,,,,,,,1
2026-09-17T11:09:42+00:00,^N225,Nikkei 225,equity,JPY,carry,65856.43,65326.42,,,,,,,1
2026-09-17T11:09:42+00:00,^HSI,Hang Seng,equity,HKD,carry,25511.1,25471.15,,,,,,,1
2026-09-17T11:09:42+00:00,000001.SS,Shanghai Composite,equity,CNY,carry,3889.445,3894.422,,,,,,,1
2026-09-17T11:09:42+00:00,^BVSP,Bovespa Brasile,equity,BRL,carry,172458.62,166335.0,,,,,,,1
2026-09-17T11:09:42+00:00,BTC-USD,Bitcoin,crypto,USD,coingecko,76302.44866029166,75590.24472,0.942,-1.241,-4.941,19.4,27.82,2026-09-17,0
2026-09-17T11:09:42+00:00,ETH-USD,Ethereum,crypto,USD,coingecko,2433.1455937670726,2397.49726,1.487,-3.648,-3.118,32.181,33.71,2026-09-17,0
2026-09-17T11:09:42+00:00,SOL-USD,Solana,crypto,USD,coingecko,99.89935924618142,96.873485,3.124,-1.821,-8.498,33.196,42.81,2026-09-17,0
2026-09-17T11:09:42+00:00,GC=F,Oro (spot),commodity,USD,carry,4693.0,4516.3,,,,,,,1
2026-09-17T11:09:42+00:00,SI=F,Argento (spot),commodity,USD,carry,68.29,68.026,,,,,,,1
2026-09-17T11:09:42+00:00,CL=F,Petrolio WTI,commodity,PCT,fred,107.02,102.42,4.491,13.597,27.42,34.11,40.01,2026-09-15,1
2026-09-17T11:09:42+00:00,BZ=F,Petrolio Brent,commodity,PCT,fred,130.8,121.25,7.876,23.257,42.143,64.839,61.09,2026-09-15,1
2026-09-17T11:09:42+00:00,NG=F,Gas naturale,commodity,PCT,fred,2.97,2.85,4.211,2.414,6.452,-4.194,46.53,2026-09-15,1
2026-09-17T11:09:42+00:00,HG=F,Rame,commodity,USD,carry,6.668,6.46,,,,,,,1
2026-09-17T11:09:42+00:00,EURUSD=X,EUR/USD,fx,USD,ecb,1.1537,1.1539,-0.017,-0.987,-0.337,0.707,4.06,2026-09-16,1
2026-09-17T11:09:42+00:00,GBPUSD=X,GBP/USD,fx,PCT,fred,1.3524,1.3532,-0.059,-0.089,0.096,0.82,3.53,2026-09-11,1
2026-09-17T11:09:42+00:00,JPY=X,USD/JPY,fx,PCT,fred,153.71,154.06,-0.227,-1.081,-3.467,-4.075,9.98,2026-09-11,1
2026-09-17T11:09:42+00:00,DX-Y.NYB,Indice dollaro DXY,fx,USD,carry,98.962,98.9,,,,,,,1
2026-09-17T11:09:42+00:00,DTWEXBGS,Indice dollaro Fed (broad),fx,PCT,fred,118.2126,118.0787,0.113,0.072,-0.76,-1.083,3.25,2026-09-11,1
2026-09-17T11:09:42+00:00,^FVX,US 5Y Treasury Yield,rate,PCT,fred,4.83,4.8,0.625,5.689,10.78,16.106,15.55,2026-09-15,1
2026-09-17T11:09:42+00:00,^TNX,US 10Y Treasury Yield,rate,PCT,fred,5.0,4.97,0.604,4.167,6.838,12.867,13.8,2026-09-15,1
2026-09-17T11:09:42+00:00,^TYX,US 30Y Treasury Yield,rate,PCT,fred,5.36,5.34,0.375,2.095,2.095,8.722,12.02,2026-09-15,1
2026-09-17T16:26:35+00:00,^GSPC,S&P 500,equity,PCT,fred,7551.81,7585.73,-0.447,-1.107,-2.495,1.775,8.89,2026-09-16,1
2026-09-17T16:26:35+00:00,^DJI,Dow Jones,equity,PCT,fred,51461.9,52093.11,-1.212,-1.754,-3.737,-0.06,11.89,2026-09-16,1
2026-09-17T16:26:35+00:00,^IXIC,Nasdaq Composite,equity,PCT,fred,25978.42,25981.57,-0.012,-1.047,-2.501,-0.166,12.09,2026-09-16,1
2026-09-17T16:26:35+00:00,^RUT,Russell 2000,equity,USD,carry,3007.096,3017.89,,,,,,,1
2026-09-17T16:26:35+00:00,^VIX,VIX (volatilita),vol,PCT,fred,17.71,17.2,2.965,7.594,11.806,2.488,91.49,2026-09-16,1
2026-09-17T16:26:35+00:00,FTSEMIB.MI,FTSE MIB,equity,EUR,carry,52732.33,53018.0,,,,,,,1
2026-09-17T16:26:35+00:00,^FTSE,FTSE 100 UK,equity,GBP,carry,10886.34,10728.0,,,,,,,1
2026-09-17T16:26:35+00:00,^GDAXI,DAX Germania,equity,EUR,carry,26293.18,26128.36,,,,,,,1
2026-09-17T16:26:35+00:00,^FCHI,CAC 40 Francia,equity,EUR,carry,8452.28,8501.91,,,,,,,1
2026-09-17T16:26:35+00:00,^STOXX50E,Euro Stoxx 50,equity,,carry,6461.45,6444.46,,,,,,,1
2026-09-17T16:26:35+00:00,^N225,Nikkei 225,equity,JPY,carry,65856.43,65326.42,,,,,,,1
2026-09-17T16:26:35+00:00,^HSI,Hang Seng,equity,HKD,carry,25511.1,25471.15,,,,,,,1
2026-09-17T16:26:35+00:00,000001.SS,Shanghai Composite,equity,CNY,carry,3889.445,3894.422,,,,,,,1
2026-09-17T16:26:35+00:00,^BVSP,Bovespa Brasile,equity,BRL,carry,172458.62,166335.0,,,,,,,1
2026-09-17T16:26:35+00:00,BTC-USD,Bitcoin,crypto,USD,coingecko,76716.68729286773,75590.24472,1.49,-0.705,-4.425,20.048,27.96,2026-09-17,0
2026-09-17T16:26:35+00:00,ETH-USD,Ethereum,crypto,USD,coingecko,2469.126438332577,2397.49726,2.988,-2.223,-1.686,34.136,34.53,2026-09-17,0
2026-09-17T16:26:35+00:00,SOL-USD,Solana,crypto,USD,coingecko,101.22633280976696,96.873485,4.493,-0.517,-7.283,34.965,43.72,2026-09-17,0
2026-09-17T16:26:35+00:00,GC=F,Oro (spot),commodity,USD,carry,4693.0,4516.3,,,,,,,1
2026-09-17T16:26:35+00:00,SI=F,Argento (spot),commodity,USD,carry,68.29,68.026,,,,,,,1
2026-09-17T16:26:35+00:00,CL=F,Petrolio WTI,commodity,PCT,fred,107.02,102.42,4.491,13.597,27.42,34.11,40.01,2026-09-15,1
2026-09-17T16:26:35+00:00,BZ=F,Petrolio Brent,commodity,PCT,fred,130.8,121.25,7.876,23.257,42.143,64.839,61.09,2026-09-15,1
2026-09-17T16:26:35+00:00,NG=F,Gas naturale,commodity,PCT,fred,2.97,2.85,4.211,2.414,6.452,-4.194,46.53,2026-09-15,1
2026-09-17T16:26:35+00:00,HG=F,Rame,commodity,USD,carry,6.668,6.46,,,,,,,1
2026-09-17T16:26:35+00:00,EURUSD=X,EUR/USD,fx,USD,ecb,1.1481,1.1537,-0.485,-1.162,-1.069,0.781,3.48,2026-09-17,0
2026-09-17T16:26:35+00:00,GBPUSD=X,GBP/USD,fx,PCT,fred,1.3524,1.3532,-0.059,-0.089,0.096,0.82,3.53,2026-09-11,1
2026-09-17T16:26:35+00:00,JPY=X,USD/JPY,fx,PCT,fred,153.71,154.06,-0.227,-1.081,-3.467,-4.075,9.98,2026-09-11,1
2026-09-17T16:26:35+00:00,DX-Y.NYB,Indice dollaro DXY,fx,USD,carry,98.962,98.9,,,,,,,1
2026-09-17T16:26:35+00:00,DTWEXBGS,Indice dollaro Fed (broad),fx,PCT,fred,118.2126,118.0787,0.113,0.072,-0.76,-1.083,3.25,2026-09-11,1
2026-09-17T16:26:35+00:00,^FVX,US 5Y Treasury Yield,rate,PCT,fred,4.83,4.8,0.625,5.689,10.78,16.106,15.55,2026-09-15,1
2026-09-17T16:26:35+00:00,^TNX,US 10Y Treasury Yield,rate,PCT,fred,5.0,4.97,0.604,4.167,6.838,12.867,13.8,2026-09-15,1
2026-09-17T16:26:35+00:00,^TYX,US 30Y Treasury Yield,rate,PCT,fred,5.36,5.34,0.375,2.095,2.095,8.722,12.02,2026-09-15,1
2026-09-17T23:37:11+00:00,^GSPC,S&P 500,equity,PCT,fred,7551.81,7585.73,-0.447,-1.107,-2.495,1.775,8.89,2026-09-16,1
2026-09-17T23:37:11+00:00,^DJI,Dow Jones,equity,PCT,fred,51778.04,51461.9,0.614,-0.549,-2.934,0.414,12.15,2026-09-17,0
2026-09-17T23:37:11+00:00,^IXIC,Nasdaq Composite,equity,PCT,fred,25978.42,25981.57,-0.012,-1.047,-2.501,-0.166,12.09,2026-09-16,1
2026-09-17T23:37:11+00:00,^RUT,Russell 2000,equity,USD,carry,3007.096,3017.89,,,,,,,1
2026-09-17T23:37:11+00:00,^VIX,VIX (volatilita),vol,PCT,fred,17.71,17.2,2.965,7.594,11.806,2.488,91.49,2026-09-16,1
2026-09-17T23:37:11+00:00,FTSEMIB.MI,FTSE MIB,equity,EUR,carry,52732.33,53018.0,,,,,,,1
2026-09-17T23:37:11+00:00,^FTSE,FTSE 100 UK,equity,GBP,carry,10886.34,10728.0,,,,,,,1
2026-09-17T23:37:11+00:00,^GDAXI,DAX Germania,equity,EUR,carry,26293.18,26128.36,,,,,,,1
2026-09-17T23:37:11+00:00,^FCHI,CAC 40 Francia,equity,EUR,carry,8452.28,8501.91,,,,,,,1
2026-09-17T23:37:11+00:00,^STOXX50E,Euro Stoxx 50,equity,,carry,6461.45,6444.46,,,,,,,1
2026-09-17T23:37:11+00:00,^N225,Nikkei 225,equity,JPY,carry,65856.43,65326.42,,,,,,,1
2026-09-17T23:37:11+00:00,^HSI,Hang Seng,equity,HKD,carry,25511.1,25471.15,,,,,,,1
2026-09-17T23:37:11+00:00,000001.SS,Shanghai Composite,equity,CNY,carry,3889.445,3894.422,,,,,,,1
2026-09-17T23:37:11+00:00,^BVSP,Bovespa Brasile,equity,BRL,carry,172458.62,166335.0,,,,,,,1
2026-09-17T23:37:11+00:00,BTC-USD,Bitcoin,crypto,USD,coingecko,76358.2410791708,75590.24472,1.016,-1.169,-4.871,19.487,27.83,2026-09-17,0
2026-09-17T23:37:11+00:00,ETH-USD,Ethereum,crypto,USD,coingecko,2445.4622270476852,2397.49726,2.001,-3.16,-2.628,32.85,33.9,2026-09-17,0
2026-09-17T23:37:11+00:00,SOL-USD,Solana,crypto,USD,coingecko,101.39914949520977,96.873485,4.672,-0.347,-7.124,35.195,43.87,2026-09-17,0
2026-09-17T23:37:11+00:00,GC=F,Oro (spot),commodity,USD,carry,4693.0,4516.3,,,,,,,1
2026-09-17T23:37:11+00:00,SI=F,Argento (spot),commodity,USD,carry,68.29,68.026,,,,,,,1
2026-09-17T23:37:11+00:00,CL=F,Petrolio WTI,commodity,PCT,fred,107.02,102.42,4.491,13.597,27.42,34.11,40.01,2026-09-15,1
2026-09-17T23:37:11+00:00,BZ=F,Petrolio Brent,commodity,PCT,fred,130.8,121.25,7.876,23.257,42.143,64.839,61.09,2026-09-15,1
2026-09-17T23:37:11+00:00,NG=F,Gas naturale,commodity,PCT,fred,2.97,2.85,4.211,2.414,6.452,-4.194,46.53,2026-09-15,1
2026-09-17T23:37:11+00:00,HG=F,Rame,commodity,USD,carry,6.668,6.46,,,,,,,1
2026-09-17T23:37:11+00:00,EURUSD=X,EUR/USD,fx,USD,ecb,1.1481,1.1537,-0.485,-1.162,-1.069,0.781,3.48,2026-09-17,0
2026-09-17T23:37:11+00:00,GBPUSD=X,GBP/USD,fx,PCT,fred,1.3524,1.3532,-0.059,-0.089,0.096,0.82,3.53,2026-09-11,1
2026-09-17T23:37:11+00:00,JPY=X,USD/JPY,fx,PCT,fred,153.71,154.06,-0.227,-1.081,-3.467,-4.075,9.98,2026-09-11,1
2026-09-17T23:37:11+00:00,DX-Y.NYB,Indice dollaro DXY,fx,USD,carry,98.962,98.9,,,,,,,1
2026-09-17T23:37:11+00:00,DTWEXBGS,Indice dollaro Fed (broad),fx,PCT,fred,118.2126,118.0787,0.113,0.072,-0.76,-1.083,3.25,2026-09-11,1
2026-09-17T23:37:11+00:00,^FVX,US 5Y Treasury Yield,rate,PCT,fred,4.86,4.83,0.621,5.423,10.959,13.817,15.32,2026-09-16,1
2026-09-17T23:37:11+00:00,^TNX,US 10Y Treasury Yield,rate,PCT,fred,5.01,5.0,0.2,3.727,6.144,11.581,13.67,2026-09-16,1
2026-09-17T23:37:11+00:00,^TYX,US 30Y Treasury Yield,rate,PCT,fred,5.35,5.36,-0.187,1.326,0.753,8.519,11.84,2026-09-16,1
2026-09-18T10:43:21+00:00,^GSPC,S&P 500,equity,PCT,fred,7637.76,7551.81,1.138,0.607,-0.702,1.829,9.87,2026-09-17,1
2026-09-18T10:43:21+00:00,^DJI,Dow Jones,equity,PCT,fred,51778.04,51461.9,0.614,-0.549,-2.934,0.414,12.15,2026-09-17,1
2026-09-18T10:43:21+00:00,^IXIC,Nasdaq Composite,equity,PCT,fred,26418.3,25978.42,1.693,1.29,0.489,-0.376,13.59,2026-09-17,1
2026-09-18T10:43:21+00:00,^RUT,Russell 2000,equity,USD,carry,3007.096,3017.89,,,,,,,1
2026-09-18T10:43:21+00:00,^VIX,VIX (volatilita),vol,PCT,fred,17.71,17.2,2.965,7.594,11.806,2.488,91.49,2026-09-16,1
2026-09-18T10:43:21+00:00,FTSEMIB.MI,FTSE MIB,equity,EUR,carry,52732.33,53018.0,,,,,,,1
2026-09-18T10:43:21+00:00,^FTSE,FTSE 100 UK,equity,GBP,carry,10886.34,10728.0,,,,,,,1
2026-09-18T10:43:21+00:00,^GDAXI,DAX Germania,equity,EUR,carry,26293.18,26128.36,,,,,,,1
2026-09-18T10:43:21+00:00,^FCHI,CAC 40 Francia,equity,EUR,carry,8452.28,8501.91,,,,,,,1
2026-09-18T10:43:21+00:00,^STOXX50E,Euro Stoxx 50,equity,,carry,6461.45,6444.46,,,,,,,1
2026-09-18T10:43:21+00:00,^N225,Nikkei 225,equity,JPY,carry,65856.43,65326.42,,,,,,,1
2026-09-18T10:43:21+00:00,^HSI,Hang Seng,equity,HKD,carry,25511.1,25471.15,,,,,,,1
2026-09-18T10:43:21+00:00,000001.SS,Shanghai Composite,equity,CNY,carry,3889.445,3894.422,,,,,,,1
2026-09-18T10:43:21+00:00,^BVSP,Bovespa Brasile,equity,BRL,carry,172458.62,166335.0,,,,,,,1
2026-09-18T10:43:21+00:00,BTC-USD,Bitcoin,crypto,USD,coingecko,78155.44544380374,76146.812368,2.638,1.74,0.43,20.618,29.07,2026-09-18,0
2026-09-18T10:43:21+00:00,ETH-USD,Ethereum,crypto,USD,coingecko,2514.7973758576118,2415.959654,4.091,1.539,2.964,35.036,35.29,2026-09-18,0
2026-09-18T10:43:21+00:00,SOL-USD,Solana,crypto,USD,coingecko,106.45005510781316,98.542421,8.025,7.172,2.244,41.029,47.1,2026-09-18,0
2026-09-18T10:43:21+00:00,GC=F,Oro (spot),commodity,USD,carry,4693.0,4516.3,,,,,,,1
2026-09-18T10:43:21+00:00,SI=F,Argento (spot),commodity,USD,carry,68.29,68.026,,,,,,,1
2026-09-18T10:43:21+00:00,CL=F,Petrolio WTI,commodity,PCT,fred,107.02,102.42,4.491,13.597,27.42,34.11,40.01,2026-09-15,1
2026-09-18T10:43:21+00:00,BZ=F,Petrolio Brent,commodity,PCT,fred,130.8,121.25,7.876,23.257,42.143,64.839,61.09,2026-09-15,1
2026-09-18T10:43:21+00:00,NG=F,Gas naturale,commodity,PCT,fred,2.97,2.85,4.211,2.414,6.452,-4.194,46.53,2026-09-15,1
2026-09-18T10:43:21+00:00,HG=F,Rame,commodity,USD,carry,6.668,6.46,,,,,,,1
2026-09-18T10:43:21+00:00,EURUSD=X,EUR/USD,fx,USD,ecb,1.1481,1.1537,-0.485,-1.162,-1.069,0.781,3.48,2026-09-17,1
2026-09-18T10:43:21+00:00,GBPUSD=X,GBP/USD,fx,PCT,fred,1.3524,1.3532,-0.059,-0.089,0.096,0.82,3.53,2026-09-11,1
2026-09-18T10:43:21+00:00,JPY=X,USD/JPY,fx,PCT,fred,153.71,154.06,-0.227,-1.081,-3.467,-4.075,9.98,2026-09-11,1
2026-09-18T10:43:21+00:00,DX-Y.NYB,Indice dollaro DXY,fx,USD,carry,98.962,98.9,,,,,,,1
2026-09-18T10:43:21+00:00,DTWEXBGS,Indice dollaro Fed (broad),fx,PCT,fred,118.2126,118.0787,0.113,0.072,-0.76,-1.083,3.25,2026-09-11,1
2026-09-18T10:43:21+00:00,^FVX,US 5Y Treasury Yield,rate,PCT,fred,4.86,4.83,0.621,5.423,10.959,13.817,15.32,2026-09-16,1
2026-09-18T10:43:21+00:00,^TNX,US 10Y Treasury Yield,rate,PCT,fred,5.01,5.0,0.2,3.727,6.144,11.581,13.67,2026-09-16,1
2026-09-18T10:43:21+00:00,^TYX,US 30Y Treasury Yield,rate,PCT,fred,5.35,5.36,-0.187,1.326,0.753,8.519,11.84,2026-09-16,1
2026-09-18T15:58:51+00:00,^GSPC,S&P 500,equity,PCT,fred,7637.76,7551.81,1.138,0.607,-0.702,1.829,9.87,2026-09-17,1
2026-09-18T15:58:51+00:00,^DJI,Dow Jones,equity,PCT,fred,51778.04,51461.9,0.614,-0.549,-2.934,0.414,12.15,2026-09-17,1
2026-09-18T15:58:51+00:00,^IXIC,Nasdaq Composite,equity,PCT,fred,26418.3,25978.42,1.693,1.29,0.489,-0.376,13.59,2026-09-17,1
2026-09-18T15:58:51+00:00,^RUT,Russell 2000,equity,USD,carry,3007.096,3017.89,,,,,,,1
2026-09-18T15:58:51+00:00,^VIX,VIX (volatilita),vol,PCT,fred,15.44,17.71,-12.818,-13.453,3.694,-20.78,100.4,2026-09-17,1
2026-09-18T15:58:51+00:00,FTSEMIB.MI,FTSE MIB,equity,EUR,carry,52732.33,53018.0,,,,,,,1
2026-09-18T15:58:51+00:00,^FTSE,FTSE 100 UK,equity,GBP,carry,10886.34,10728.0,,,,,,,1
2026-09-18T15:58:51+00:00,^GDAXI,DAX Germania,equity,EUR,carry,26293.18,26128.36,,,,,,,1
2026-09-18T15:58:51+00:00,^FCHI,CAC 40 Francia,equity,EUR,carry,8452.28,8501.91,,,,,,,1
2026-09-18T15:58:51+00:00,^STOXX50E,Euro Stoxx 50,equity,,carry,6461.45,6444.46,,,,,,,1
2026-09-18T15:58:51+00:00,^N225,Nikkei 225,equity,JPY,carry,65856.43,65326.42,,,,,,,1
2026-09-18T15:58:51+00:00,^HSI,Hang Seng,equity,HKD,carry,25511.1,25471.15,,,,,,,1
2026-09-18T15:58:51+00:00,000001.SS,Shanghai Composite,equity,CNY,carry,3889.445,3894.422,,,,,,,1
2026-09-18T15:58:51+00:00,^BVSP,Bovespa Brasile,equity,BRL,carry,172458.62,166335.0,,,,,,,1
2026-09-18T15:58:51+00:00,BTC-USD,Bitcoin,crypto,USD,coingecko,80637.72683735272,76146.812368,5.898,4.971,3.62,24.449,34.33,2026-09-18,0
2026-09-18T15:58:51+00:00,ETH-USD,Ethereum,crypto,USD,coingecko,2579.7258449933593,2415.959654,6.779,4.161,5.622,38.522,39.01,2026-09-18,0
2026-09-18T15:58:51+00:00,SOL-USD,Solana,crypto,USD,coingecko,110.85859129869226,98.542421,12.498,11.611,6.478,46.869,54.77,2026-09-18,0
2026-09-18T15:58:51+00:00,GC=F,Oro (spot),commodity,USD,carry,4693.0,4516.3,,,,,,,1
2026-09-18T15:58:51+00:00,SI=F,Argento (spot),commodity,USD,carry,68.29,68.026,,,,,,,1
2026-09-18T15:58:51+00:00,CL=F,Petrolio WTI,commodity,PCT,fred,107.02,102.42,4.491,13.597,27.42,34.11,40.01,2026-09-15,1
2026-09-18T15:58:51+00:00,BZ=F,Petrolio Brent,commodity,PCT,fred,130.8,121.25,7.876,23.257,42.143,64.839,61.09,2026-09-15,1
2026-09-18T15:58:51+00:00,NG=F,Gas naturale,commodity,PCT,fred,2.97,2.85,4.211,2.414,6.452,-4.194,46.53,2026-09-15,1
2026-09-18T15:58:51+00:00,HG=F,Rame,commodity,USD,carry,6.668,6.46,,,,,,,1
2026-09-18T15:58:51+00:00,EURUSD=X,EUR/USD,fx,USD,ecb,1.146,1.1481,-0.183,-1.139,-1.892,1.058,3.38,2026-09-18,0
2026-09-18T15:58:51+00:00,GBPUSD=X,GBP/USD,fx,PCT,fred,1.3524,1.3532,-0.059,-0.089,0.096,0.82,3.53,2026-09-11,1
2026-09-18T15:58:51+00:00,JPY=X,USD/JPY,fx,PCT,fred,153.71,154.06,-0.227,-1.081,-3.467,-4.075,9.98,2026-09-11,1
2026-09-18T15:58:51+00:00,DX-Y.NYB,Indice dollaro DXY,fx,USD,carry,98.962,98.9,,,,,,,1
2026-09-18T15:58:51+00:00,DTWEXBGS,Indice dollaro Fed (broad),fx,PCT,fred,118.2126,118.0787,0.113,0.072,-0.76,-1.083,3.25,2026-09-11,1
2026-09-18T15:58:51+00:00,^FVX,US 5Y Treasury Yield,rate,PCT,fred,4.86,4.83,0.621,5.423,10.959,13.817,15.32,2026-09-16,1
2026-09-18T15:58:51+00:00,^TNX,US 10Y Treasury Yield,rate,PCT,fred,5.01,5.0,0.2,3.727,6.144,11.581,13.67,2026-09-16,1
2026-09-18T15:58:51+00:00,^TYX,US 30Y Treasury Yield,rate,PCT,fred,5.35,5.36,-0.187,1.326,0.753,8.519,11.84,2026-09-16,1
2026-09-18T18:59:13+00:00,^GSPC,S&P 500,equity,PCT,fred,7637.76,7551.81,1.138,0.607,-0.702,1.829,9.87,2026-09-17,1
2026-09-18T18:59:13+00:00,^DJI,Dow Jones,equity,PCT,fred,51778.04,51461.9,0.614,-0.549,-2.934,0.414,12.15,2026-09-17,1
2026-09-18T18:59:13+00:00,^IXIC,Nasdaq Composite,equity,PCT,fred,26418.3,25978.42,1.693,1.29,0.489,-0.376,13.59,2026-09-17,1
2026-09-18T18:59:13+00:00,^RUT,Russell 2000,equity,USD,carry,3007.096,3017.89,,,,,,,1
2026-09-18T18:59:13+00:00,^VIX,VIX (volatilita),vol,PCT,fred,15.44,17.71,-12.818,-13.453,3.694,-20.78,100.4,2026-09-17,1
2026-09-18T18:59:13+00:00,FTSEMIB.MI,FTSE MIB,equity,EUR,carry,52732.33,53018.0,,,,,,,1
2026-09-18T18:59:13+00:00,^FTSE,FTSE 100 UK,equity,GBP,carry,10886.34,10728.0,,,,,,,1
2026-09-18T18:59:13+00:00,^GDAXI,DAX Germania,equity,EUR,carry,26293.18,26128.36,,,,,,,1
2026-09-18T18:59:13+00:00,^FCHI,CAC 40 Francia,equity,EUR,carry,8452.28,8501.91,,,,,,,1
2026-09-18T18:59:13+00:00,^STOXX50E,Euro Stoxx 50,equity,,carry,6461.45,6444.46,,,,,,,1
2026-09-18T18:59:13+00:00,^N225,Nikkei 225,equity,JPY,carry,65856.43,65326.42,,,,,,,1
2026-09-18T18:59:13+00:00,^HSI,Hang Seng,equity,HKD,carry,25511.1,25471.15,,,,,,,1
2026-09-18T18:59:13+00:00,000001.SS,Shanghai Composite,equity,CNY,carry,3889.445,3894.422,,,,,,,1
2026-09-18T18:59:13+00:00,^BVSP,Bovespa Brasile,equity,BRL,carry,172458.62,166335.0,,,,,,,1
2026-09-18T18:59:13+00:00,BTC-USD,Bitcoin,crypto,USD,coingecko,80897.6860812174,76146.812368,6.239,5.309,3.954,24.85,35.05,2026-09-18,0
2026-09-18T18:59:13+00:00,ETH-USD,Ethereum,crypto,USD,coingecko,2611.119145115784,2415.959654,8.078,5.428,6.908,40.208,41.46,2026-09-18,0
2026-09-18T18:59:13+00:00,SOL-USD,Solana,crypto,USD,coingecko,112.15844628326644,98.542421,13.817,12.92,7.726,48.592,57.62,2026-09-18,0
2026-09-18T18:59:13+00:00,GC=F,Oro (spot),commodity,USD,carry,4693.0,4516.3,,,,,,,1
2026-09-18T18:59:13+00:00,SI=F,Argento (spot),commodity,USD,carry,68.29,68.026,,,,,,,1
2026-09-18T18:59:13+00:00,CL=F,Petrolio WTI,commodity,PCT,fred,107.02,102.42,4.491,13.597,27.42,34.11,40.01,2026-09-15,1
2026-09-18T18:59:13+00:00,BZ=F,Petrolio Brent,commodity,PCT,fred,130.8,121.25,7.876,23.257,42.143,64.839,61.09,2026-09-15,1
2026-09-18T18:59:13+00:00,NG=F,Gas naturale,commodity,PCT,fred,2.97,2.85,4.211,2.414,6.452,-4.194,46.53,2026-09-15,1
2026-09-18T18:59:13+00:00,HG=F,Rame,commodity,USD,carry,6.668,6.46,,,,,,,1
2026-09-18T18:59:13+00:00,EURUSD=X,EUR/USD,fx,USD,ecb,1.146,1.1481,-0.183,-1.139,-1.892,1.058,3.38,2026-09-18,0
2026-09-18T18:59:13+00:00,GBPUSD=X,GBP/USD,fx,PCT,fred,1.3524,1.3532,-0.059,-0.089,0.096,0.82,3.53,2026-09-11,1
2026-09-18T18:59:13+00:00,JPY=X,USD/JPY,fx,PCT,fred,153.71,154.06,-0.227,-1.081,-3.467,-4.075,9.98,2026-09-11,1
2026-09-18T18:59:13+00:00,DX-Y.NYB,Indice dollaro DXY,fx,USD,carry,98.962,98.9,,,,,,,1
2026-09-18T18:59:13+00:00,DTWEXBGS,Indice dollaro Fed (broad),fx,PCT,fred,118.2126,118.0787,0.113,0.072,-0.76,-1.083,3.25,2026-09-11,1
2026-09-18T18:59:13+00:00,^FVX,US 5Y Treasury Yield,rate,PCT,fred,4.86,4.83,0.621,5.423,10.959,13.817,15.32,2026-09-16,1
2026-09-18T18:59:13+00:00,^TNX,US 10Y Treasury Yield,rate,PCT,fred,5.01,5.0,0.2,3.727,6.144,11.581,13.67,2026-09-16,1
2026-09-18T18:59:13+00:00,^TYX,US 30Y Treasury Yield,rate,PCT,fred,5.35,5.36,-0.187,1.326,0.753,8.519,11.84,2026-09-16,1
2026-09-18T23:29:09+00:00,^GSPC,S&P 500,equity,PCT,fred,7637.76,7551.81,1.138,0.607,-0.702,1.829,9.87,2026-09-17,1
2026-09-18T23:29:09+00:00,^DJI,Dow Jones,equity,PCT,fred,51682.64,51778.04,-0.184,-1.694,-3.33,-0.058,11.35,2026-09-18,0
2026-09-18T23:29:09+00:00,^IXIC,Nasdaq Composite,equity,PCT,fred,26418.3,25978.42,1.693,1.29,0.489,-0.376,13.59,2026-09-17,1
2026-09-18T23:29:09+00:00,^RUT,Russell 2000,equity,USD,carry,3007.096,3017.89,,,,,,,1
2026-09-18T23:29:09+00:00,^VIX,VIX (volatilita),vol,PCT,fred,15.44,17.71,-12.818,-13.453,3.694,-20.78,100.4,2026-09-17,1
2026-09-18T23:29:09+00:00,FTSEMIB.MI,FTSE MIB,equity,EUR,carry,52732.33,53018.0,,,,,,,1
2026-09-18T23:29:09+00:00,^FTSE,FTSE 100 UK,equity,GBP,carry,10886.34,10728.0,,,,,,,1
2026-09-18T23:29:09+00:00,^GDAXI,DAX Germania,equity,EUR,carry,26293.18,26128.36,,,,,,,1
2026-09-18T23:29:09+00:00,^FCHI,CAC 40 Francia,equity,EUR,carry,8452.28,8501.91,,,,,,,1
2026-09-18T23:29:09+00:00,^STOXX50E,Euro Stoxx 50,equity,,carry,6461.45,6444.46,,,,,,,1
2026-09-18T23:29:09+00:00,^N225,Nikkei 225,equity,JPY,carry,65856.43,65326.42,,,,,,,1
2026-09-18T23:29:09+00:00,^HSI,Hang Seng,equity,HKD,carry,25511.1,25471.15,,,,,,,1
2026-09-18T23:29:09+00:00,000001.SS,Shanghai Composite,equity,CNY,carry,3889.445,3894.422,,,,,,,1
2026-09-18T23:29:09+00:00,^BVSP,Bovespa Brasile,equity,BRL,carry,172458.62,166335.0,,,,,,,1
2026-09-18T23:29:09+00:00,BTC-USD,Bitcoin,crypto,USD,coingecko,81011.63185818905,76146.812368,6.389,5.458,4.1,25.026,35.38,2026-09-18,0
2026-09-18T23:29:09+00:00,ETH-USD,Ethereum,crypto,USD,coingecko,2614.427744815043,2415.959654,8.215,5.562,7.043,40.385,41.74,2026-09-18,0
2026-09-18T23:29:09+00:00,SOL-USD,Solana,crypto,USD,coingecko,113.13847483815397,98.542421,14.812,13.906,8.668,49.89,59.92,2026-09-18,0
2026-09-18T23:29:09+00:00,GC=F,Oro (spot),commodity,USD,carry,4693.0,4516.3,,,,,,,1
2026-09-18T23:29:09+00:00,SI=F,Argento (spot),commodity,USD,carry,68.29,68.026,,,,,,,1
2026-09-18T23:29:09+00:00,CL=F,Petrolio WTI,commodity,PCT,fred,107.02,102.42,4.491,13.597,27.42,34.11,40.01,2026-09-15,1
2026-09-18T23:29:09+00:00,BZ=F,Petrolio Brent,commodity,PCT,fred,130.8,121.25,7.876,23.257,42.143,64.839,61.09,2026-09-15,1
2026-09-18T23:29:09+00:00,NG=F,Gas naturale,commodity,PCT,fred,2.97,2.85,4.211,2.414,6.452,-4.194,46.53,2026-09-15,1
2026-09-18T23:29:09+00:00,HG=F,Rame,commodity,USD,carry,6.668,6.46,,,,,,,1
2026-09-18T23:29:09+00:00,EURUSD=X,EUR/USD,fx,USD,ecb,1.146,1.1481,-0.183,-1.139,-1.892,1.058,3.38,2026-09-18,0
2026-09-18T23:29:09+00:00,GBPUSD=X,GBP/USD,fx,PCT,fred,1.3524,1.3532,-0.059,-0.089,0.096,0.82,3.53,2026-09-11,1
2026-09-18T23:29:09+00:00,JPY=X,USD/JPY,fx,PCT,fred,153.71,154.06,-0.227,-1.081,-3.467,-4.075,9.98,2026-09-11,1
2026-09-18T23:29:09+00:00,DX-Y.NYB,Indice dollaro DXY,fx,USD,carry,98.962,98.9,,,,,,,1
2026-09-18T23:29:09+00:00,DTWEXBGS,Indice dollaro Fed (broad),fx,PCT,fred,118.2126,118.0787,0.113,0.072,-0.76,-1.083,3.25,2026-09-11,1
2026-09-18T23:29:09+00:00,^FVX,US 5Y Treasury Yield,rate,PCT,fred,4.78,4.86,-1.646,0.632,9.382,13.002,16.85,2026-09-17,1
2026-09-18T23:29:09+00:00,^TNX,US 10Y Treasury Yield,rate,PCT,fred,4.94,5.01,-1.397,-0.202,4.883,10.762,13.87,2026-09-17,1
2026-09-18T23:29:09+00:00,^TYX,US 30Y Treasury Yield,rate,PCT,fred,5.29,5.35,-1.121,-1.49,0.189,7.959,10.82,2026-09-17,1
2026-09-19T10:27:38+00:00,^GSPC,S&P 500,equity,PCT,fred,7637.76,7551.81,1.138,0.607,-0.702,1.829,9.87,2026-09-17,1
2026-09-19T10:27:38+00:00,^DJI,Dow Jones,equity,PCT,fred,51682.64,51778.04,-0.184,-1.694,-3.33,-0.058,11.35,2026-09-18,1
2026-09-19T10:27:38+00:00,^IXIC,Nasdaq Composite,equity,PCT,fred,26522.55,26418.3,0.395,0.72,0.727,1.36,13.09,2026-09-18,1
2026-09-19T10:27:38+00:00,^RUT,Russell 2000,equity,USD,carry,3007.096,3017.89,,,,,,,1
2026-09-19T10:27:38+00:00,^VIX,VIX (volatilita),vol,PCT,fred,15.44,17.71,-12.818,-13.453,3.694,-20.78,100.4,2026-09-17,1
2026-09-19T10:27:38+00:00,FTSEMIB.MI,FTSE MIB,equity,EUR,carry,52732.33,53018.0,,,,,,,1
2026-09-19T10:27:38+00:00,^FTSE,FTSE 100 UK,equity,GBP,carry,10886.34,10728.0,,,,,,,1
2026-09-19T10:27:38+00:00,^GDAXI,DAX Germania,equity,EUR,carry,26293.18,26128.36,,,,,,,1
2026-09-19T10:27:38+00:00,^FCHI,CAC 40 Francia,equity,EUR,carry,8452.28,8501.91,,,,,,,1
2026-09-19T10:27:38+00:00,^STOXX50E,Euro Stoxx 50,equity,,carry,6461.45,6444.46,,,,,,,1
2026-09-19T10:27:38+00:00,^N225,Nikkei 225,equity,JPY,carry,65856.43,65326.42,,,,,,,1
2026-09-19T10:27:38+00:00,^HSI,Hang Seng,equity,HKD,carry,25511.1,25471.15,,,,,,,1
2026-09-19T10:27:38+00:00,000001.SS,Shanghai Composite,equity,CNY,carry,3889.445,3894.422,,,,,,,1
2026-09-19T10:27:38+00:00,^BVSP,Bovespa Brasile,equity,BRL,carry,172458.62,166335.0,,,,,,,1
2026-09-19T10:27:38+00:00,BTC-USD,Bitcoin,crypto,USD,coingecko,81256.82011791626,76371.36172,6.397,3.944,3.876,25.648,34.83,2026-09-19,0
2026-09-19T10:27:38+00:00,ETH-USD,Ethereum,crypto,USD,coingecko,2641.9434253545587,2446.143252,8.004,5.057,7.523,41.219,40.9,2026-09-19,0
2026-09-19T10:27:38+00:00,SOL-USD,Solana,crypto,USD,coingecko,111.93004301514073,101.569084,10.201,9.185,6.0,46.675,57.04,2026-09-19,0
2026-09-19T10:27:38+00:00,GC=F,Oro (spot),commodity,USD,carry,4693.0,4516.3,,,,,,,1
2026-09-19T10:27:38+00:00,SI=F,Argento (spot),commodity,USD,carry,68.29,68.026,,,,,,,1
2026-09-19T10:27:38+00:00,CL=F,Petrolio WTI,commodity,PCT,fred,107.02,102.42,4.491,13.597,27.42,34.11,40.01,2026-09-15,1
2026-09-19T10:27:38+00:00,BZ=F,Petrolio Brent,commodity,PCT,fred,130.8,121.25,7.876,23.257,42.143,64.839,61.09,2026-09-15,1
2026-09-19T10:27:38+00:00,NG=F,Gas naturale,commodity,PCT,fred,2.97,2.85,4.211,2.414,6.452,-4.194,46.53,2026-09-15,1
2026-09-19T10:27:38+00:00,HG=F,Rame,commodity,USD,carry,6.668,6.46,,,,,,,1
2026-09-19T10:27:38+00:00,EURUSD=X,EUR/USD,fx,USD,ecb,1.146,1.1481,-0.183,-1.139,-1.892,1.058,3.38,2026-09-18,1
2026-09-19T10:27:38+00:00,GBPUSD=X,GBP/USD,fx,PCT,fred,1.3524,1.3532,-0.059,-0.089,0.096,0.82,3.53,2026-09-11,1
2026-09-19T10:27:38+00:00,JPY=X,USD/JPY,fx,PCT,fred,153.71,154.06,-0.227,-1.081,-3.467,-4.075,9.98,2026-09-11,1
2026-09-19T10:27:38+00:00,DX-Y.NYB,Indice dollaro DXY,fx,USD,carry,98.962,98.9,,,,,,,1
2026-09-19T10:27:38+00:00,DTWEXBGS,Indice dollaro Fed (broad),fx,PCT,fred,118.2126,118.0787,0.113,0.072,-0.76,-1.083,3.25,2026-09-11,1
2026-09-19T10:27:38+00:00,^FVX,US 5Y Treasury Yield,rate,PCT,fred,4.78,4.86,-1.646,0.632,9.382,13.002,16.85,2026-09-17,1
2026-09-19T10:27:38+00:00,^TNX,US 10Y Treasury Yield,rate,PCT,fred,4.94,5.01,-1.397,-0.202,4.883,10.762,13.87,2026-09-17,1
2026-09-19T10:27:38+00:00,^TYX,US 30Y Treasury Yield,rate,PCT,fred,5.29,5.35,-1.121,-1.49,0.189,7.959,10.82,2026-09-17,1
2026-09-19T15:31:02+00:00,^GSPC,S&P 500,equity,PCT,fred,7637.76,7551.81,1.138,0.607,-0.702,1.829,9.87,2026-09-17,1
2026-09-19T15:31:02+00:00,^DJI,Dow Jones,equity,PCT,fred,51682.64,51778.04,-0.184,-1.694,-3.33,-0.058,11.35,2026-09-18,1
2026-09-19T15:31:02+00:00,^IXIC,Nasdaq Composite,equity,PCT,fred,26522.55,26418.3,0.395,0.72,0.727,1.36,13.09,2026-09-18,1
2026-09-19T15:31:02+00:00,^RUT,Russell 2000,equity,USD,carry,3007.096,3017.89,,,,,,,1
2026-09-19T15:31:02+00:00,^VIX,VIX (volatilita),vol,PCT,fred,15.44,17.71,-12.818,-13.453,3.694,-20.78,100.4,2026-09-17,1
2026-09-19T15:31:02+00:00,FTSEMIB.MI,FTSE MIB,equity,EUR,carry,52732.33,53018.0,,,,,,,1
2026-09-19T15:31:02+00:00,^FTSE,FTSE 100 UK,equity,GBP,carry,10886.34,10728.0,,,,,,,1
2026-09-19T15:31:02+00:00,^GDAXI,DAX Germania,equity,EUR,carry,26293.18,26128.36,,,,,,,1
2026-09-19T15:31:02+00:00,^FCHI,CAC 40 Francia,equity,EUR,carry,8452.28,8501.91,,,,,,,1
2026-09-19T15:31:02+00:00,^STOXX50E,Euro Stoxx 50,equity,,carry,6461.45,6444.46,,,,,,,1
2026-09-19T15:31:02+00:00,^N225,Nikkei 225,equity,JPY,carry,65856.43,65326.42,,,,,,,1
2026-09-19T15:31:02+00:00,^HSI,Hang Seng,equity,HKD,carry,25511.1,25471.15,,,,,,,1
2026-09-19T15:31:02+00:00,000001.SS,Shanghai Composite,equity,CNY,carry,3889.445,3894.422,,,,,,,1
2026-09-19T15:31:02+00:00,^BVSP,Bovespa Brasile,equity,BRL,carry,172458.62,166335.0,,,,,,,1
2026-09-19T15:31:02+00:00,BTC-USD,Bitcoin,crypto,USD,coingecko,81572.96731038672,76371.36172,6.811,4.349,4.28,26.136,34.89,2026-09-19,0
2026-09-19T15:31:02+00:00,ETH-USD,Ethereum,crypto,USD,coingecko,2637.597782621166,2446.143252,7.827,4.885,7.346,40.986,40.87,2026-09-19,0
2026-09-19T15:31:02+00:00,SOL-USD,Solana,crypto,USD,coingecko,111.57639031988869,101.569084,9.853,8.841,5.666,46.211,57.14,2026-09-19,0
2026-09-19T15:31:02+00:00,GC=F,Oro (spot),commodity,USD,carry,4693.0,4516.3,,,,,,,1
2026-09-19T15:31:02+00:00,SI=F,Argento (spot),commodity,USD,carry,68.29,68.026,,,,,,,1
2026-09-19T15:31:02+00:00,CL=F,Petrolio WTI,commodity,PCT,fred,107.02,102.42,4.491,13.597,27.42,34.11,40.01,2026-09-15,1
2026-09-19T15:31:02+00:00,BZ=F,Petrolio Brent,commodity,PCT,fred,130.8,121.25,7.876,23.257,42.143,64.839,61.09,2026-09-15,1
2026-09-19T15:31:02+00:00,NG=F,Gas naturale,commodity,PCT,fred,2.97,2.85,4.211,2.414,6.452,-4.194,46.53,2026-09-15,1
2026-09-19T15:31:02+00:00,HG=F,Rame,commodity,USD,carry,6.668,6.46,,,,,,,1
2026-09-19T15:31:02+00:00,EURUSD=X,EUR/USD,fx,USD,ecb,1.146,1.1481,-0.183,-1.139,-1.892,1.058,3.38,2026-09-18,1
2026-09-19T15:31:02+00:00,GBPUSD=X,GBP/USD,fx,PCT,fred,1.3524,1.3532,-0.059,-0.089,0.096,0.82,3.53,2026-09-11,1
2026-09-19T15:31:02+00:00,JPY=X,USD/JPY,fx,PCT,fred,153.71,154.06,-0.227,-1.081,-3.467,-4.075,9.98,2026-09-11,1
2026-09-19T15:31:02+00:00,DX-Y.NYB,Indice dollaro DXY,fx,USD,carry,98.962,98.9,,,,,,,1
2026-09-19T15:31:02+00:00,DTWEXBGS,Indice dollaro Fed (broad),fx,PCT,fred,118.2126,118.0787,0.113,0.072,-0.76,-1.083,3.25,2026-09-11,1
2026-09-19T15:31:02+00:00,^FVX,US 5Y Treasury Yield,rate,PCT,fred,4.78,4.86,-1.646,0.632,9.382,13.002,16.85,2026-09-17,1
2026-09-19T15:31:02+00:00,^TNX,US 10Y Treasury Yield,rate,PCT,fred,4.94,5.01,-1.397,-0.202,4.883,10.762,13.87,2026-09-17,1
2026-09-19T15:31:02+00:00,^TYX,US 30Y Treasury Yield,rate,PCT,fred,5.29,5.35,-1.121,-1.49,0.189,7.959,10.82,2026-09-17,1
2026-09-19T18:27:28+00:00,^GSPC,S&P 500,equity,PCT,fred,7637.76,7551.81,1.138,0.607,-0.702,1.829,9.87,2026-09-17,1
2026-09-19T18:27:28+00:00,^DJI,Dow Jones,equity,PCT,fred,51682.64,51778.04,-0.184,-1.694,-3.33,-0.058,11.35,2026-09-18,1
2026-09-19T18:27:28+00:00,^IXIC,Nasdaq Composite,equity,PCT,fred,26522.55,26418.3,0.395,0.72,0.727,1.36,13.09,2026-09-18,1
2026-09-19T18:27:28+00:00,^RUT,Russell 2000,equity,USD,carry,3007.096,3017.89,,,,,,,1
2026-09-19T18:27:28+00:00,^VIX,VIX (volatilita),vol,PCT,fred,15.44,17.71,-12.818,-13.453,3.694,-20.78,100.4,2026-09-17,1
2026-09-19T18:27:28+00:00,FTSEMIB.MI,FTSE MIB,equity,EUR,carry,52732.33,53018.0,,,,,,,1
2026-09-19T18:27:28+00:00,^FTSE,FTSE 100 UK,equity,GBP,carry,10886.34,10728.0,,,,,,,1
2026-09-19T18:27:28+00:00,^GDAXI,DAX Germania,equity,EUR,carry,26293.18,26128.36,,,,,,,1
2026-09-19T18:27:28+00:00,^FCHI,CAC 40 Francia,equity,EUR,carry,8452.28,8501.91,,,,,,,1
2026-09-19T18:27:28+00:00,^STOXX50E,Euro Stoxx 50,equity,,carry,6461.45,6444.46,,,,,,,1
2026-09-19T18:27:28+00:00,^N225,Nikkei 225,equity,JPY,carry,65856.43,65326.42,,,,,,,1
2026-09-19T18:27:28+00:00,^HSI,Hang Seng,equity,HKD,carry,25511.1,25471.15,,,,,,,1
2026-09-19T18:27:28+00:00,000001.SS,Shanghai Composite,equity,CNY,carry,3889.445,3894.422,,,,,,,1
2026-09-19T18:27:28+00:00,^BVSP,Bovespa Brasile,equity,BRL,carry,172458.62,166335.0,,,,,,,1
2026-09-19T18:27:28+00:00,BTC-USD,Bitcoin,crypto,USD,coingecko,81424.87008558126,76371.36172,6.617,4.159,4.09,25.907,34.86,2026-09-19,0
2026-09-19T18:27:28+00:00,ETH-USD,Ethereum,crypto,USD,coingecko,2639.9309762566195,2446.143252,7.922,4.977,7.441,41.111,40.88,2026-09-19,0
2026-09-19T18:27:28+00:00,SOL-USD,Solana,crypto,USD,coingecko,111.01343253509904,101.569084,9.298,8.291,5.132,45.473,57.35,2026-09-19,0
2026-09-19T18:27:28+00:00,GC=F,Oro (spot),commodity,USD,carry,4693.0,4516.3,,,,,,,1
2026-09-19T18:27:28+00:00,SI=F,Argento (spot),commodity,USD,carry,68.29,68.026,,,,,,,1
2026-09-19T18:27:28+00:00,CL=F,Petrolio WTI,commodity,PCT,fred,107.02,102.42,4.491,13.597,27.42,34.11,40.01,2026-09-15,1
2026-09-19T18:27:28+00:00,BZ=F,Petrolio Brent,commodity,PCT,fred,130.8,121.25,7.876,23.257,42.143,64.839,61.09,2026-09-15,1
2026-09-19T18:27:28+00:00,NG=F,Gas naturale,commodity,PCT,fred,2.97,2.85,4.211,2.414,6.452,-4.194,46.53,2026-09-15,1
2026-09-19T18:27:28+00:00,HG=F,Rame,commodity,USD,carry,6.668,6.46,,,,,,,1
2026-09-19T18:27:28+00:00,EURUSD=X,EUR/USD,fx,USD,ecb,1.146,1.1481,-0.183,-1.139,-1.892,1.058,3.38,2026-09-18,1
2026-09-19T18:27:28+00:00,GBPUSD=X,GBP/USD,fx,PCT,fred,1.3524,1.3532,-0.059,-0.089,0.096,0.82,3.53,2026-09-11,1
2026-09-19T18:27:28+00:00,JPY=X,USD/JPY,fx,PCT,fred,153.71,154.06,-0.227,-1.081,-3.467,-4.075,9.98,2026-09-11,1
2026-09-19T18:27:28+00:00,DX-Y.NYB,Indice dollaro DXY,fx,USD,carry,98.962,98.9,,,,,,,1
2026-09-19T18:27:28+00:00,DTWEXBGS,Indice dollaro Fed (broad),fx,PCT,fred,118.2126,118.0787,0.113,0.072,-0.76,-1.083,3.25,2026-09-11,1
2026-09-19T18:27:28+00:00,^FVX,US 5Y Treasury Yield,rate,PCT,fred,4.78,4.86,-1.646,0.632,9.382,13.002,16.85,2026-09-17,1
2026-09-19T18:27:28+00:00,^TNX,US 10Y Treasury Yield,rate,PCT,fred,4.94,5.01,-1.397,-0.202,4.883,10.762,13.87,2026-09-17,1
2026-09-19T18:27:28+00:00,^TYX,US 30Y Treasury Yield,rate,PCT,fred,5.29,5.35,-1.121,-1.49,0.189,7.959,10.82,2026-09-17,1
2026-09-19T23:20:38+00:00,^GSPC,S&P 500,equity,PCT,fred,7637.76,7551.81,1.138,0.607,-0.702,1.829,9.87,2026-09-17,1
2026-09-19T23:20:38+00:00,^DJI,Dow Jones,equity,PCT,fred,51682.64,51778.04,-0.184,-1.694,-3.33,-0.058,11.35,2026-09-18,1
2026-09-19T23:20:38+00:00,^IXIC,Nasdaq Composite,equity,PCT,fred,26522.55,26418.3,0.395,0.72,0.727,1.36,13.09,2026-09-18,1
2026-09-19T23:20:38+00:00,^RUT,Russell 2000,equity,USD,carry,3007.096,3017.89,,,,,,,1
2026-09-19T23:20:38+00:00,^VIX,VIX (volatilita),vol,PCT,fred,15.44,17.71,-12.818,-13.453,3.694,-20.78,100.4,2026-09-17,1
2026-09-19T23:20:38+00:00,FTSEMIB.MI,FTSE MIB,equity,EUR,carry,52732.33,53018.0,,,,,,,1
2026-09-19T23:20:38+00:00,^FTSE,FTSE 100 UK,equity,GBP,carry,10886.34,10728.0,,,,,,,1
2026-09-19T23:20:38+00:00,^GDAXI,DAX Germania,equity,EUR,carry,26293.18,26128.36,,,,,,,1
2026-09-19T23:20:38+00:00,^FCHI,CAC 40 Francia,equity,EUR,carry,8452.28,8501.91,,,,,,,1
2026-09-19T23:20:38+00:00,^STOXX50E,Euro Stoxx 50,equity,,carry,6461.45,6444.46,,,,,,,1
2026-09-19T23:20:38+00:00,^N225,Nikkei 225,equity,JPY,carry,65856.43,65326.42,,,,,,,1
2026-09-19T23:20:38+00:00,^HSI,Hang Seng,equity,HKD,carry,25511.1,25471.15,,,,,,,1
2026-09-19T23:20:38+00:00,000001.SS,Shanghai Composite,equity,CNY,carry,3889.445,3894.422,,,,,,,1
2026-09-19T23:20:38+00:00,^BVSP,Bovespa Brasile,equity,BRL,carry,172458.62,166335.0,,,,,,,1
2026-09-19T23:20:38+00:00,BTC-USD,Bitcoin,crypto,USD,coingecko,81269.3419424274,76371.36172,6.413,3.96,3.892,25.667,34.83,2026-09-19,0
2026-09-19T23:20:38+00:00,ETH-USD,Ethereum,crypto,USD,coingecko,2636.319492623398,2446.143252,7.775,4.834,7.294,40.918,40.86,2026-09-19,0
2026-09-19T23:20:38+00:00,SOL-USD,Solana,crypto,USD,coingecko,110.93352528948886,101.569084,9.22,8.213,5.057,45.369,57.38,2026-09-19,0
2026-09-19T23:20:38+00:00,GC=F,Oro (spot),commodity,USD,carry,4693.0,4516.3,,,,,,,1
2026-09-19T23:20:38+00:00,SI=F,Argento (spot),commodity,USD,carry,68.29,68.026,,,,,,,1
2026-09-19T23:20:38+00:00,CL=F,Petrolio WTI,commodity,PCT,fred,107.02,102.42,4.491,13.597,27.42,34.11,40.01,2026-09-15,1
2026-09-19T23:20:38+00:00,BZ=F,Petrolio Brent,commodity,PCT,fred,130.8,121.25,7.876,23.257,42.143,64.839,61.09,2026-09-15,1
2026-09-19T23:20:38+00:00,NG=F,Gas naturale,commodity,PCT,fred,2.97,2.85,4.211,2.414,6.452,-4.194,46.53,2026-09-15,1
2026-09-19T23:20:38+00:00,HG=F,Rame,commodity,USD,carry,6.668,6.46,,,,,,,1
2026-09-19T23:20:38+00:00,EURUSD=X,EUR/USD,fx,USD,ecb,1.146,1.1481,-0.183,-1.139,-1.892,1.058,3.38,2026-09-18,1
2026-09-19T23:20:38+00:00,GBPUSD=X,GBP/USD,fx,PCT,fred,1.3524,1.3532,-0.059,-0.089,0.096,0.82,3.53,2026-09-11,1
2026-09-19T23:20:38+00:00,JPY=X,USD/JPY,fx,PCT,fred,153.71,154.06,-0.227,-1.081,-3.467,-4.075,9.98,2026-09-11,1
2026-09-19T23:20:38+00:00,DX-Y.NYB,Indice dollaro DXY,fx,USD,carry,98.962,98.9,,,,,,,1
2026-09-19T23:20:38+00:00,DTWEXBGS,Indice dollaro Fed (broad),fx,PCT,fred,118.2126,118.0787,0.113,0.072,-0.76,-1.083,3.25,2026-09-11,1
2026-09-19T23:20:38+00:00,^FVX,US 5Y Treasury Yield,rate,PCT,fred,4.78,4.86,-1.646,0.632,9.382,13.002,16.85,2026-09-17,1
2026-09-19T23:20:38+00:00,^TNX,US 10Y Treasury Yield,rate,PCT,fred,4.94,5.01,-1.397,-0.202,4.883,10.762,13.87,2026-09-17,1
2026-09-19T23:20:38+00:00,^TYX,US 30Y Treasury Yield,rate,PCT,fred,5.29,5.35,-1.121,-1.49,0.189,7.959,10.82,2026-09-17,1
2026-09-20T10:48:42+00:00,^GSPC,S&P 500,equity,PCT,fred,7637.76,7551.81,1.138,0.607,-0.702,1.829,9.87,2026-09-17,1
2026-09-20T10:48:42+00:00,^DJI,Dow Jones,equity,PCT,fred,51682.64,51778.04,-0.184,-1.694,-3.33,-0.058,11.35,2026-09-18,1
2026-09-20T10:48:42+00:00,^IXIC,Nasdaq Composite,equity,PCT,fred,26522.55,26418.3,0.395,0.72,0.727,1.36,13.09,2026-09-18,1
2026-09-20T10:48:42+00:00,^RUT,Russell 2000,equity,USD,carry,3007.096,3017.89,,,,,,,1
2026-09-20T10:48:42+00:00,^VIX,VIX (volatilita),vol,PCT,fred,15.44,17.71,-12.818,-13.453,3.694,-20.78,100.4,2026-09-17,1
2026-09-20T10:48:42+00:00,FTSEMIB.MI,FTSE MIB,equity,EUR,carry,52732.33,53018.0,,,,,,,1
2026-09-20T10:48:42+00:00,^FTSE,FTSE 100 UK,equity,GBP,carry,10886.34,10728.0,,,,,,,1
2026-09-20T10:48:42+00:00,^GDAXI,DAX Germania,equity,EUR,carry,26293.18,26128.36,,,,,,,1
2026-09-20T10:48:42+00:00,^FCHI,CAC 40 Francia,equity,EUR,carry,8452.28,8501.91,,,,,,,1
2026-09-20T10:48:42+00:00,^STOXX50E,Euro Stoxx 50,equity,,carry,6461.45,6444.46,,,,,,,1
2026-09-20T10:48:42+00:00,^N225,Nikkei 225,equity,JPY,carry,65856.43,65326.42,,,,,,,1
2026-09-20T10:48:42+00:00,^HSI,Hang Seng,equity,HKD,carry,25511.1,25471.15,,,,,,,1
2026-09-20T10:48:42+00:00,000001.SS,Shanghai Composite,equity,CNY,carry,3889.445,3894.422,,,,,,,1
2026-09-20T10:48:42+00:00,^BVSP,Bovespa Brasile,equity,BRL,carry,172458.62,166335.0,,,,,,,1
2026-09-20T10:48:42+00:00,BTC-USD,Bitcoin,crypto,USD,coingecko,80313.07591379971,80873.582877,-0.693,6.248,3.419,23.208,34.99,2026-09-20,0
2026-09-20T10:48:42+00:00,ETH-USD,Ethereum,crypto,USD,coingecko,2573.1500358893218,2611.555557,-1.471,7.327,6.494,35.303,41.43,2026-09-20,0
2026-09-20T10:48:42+00:00,SOL-USD,Solana,crypto,USD,coingecko,108.0303158502475,112.702094,-4.145,11.517,6.242,38.948,58.35,2026-09-20,0
2026-09-20T10:48:42+00:00,GC=F,Oro (spot),commodity,USD,carry,4693.0,4516.3,,,,,,,1
2026-09-20T10:48:42+00:00,SI=F,Argento (spot),commodity,USD,carry,68.29,68.026,,,,,,,1
2026-09-20T10:48:42+00:00,CL=F,Petrolio WTI,commodity,PCT,fred,107.02,102.42,4.491,13.597,27.42,34.11,40.01,2026-09-15,1
2026-09-20T10:48:42+00:00,BZ=F,Petrolio Brent,commodity,PCT,fred,130.8,121.25,7.876,23.257,42.143,64.839,61.09,2026-09-15,1
2026-09-20T10:48:42+00:00,NG=F,Gas naturale,commodity,PCT,fred,2.97,2.85,4.211,2.414,6.452,-4.194,46.53,2026-09-15,1
2026-09-20T10:48:42+00:00,HG=F,Rame,commodity,USD,carry,6.668,6.46,,,,,,,1
2026-09-20T10:48:42+00:00,EURUSD=X,EUR/USD,fx,USD,ecb,1.146,1.1481,-0.183,-1.139,-1.892,1.058,3.38,2026-09-18,1
2026-09-20T10:48:42+00:00,GBPUSD=X,GBP/USD,fx,PCT,fred,1.3524,1.3532,-0.059,-0.089,0.096,0.82,3.53,2026-09-11,1
2026-09-20T10:48:42+00:00,JPY=X,USD/JPY,fx,PCT,fred,153.71,154.06,-0.227,-1.081,-3.467,-4.075,9.98,2026-09-11,1
2026-09-20T10:48:42+00:00,DX-Y.NYB,Indice dollaro DXY,fx,USD,carry,98.962,98.9,,,,,,,1
2026-09-20T10:48:42+00:00,DTWEXBGS,Indice dollaro Fed (broad),fx,PCT,fred,118.2126,118.0787,0.113,0.072,-0.76,-1.083,3.25,2026-09-11,1
2026-09-20T10:48:42+00:00,^FVX,US 5Y Treasury Yield,rate,PCT,fred,4.78,4.86,-1.646,0.632,9.382,13.002,16.85,2026-09-17,1
2026-09-20T10:48:42+00:00,^TNX,US 10Y Treasury Yield,rate,PCT,fred,4.94,5.01,-1.397,-0.202,4.883,10.762,13.87,2026-09-17,1
2026-09-20T10:48:42+00:00,^TYX,US 30Y Treasury Yield,rate,PCT,fred,5.29,5.35,-1.121,-1.49,0.189,7.959,10.82,2026-09-17,1
2026-09-20T15:36:47+00:00,^GSPC,S&P 500,equity,PCT,fred,7637.76,7551.81,1.138,0.607,-0.702,1.829,9.87,2026-09-17,1
2026-09-20T15:36:47+00:00,^DJI,Dow Jones,equity,PCT,fred,51682.64,51778.04,-0.184,-1.694,-3.33,-0.058,11.35,2026-09-18,1
2026-09-20T15:36:47+00:00,^IXIC,Nasdaq Composite,equity,PCT,fred,26522.55,26418.3,0.395,0.72,0.727,1.36,13.09,2026-09-18,1
2026-09-20T15:36:47+00:00,^RUT,Russell 2000,equity,USD,carry,3007.096,3017.89,,,,,,,1
2026-09-20T15:36:47+00:00,^VIX,VIX (volatilita),vol,PCT,fred,15.44,17.71,-12.818,-13.453,3.694,-20.78,100.4,2026-09-17,1
2026-09-20T15:36:47+00:00,FTSEMIB.MI,FTSE MIB,equity,EUR,carry,52732.33,53018.0,,,,,,,1
2026-09-20T15:36:47+00:00,^FTSE,FTSE 100 UK,equity,GBP,carry,10886.34,10728.0,,,,,,,1
2026-09-20T15:36:47+00:00,^GDAXI,DAX Germania,equity,EUR,carry,26293.18,26128.36,,,,,,,1
2026-09-20T15:36:47+00:00,^FCHI,CAC 40 Francia,equity,EUR,carry,8452.28,8501.91,,,,,,,1
2026-09-20T15:36:47+00:00,^STOXX50E,Euro Stoxx 50,equity,,carry,6461.45,6444.46,,,,,,,1
2026-09-20T15:36:47+00:00,^N225,Nikkei 225,equity,JPY,carry,65856.43,65326.42,,,,,,,1
2026-09-20T15:36:47+00:00,^HSI,Hang Seng,equity,HKD,carry,25511.1,25471.15,,,,,,,1
2026-09-20T15:36:47+00:00,000001.SS,Shanghai Composite,equity,CNY,carry,3889.445,3894.422,,,,,,,1
2026-09-20T15:36:47+00:00,^BVSP,Bovespa Brasile,equity,BRL,carry,172458.62,166335.0,,,,,,,1
2026-09-20T15:36:47+00:00,BTC-USD,Bitcoin,crypto,USD,coingecko,80694.29769903315,80873.582877,-0.222,6.752,3.91,23.793,34.8,2026-09-20,0
2026-09-20T15:36:47+00:00,ETH-USD,Ethereum,crypto,USD,coingecko,2596.831357851056,2611.555557,-0.564,8.314,7.474,36.548,40.84,2026-09-20,0
2026-09-20T15:36:47+00:00,SOL-USD,Solana,crypto,USD,coingecko,108.10276616033424,112.702094,-4.081,11.592,6.314,39.041,58.3,2026-09-20,0
2026-09-20T15:36:47+00:00,GC=F,Oro (spot),commodity,USD,carry,4693.0,4516.3,,,,,,,1
2026-09-20T15:36:47+00:00,SI=F,Argento (spot),commodity,USD,carry,68.29,68.026,,,,,,,1
2026-09-20T15:36:47+00:00,CL=F,Petrolio WTI,commodity,PCT,fred,107.02,102.42,4.491,13.597,27.42,34.11,40.01,2026-09-15,1
2026-09-20T15:36:47+00:00,BZ=F,Petrolio Brent,commodity,PCT,fred,130.8,121.25,7.876,23.257,42.143,64.839,61.09,2026-09-15,1
2026-09-20T15:36:47+00:00,NG=F,Gas naturale,commodity,PCT,fred,2.97,2.85,4.211,2.414,6.452,-4.194,46.53,2026-09-15,1
2026-09-20T15:36:47+00:00,HG=F,Rame,commodity,USD,carry,6.668,6.46,,,,,,,1
2026-09-20T15:36:47+00:00,EURUSD=X,EUR/USD,fx,USD,ecb,1.146,1.1481,-0.183,-1.139,-1.892,1.058,3.38,2026-09-18,1
2026-09-20T15:36:47+00:00,GBPUSD=X,GBP/USD,fx,PCT,fred,1.3524,1.3532,-0.059,-0.089,0.096,0.82,3.53,2026-09-11,1
2026-09-20T15:36:47+00:00,JPY=X,USD/JPY,fx,PCT,fred,153.71,154.06,-0.227,-1.081,-3.467,-4.075,9.98,2026-09-11,1
2026-09-20T15:36:47+00:00,DX-Y.NYB,Indice dollaro DXY,fx,USD,carry,98.962,98.9,,,,,,,1
2026-09-20T15:36:47+00:00,DTWEXBGS,Indice dollaro Fed (broad),fx,PCT,fred,118.2126,118.0787,0.113,0.072,-0.76,-1.083,3.25,2026-09-11,1
2026-09-20T15:36:47+00:00,^FVX,US 5Y Treasury Yield,rate,PCT,fred,4.78,4.86,-1.646,0.632,9.382,13.002,16.85,2026-09-17,1
2026-09-20T15:36:47+00:00,^TNX,US 10Y Treasury Yield,rate,PCT,fred,4.94,5.01,-1.397,-0.202,4.883,10.762,13.87,2026-09-17,1
2026-09-20T15:36:47+00:00,^TYX,US 30Y Treasury Yield,rate,PCT,fred,5.29,5.35,-1.121,-1.49,0.189,7.959,10.82,2026-09-17,1
2026-09-20T18:31:27+00:00,^GSPC,S&P 500,equity,PCT,fred,7637.76,7551.81,1.138,0.607,-0.702,1.829,9.87,2026-09-17,1
2026-09-20T18:31:27+00:00,^DJI,Dow Jones,equity,PCT,fred,51682.64,51778.04,-0.184,-1.694,-3.33,-0.058,11.35,2026-09-18,1
2026-09-20T18:31:27+00:00,^IXIC,Nasdaq Composite,equity,PCT,fred,26522.55,26418.3,0.395,0.72,0.727,1.36,13.09,2026-09-18,1
2026-09-20T18:31:27+00:00,^RUT,Russell 2000,equity,USD,carry,3007.096,3017.89,,,,,,,1
2026-09-20T18:31:27+00:00,^VIX,VIX (volatilita),vol,PCT,fred,15.44,17.71,-12.818,-13.453,3.694,-20.78,100.4,2026-09-17,1
2026-09-20T18:31:27+00:00,FTSEMIB.MI,FTSE MIB,equity,EUR,carry,52732.33,53018.0,,,,,,,1
2026-09-20T18:31:27+00:00,^FTSE,FTSE 100 UK,equity,GBP,carry,10886.34,10728.0,,,,,,,1
2026-09-20T18:31:27+00:00,^GDAXI,DAX Germania,equity,EUR,carry,26293.18,26128.36,,,,,,,1
2026-09-20T18:31:27+00:00,^FCHI,CAC 40 Francia,equity,EUR,carry,8452.28,8501.91,,,,,,,1
2026-09-20T18:31:27+00:00,^STOXX50E,Euro Stoxx 50,equity,,carry,6461.45,6444.46,,,,,,,1
2026-09-20T18:31:27+00:00,^N225,Nikkei 225,equity,JPY,carry,65856.43,65326.42,,,,,,,1
2026-09-20T18:31:27+00:00,^HSI,Hang Seng,equity,HKD,carry,25511.1,25471.15,,,,,,,1
2026-09-20T18:31:27+00:00,000001.SS,Shanghai Composite,equity,CNY,carry,3889.445,3894.422,,,,,,,1
2026-09-20T18:31:27+00:00,^BVSP,Bovespa Brasile,equity,BRL,carry,172458.62,166335.0,,,,,,,1
2026-09-20T18:31:27+00:00,BTC-USD,Bitcoin,crypto,USD,coingecko,81243.49860969803,80873.582877,0.457,7.479,4.617,24.635,34.67,2026-09-20,0
2026-09-20T18:31:27+00:00,ETH-USD,Ethereum,crypto,USD,coingecko,2636.5970500922726,2611.555557,0.959,9.973,9.12,38.639,40.39,2026-09-20,0
2026-09-20T18:31:27+00:00,SOL-USD,Solana,crypto,USD,coingecko,110.25173859027647,112.702094,-2.174,13.81,8.427,41.805,57.41,2026-09-20,0
2026-09-20T18:31:27+00:00,GC=F,Oro (spot),commodity,USD,carry,4693.0,4516.3,,,,,,,1
2026-09-20T18:31:27+00:00,SI=F,Argento (spot),commodity,USD,carry,68.29,68.026,,,,,,,1
2026-09-20T18:31:27+00:00,CL=F,Petrolio WTI,commodity,PCT,fred,107.02,102.42,4.491,13.597,27.42,34.11,40.01,2026-09-15,1
2026-09-20T18:31:27+00:00,BZ=F,Petrolio Brent,commodity,PCT,fred,130.8,121.25,7.876,23.257,42.143,64.839,61.09,2026-09-15,1
2026-09-20T18:31:27+00:00,NG=F,Gas naturale,commodity,PCT,fred,2.97,2.85,4.211,2.414,6.452,-4.194,46.53,2026-09-15,1
2026-09-20T18:31:27+00:00,HG=F,Rame,commodity,USD,carry,6.668,6.46,,,,,,,1
2026-09-20T18:31:27+00:00,EURUSD=X,EUR/USD,fx,USD,ecb,1.146,1.1481,-0.183,-1.139,-1.892,1.058,3.38,2026-09-18,1
2026-09-20T18:31:27+00:00,GBPUSD=X,GBP/USD,fx,PCT,fred,1.3524,1.3532,-0.059,-0.089,0.096,0.82,3.53,2026-09-11,1
2026-09-20T18:31:27+00:00,JPY=X,USD/JPY,fx,PCT,fred,153.71,154.06,-0.227,-1.081,-3.467,-4.075,9.98,2026-09-11,1
2026-09-20T18:31:27+00:00,DX-Y.NYB,Indice dollaro DXY,fx,USD,carry,98.962,98.9,,,,,,,1
2026-09-20T18:31:27+00:00,DTWEXBGS,Indice dollaro Fed (broad),fx,PCT,fred,118.2126,118.0787,0.113,0.072,-0.76,-1.083,3.25,2026-09-11,1
2026-09-20T18:31:27+00:00,^FVX,US 5Y Treasury Yield,rate,PCT,fred,4.78,4.86,-1.646,0.632,9.382,13.002,16.85,2026-09-17,1
2026-09-20T18:31:27+00:00,^TNX,US 10Y Treasury Yield,rate,PCT,fred,4.94,5.01,-1.397,-0.202,4.883,10.762,13.87,2026-09-17,1
2026-09-20T18:31:27+00:00,^TYX,US 30Y Treasury Yield,rate,PCT,fred,5.29,5.35,-1.121,-1.49,0.189,7.959,10.82,2026-09-17,1
2026-09-20T23:21:17+00:00,^GSPC,S&P 500,equity,PCT,fred,7637.76,7551.81,1.138,0.607,-0.702,1.829,9.87,2026-09-17,1
2026-09-20T23:21:17+00:00,^DJI,Dow Jones,equity,PCT,fred,51682.64,51778.04,-0.184,-1.694,-3.33,-0.058,11.35,2026-09-18,1
2026-09-20T23:21:17+00:00,^IXIC,Nasdaq Composite,equity,PCT,fred,26522.55,26418.3,0.395,0.72,0.727,1.36,13.09,2026-09-18,1
2026-09-20T23:21:17+00:00,^RUT,Russell 2000,equity,USD,carry,3007.096,3017.89,,,,,,,1
2026-09-20T23:21:17+00:00,^VIX,VIX (volatilita),vol,PCT,fred,15.44,17.71,-12.818,-13.453,3.694,-20.78,100.4,2026-09-17,1
2026-09-20T23:21:17+00:00,FTSEMIB.MI,FTSE MIB,equity,EUR,carry,52732.33,53018.0,,,,,,,1
2026-09-20T23:21:17+00:00,^FTSE,FTSE 100 UK,equity,GBP,carry,10886.34,10728.0,,,,,,,1
2026-09-20T23:21:17+00:00,^GDAXI,DAX Germania,equity,EUR,carry,26293.18,26128.36,,,,,,,1
2026-09-20T23:21:17+00:00,^FCHI,CAC 40 Francia,equity,EUR,carry,8452.28,8501.91,,,,,,,1
2026-09-20T23:21:17+00:00,^STOXX50E,Euro Stoxx 50,equity,,carry,6461.45,6444.46,,,,,,,1
2026-09-20T23:21:17+00:00,^N225,Nikkei 225,equity,JPY,carry,65856.43,65326.42,,,,,,,1
2026-09-20T23:21:17+00:00,^HSI,Hang Seng,equity,HKD,carry,25511.1,25471.15,,,,,,,1
2026-09-20T23:21:17+00:00,000001.SS,Shanghai Composite,equity,CNY,carry,3889.445,3894.422,,,,,,,1
2026-09-20T23:21:17+00:00,^BVSP,Bovespa Brasile,equity,BRL,carry,172458.62,166335.0,,,,,,,1
2026-09-20T23:21:17+00:00,BTC-USD,Bitcoin,crypto,USD,coingecko,81200.6591525953,80873.582877,0.404,7.422,4.562,24.57,34.67,2026-09-20,0
2026-09-20T23:21:17+00:00,ETH-USD,Ethereum,crypto,USD,coingecko,2638.0779415918955,2611.555557,1.016,10.035,9.181,38.717,40.39,2026-09-20,0
2026-09-20T23:21:17+00:00,SOL-USD,Solana,crypto,USD,coingecko,110.73263329914175,112.702094,-1.747,14.306,8.9,42.423,57.32,2026-09-20,0
2026-09-20T23:21:17+00:00,GC=F,Oro (spot),commodity,USD,carry,4693.0,4516.3,,,,,,,1
2026-09-20T23:21:17+00:00,SI=F,Argento (spot),commodity,USD,carry,68.29,68.026,,,,,,,1
2026-09-20T23:21:17+00:00,CL=F,Petrolio WTI,commodity,PCT,fred,107.02,102.42,4.491,13.597,27.42,34.11,40.01,2026-09-15,1
2026-09-20T23:21:17+00:00,BZ=F,Petrolio Brent,commodity,PCT,fred,130.8,121.25,7.876,23.257,42.143,64.839,61.09,2026-09-15,1
2026-09-20T23:21:17+00:00,NG=F,Gas naturale,commodity,PCT,fred,2.97,2.85,4.211,2.414,6.452,-4.194,46.53,2026-09-15,1
2026-09-20T23:21:17+00:00,HG=F,Rame,commodity,USD,carry,6.668,6.46,,,,,,,1
2026-09-20T23:21:17+00:00,EURUSD=X,EUR/USD,fx,USD,ecb,1.146,1.1481,-0.183,-1.139,-1.892,1.058,3.38,2026-09-18,1
2026-09-20T23:21:17+00:00,GBPUSD=X,GBP/USD,fx,PCT,fred,1.3524,1.3532,-0.059,-0.089,0.096,0.82,3.53,2026-09-11,1
2026-09-20T23:21:17+00:00,JPY=X,USD/JPY,fx,PCT,fred,153.71,154.06,-0.227,-1.081,-3.467,-4.075,9.98,2026-09-11,1
2026-09-20T23:21:17+00:00,DX-Y.NYB,Indice dollaro DXY,fx,USD,carry,98.962,98.9,,,,,,,1
2026-09-20T23:21:17+00:00,DTWEXBGS,Indice dollaro Fed (broad),fx,PCT,fred,118.2126,118.0787,0.113,0.072,-0.76,-1.083,3.25,2026-09-11,1
2026-09-20T23:21:17+00:00,^FVX,US 5Y Treasury Yield,rate,PCT,fred,4.78,4.86,-1.646,0.632,9.382,13.002,16.85,2026-09-17,1
2026-09-20T23:21:17+00:00,^TNX,US 10Y Treasury Yield,rate,PCT,fred,4.94,5.01,-1.397,-0.202,4.883,10.762,13.87,2026-09-17,1
2026-09-20T23:21:17+00:00,^TYX,US 30Y Treasury Yield,rate,PCT,fred,5.29,5.35,-1.121,-1.49,0.189,7.959,10.82,2026-09-17,1
